Store,Date,IsHoliday,Weekly_Sales,Type,Size,Temperature,Fuel_Price,MarkDown1,MarkDown2,MarkDown3,MarkDown4,MarkDown5,CPI,Unemployment,Lag_1,Lag_52,Rolling_Mean_4w,Year,Month,WeekOfYear,Type_encoded
1,2011-02-04,0,1606629.58,A,151315,42.27,2.989,,,,,,212.5668812,7.742,1316899.31,1643690.9,1370012.7425,2011,2,5,0
1,2011-02-11,1,1649614.93,A,151315,36.39,3.022,,,,,,212.9367046,7.742,1606629.58,1641957.44,1410487.0675,2011,2,6,0
1,2011-02-18,0,1686842.78,A,151315,57.36,3.045,,,,,,213.2478853,7.742,1649614.93,1611968.17,1475137.31,2011,2,7,0
1,2011-02-25,0,1456800.28,A,151315,62.9,3.065,,,,,,213.535609,7.742,1686842.78,1409727.59,1564996.65,2011,2,8,0
1,2011-03-04,0,1636263.41,A,151315,59.58,3.288,,,,,,213.8233327,7.742,1456800.28,1554806.68,1599971.8924999998,2011,3,9,0
1,2011-03-11,0,1553191.63,A,151315,53.56,3.459,,,,,,214.1110564,7.742,1636263.41,1439541.59,1607380.35,2011,3,10,0
1,2011-03-18,0,1576818.06,A,151315,62.76,3.488,,,,,,214.3627114,7.742,1553191.63,1472515.79,1583274.525,2011,3,11,0
1,2011-03-25,0,1541102.3800000001,A,151315,69.97,3.473,,,,,,214.5999389,7.742,1576818.06,1404429.92,1555768.3450000002,2011,3,12,0
1,2011-04-01,0,1495064.75,A,151315,59.17,3.524,,,,,,214.8371664,7.682,1541102.3800000001,1594968.28,1576843.87,2011,4,13,0
1,2011-04-08,0,1614259.35,A,151315,67.84,3.622,,,,,,215.0743939,7.682,1495064.75,1545418.53,1541544.205,2011,4,14,0
1,2011-04-15,0,1559889.0,A,151315,71.27,3.743,,,,,,215.2918561,7.682,1614259.35,1466058.28,1556811.135,2011,4,15,0
1,2011-04-22,0,1564819.81,A,151315,72.99,3.807,,,,,,215.4599053,7.682,1559889.0,1391256.12,1552578.87,2011,4,16,0
1,2011-04-29,0,1455090.69,A,151315,72.03,3.81,,,,,,215.6279544,7.682,1564819.81,1425100.71,1558508.2275,2011,4,17,0
1,2011-05-06,0,1629391.28,A,151315,64.61,3.906,,,,,,215.7960035,7.682,1455090.69,1603955.1199999999,1548514.7125,2011,5,18,0
1,2011-05-13,0,1604775.58,A,151315,75.64,3.899,,,,,,215.9640526,7.682,1629391.28,1494251.5,1552297.695,2011,5,19,0
1,2011-05-20,0,1428218.27,A,151315,67.63,3.907,,,,,,215.7339202,7.682,1604775.58,1399662.07,1563519.34,2011,5,20,0
1,2011-05-27,0,1466046.67,A,151315,77.72,3.786,,,,,,215.5037878,7.682,1428218.27,1432069.95,1529368.955,2011,5,21,0
1,2011-06-03,0,1635078.41,A,151315,83.0,3.699,,,,,,215.2736553,7.682,1466046.67,1615524.71,1532107.9500000002,2011,6,22,0
1,2011-06-10,0,1588948.32,A,151315,83.13,3.648,,,,,,215.0435229,7.682,1635078.41,1542561.09,1533529.7325,2011,6,23,0
1,2011-06-17,0,1532114.86,A,151315,86.41,3.637,,,,,,214.9980596,7.682,1588948.32,1503284.06,1529572.9175,2011,6,24,0
1,2011-06-24,0,1438830.15,A,151315,83.58,3.594,,,,,,215.0910982,7.682,1532114.86,1422711.6,1555547.0650000002,2011,6,25,0
1,2011-07-01,0,1488538.09,A,151315,85.55,3.524,,,,,,215.1841368,7.962,1438830.15,1492418.1400000001,1548742.9349999998,2011,7,26,0
1,2011-07-08,0,1534849.64,A,151315,85.83,3.48,,,,,,215.2771754,7.962,1488538.09,1546074.18,1512107.855,2011,7,27,0
1,2011-07-15,0,1455119.97,A,151315,88.54,3.575,,,,,,215.3611087,7.962,1534849.64,1448938.92,1498583.185,2011,7,28,0
1,2011-07-22,0,1396926.82,A,151315,85.77,3.651,,,,,,215.4222784,7.962,1455119.97,1385065.2,1479334.4625,2011,7,29,0
1,2011-07-29,0,1352219.79,A,151315,86.83,3.682,,,,,,215.4834482,7.962,1396926.82,1371986.6,1468858.6300000001,2011,7,30,0
1,2011-08-05,0,1624383.75,A,151315,91.65,3.684,,,,,,215.544618,7.962,1352219.79,1605491.78,1434779.055,2011,8,31,0
1,2011-08-12,0,1525147.09,A,151315,90.76,3.638,,,,,,215.6057878,7.962,1624383.75,1508237.76,1457162.5825,2011,8,32,0
1,2011-08-19,0,1530761.43,A,151315,89.94,3.554,,,,,,215.6693107,7.962,1525147.09,1513080.49,1474669.3625,2011,8,33,0
1,2011-08-26,0,1464693.46,A,151315,87.96,3.523,,,,,,215.7332258,7.962,1530761.43,1449142.92,1508128.015,2011,8,34,0
1,2011-09-02,0,1550229.22,A,151315,87.83,3.533,,,,,,215.7971409,7.962,1464693.46,1540163.53,1536246.4324999999,2011,9,35,0
1,2011-09-09,1,1540471.24,A,151315,76.0,3.546,,,,,,215.861056,7.962,1550229.22,1507460.69,1517707.7999999998,2011,9,36,0
1,2011-09-16,0,1514259.78,A,151315,79.94,3.526,,,,,,216.0410526,7.962,1540471.24,1430378.67,1521538.8375,2011,9,37,0
1,2011-09-23,0,1380020.27,A,151315,75.8,3.467,,,,,,216.3758246,7.962,1514259.78,1351791.03,1517413.425,2011,9,38,0
1,2011-09-30,0,1394561.83,A,151315,79.69,3.355,,,,,,216.7105965,7.962,1380020.27,1453329.5,1496245.1275,2011,9,39,0
1,2011-10-07,0,1630989.95,A,151315,69.31,3.285,,,,,,217.0453684,7.866,1394561.83,1508239.93,1457328.2799999998,2011,10,40,0
1,2011-10-14,0,1493525.93,A,151315,71.74,3.274,,,,,,217.3552733,7.866,1630989.95,1459409.1,1479957.9575,2011,10,41,0
1,2011-10-21,0,1502562.78,A,151315,63.71,3.353,,,,,,217.5159762,7.866,1493525.93,1345454.0,1474774.495,2011,10,42,0
1,2011-10-28,0,1445249.09,A,151315,66.57,3.372,,,,,,217.6766791,7.866,1502562.78,1384209.22,1505410.1225,2011,10,43,0
1,2011-11-04,0,1697229.58,A,151315,54.98,3.332,,,,,,217.837382,7.866,1445249.09,1551659.28,1518081.9375,2011,11,44,0
1,2011-11-11,0,1594938.8900000001,A,151315,59.11,3.297,10382.9,6115.67,215.07,2406.62,6551.42,217.9980849,7.866,1697229.58,1494479.49,1534641.8450000002,2011,11,45,0
1,2011-11-18,0,1539483.7,A,151315,62.25,3.308,6074.12,254.39,51.98,427.39,5988.57,218.2205088,7.866,1594938.8900000001,1483784.18,1559995.0850000002,2011,11,46,0
1,2011-11-25,1,2033320.66,A,151315,60.14,3.236,410.31,98.0,55805.51,8.0,554.92,218.4676211,7.866,1539483.7,1955624.11,1569225.3150000002,2011,11,47,0
1,2011-12-02,0,1584083.95,A,151315,48.91,3.172,5629.51,68.0,1398.11,2084.64,20475.32,218.7147333,7.866,2033320.66,1548033.78,1716243.2075,2011,12,48,0
1,2011-12-09,0,1799682.38,A,151315,43.93,3.158,4640.65,19.0,105.02,3639.42,14461.82,218.9618456,7.866,1584083.95,1682614.26,1687956.7999999998,2011,12,49,0
1,2011-12-16,0,1881176.67,A,151315,51.63,3.159,5011.32,67.0,347.37,225.79,4011.37,219.1794533,7.866,1799682.38,1891034.93,1739142.6724999999,2011,12,50,0
1,2011-12-23,0,2270188.99,A,151315,47.96,3.112,2725.36,40.48,634.7,24.9,2739.43,219.3577216,7.866,1881176.67,2387950.2,1824565.9149999998,2011,12,51,0
1,2011-12-30,1,1497462.72,A,151315,44.55,3.129,5762.1,46011.38,260.36,983.65,4735.78,219.5359898,7.866,2270188.99,1367320.01,1883782.9975,2011,12,52,0
1,2012-01-06,0,1550369.92,A,151315,49.01,3.157,6277.39,21813.16,143.1,1450.13,8483.0,219.7142581,7.348,1497462.72,1444732.28,1862127.69,2012,1,1,0
1,2012-01-13,0,1459601.17,A,151315,48.53,3.261,5183.29,8025.87,42.24,453.08,3719.38,219.8925263,7.348,1550369.92,1391013.96,1799799.575,2012,1,2,0
1,2012-01-20,0,1394393.84,A,151315,54.11,3.268,4139.87,2807.19,33.88,500.62,3400.21,219.9856893,7.348,1459601.17,1327405.42,1694405.7,2012,1,3,0
1,2012-01-27,0,1319325.59,A,151315,54.26,3.29,1164.46,1082.74,44.0,11.0,1222.19,220.0788523,7.348,1394393.84,1316899.31,1475456.9125,2012,1,4,0
1,2012-02-03,0,1636339.65,A,151315,56.55,3.36,34577.06,3579.21,160.53,32403.87,5630.4,220.1720153,7.348,1319325.59,1606629.58,1430922.6300000001,2012,2,5,0
1,2012-02-10,1,1802477.43,A,151315,48.02,3.409,13925.06,6927.23,101.64,8471.88,6886.04,220.2651783,7.348,1636339.65,1649614.93,1452415.0625,2012,2,6,0
1,2012-02-17,0,1819870.0,A,151315,45.32,3.51,9873.33,11062.27,9.8,8409.31,3402.66,220.4257586,7.348,1802477.43,1686842.78,1538134.1275,2012,2,7,0
1,2012-02-24,0,1539387.83,A,151315,57.25,3.555,9349.61,7556.01,3.2,1219.92,8143.59,220.636902,7.348,1819870.0,1456800.28,1644503.1675,2012,2,8,0
1,2012-03-02,0,1688420.76,A,151315,60.96,3.63,15441.4,1569.0,10.8,25390.88,8067.61,220.8480454,7.348,1539387.83,1636263.41,1699518.7275,2012,3,9,0
1,2012-03-09,0,1675431.16,A,151315,58.76,3.669,10331.04,151.88,6.0,671.43,5509.84,221.0591887,7.348,1688420.76,1553191.63,1712539.0050000001,2012,3,10,0
1,2012-03-16,0,1677472.78,A,151315,64.74,3.734,4298.16,7.5,2.02,2724.65,2017.69,221.2118132,7.348,1675431.16,1576818.06,1680777.4375,2012,3,11,0
1,2012-03-23,0,1511068.07,A,151315,65.93,3.787,6118.56,9.48,4.97,426.72,3657.22,221.2864126,7.348,1677472.78,1541102.3800000001,1645178.1324999998,2012,3,12,0
1,2012-03-30,0,1649604.63,A,151315,67.61,3.845,10309.58,0.5,10.25,1654.17,2642.78,221.3610119,7.348,1511068.07,1495064.75,1638098.1925,2012,3,13,0
1,2012-04-06,0,1899676.8800000001,A,151315,70.43,3.891,10121.97,,77.98,3750.59,4510.72,221.4356112,7.143,1649604.63,1614259.35,1628394.16,2012,4,14,0
1,2012-04-13,0,1621031.7,A,151315,69.07,3.891,6186.19,3288.69,17.07,1822.55,1063.78,221.5102105,7.143,1899676.8800000001,1559889.0,1684455.59,2012,4,15,0
1,2012-04-20,0,1521577.8699999999,A,151315,66.76,3.877,2230.8,612.02,19.75,275.13,5747.1,221.5640737,7.143,1621031.7,1564819.81,1670345.32,2012,4,16,0
1,2012-04-27,0,1468928.3699999999,A,151315,67.23,3.814,3221.25,,35.49,577.14,6222.25,221.6179368,7.143,1521577.8699999999,1455090.69,1672972.77,2012,4,17,0
2,2011-02-04,0,1929346.23,A,202307,38.25,2.989,,,,,,212.2240646,8.028,1695371.68,2136989.46,1737250.2375,2011,2,5,0
2,2011-02-11,1,2168041.61,A,202307,33.19,3.022,,,,,,212.5928624,8.028,1929346.23,2137809.5,1780074.0975000001,2011,2,6,0
2,2011-02-18,0,2080884.82,A,202307,57.83,3.045,,,,,,212.9033115,8.028,2168041.61,2124451.54,1886036.105,2011,2,7,0
2,2011-02-25,0,1833511.08,A,202307,60.8,3.065,,,,,,213.190421,8.028,2080884.82,1865097.27,1968411.085,2011,2,8,0
2,2011-03-04,0,1981607.78,A,202307,57.77,3.288,,,,,,213.4775305,8.028,1833511.08,1991013.13,2002945.935,2011,3,9,0
2,2011-03-11,0,1879107.31,A,202307,52.7,3.459,,,,,,213.7646401,8.028,1981607.78,1990483.78,2016011.3224999998,2011,3,10,0
2,2011-03-18,0,1902557.66,A,202307,62.32,3.488,,,,,,214.0156238,8.028,1879107.31,1946070.8800000001,1943777.7475,2011,3,11,0
2,2011-03-25,0,1766162.05,A,202307,69.42,3.473,,,,,,214.2521573,8.028,1902557.66,1750197.81,1899195.9575,2011,3,12,0
2,2011-04-01,0,1800171.3599999999,A,202307,55.43,3.524,,,,,,214.4886908,7.931,1766162.05,2066187.72,1882358.7,2011,4,13,0
2,2011-04-08,0,1847552.61,A,202307,67.0,3.622,,,,,,214.7252242,7.931,1800171.3599999999,1954689.21,1836999.5949999997,2011,4,14,0
2,2011-04-15,0,1856467.84,A,202307,69.48,3.743,,,,,,214.9420631,7.931,1847552.61,1874957.94,1829110.92,2011,4,15,0
2,2011-04-22,0,1886339.6,A,202307,69.39,3.807,,,,,,215.1096657,7.931,1856467.84,1821990.93,1817588.4649999999,2011,4,16,0
2,2011-04-29,0,1745545.28,A,202307,69.21,3.81,,,,,,215.2772683,7.931,1886339.6,1802450.29,1847632.8525,2011,4,17,0
2,2011-05-06,0,1837743.6,A,202307,61.48,3.906,,,,,,215.4448709,7.931,1745545.28,2042581.71,1833976.3325000003,2011,5,18,0
2,2011-05-13,0,1838513.07,A,202307,74.61,3.899,,,,,,215.6124735,7.931,1837743.6,1880752.36,1831524.08,2011,5,19,0
2,2011-05-20,0,1688281.8599999999,A,202307,67.14,3.907,,,,,,215.3834778,7.931,1838513.07,1896937.1,1827035.3875000002,2011,5,20,0
2,2011-05-27,0,1797732.56,A,202307,76.42,3.786,,,,,,215.1544822,7.931,1688281.8599999999,1957113.89,1777520.9525000001,2011,5,21,0
2,2011-06-03,0,1933756.21,A,202307,83.07,3.699,,,,,,214.9254865,7.931,1797732.56,2102539.93,1790567.7725,2011,6,22,0
2,2011-06-10,0,1929153.1600000001,A,202307,83.4,3.648,,,,,,214.6964908,7.931,1933756.21,2025538.76,1814570.925,2011,6,23,0
2,2011-06-17,0,1953771.99,A,202307,86.53,3.637,,,,,,214.6513538,7.931,1929153.1600000001,2001636.96,1837230.9475,2011,6,24,0
2,2011-06-24,0,1790925.8,A,202307,85.17,3.594,,,,,,214.7441108,7.931,1953771.99,1939927.09,1903603.48,2011,6,25,0
2,2011-07-01,0,1866243.0,A,202307,85.69,3.524,,,,,,214.8368678,7.852,1790925.8,2003940.64,1901901.79,2011,7,26,0
2,2011-07-08,0,1853161.99,A,202307,87.7,3.48,,,,,,214.9296249,7.852,1866243.0,1880902.6199999999,1885023.4875,2011,7,27,0
2,2011-07-15,0,1785187.29,A,202307,89.83,3.575,,,,,,215.0134426,7.852,1853161.99,1845879.79,1866025.695,2011,7,28,0
2,2011-07-22,0,1743816.41,A,202307,89.34,3.651,,,,,,215.0749122,7.852,1785187.29,1781717.71,1823879.52,2011,7,29,0
2,2011-07-29,0,1680693.06,A,202307,90.07,3.682,,,,,,215.1363819,7.852,1743816.41,1804246.16,1812102.1724999999,2011,7,30,0
2,2011-08-05,0,1876704.26,A,202307,93.34,3.684,,,,,,215.1978515,7.852,1680693.06,1991909.98,1765714.6875,2011,8,31,0
2,2011-08-12,0,1812768.26,A,202307,91.58,3.638,,,,,,215.2593211,7.852,1876704.26,1895601.05,1771600.255,2011,8,32,0
2,2011-08-19,0,1844094.59,A,202307,89.86,3.554,,,,,,215.3229307,7.852,1812768.26,1964335.23,1778495.4975,2011,8,33,0
2,2011-08-26,0,1821139.91,A,202307,90.45,3.523,,,,,,215.386897,7.852,1844094.59,1863840.49,1803565.0425,2011,8,34,0
2,2011-09-02,0,1809119.7,A,202307,89.64,3.533,,,,,,215.4508632,7.852,1821139.91,1904608.09,1838676.755,2011,9,35,0
2,2011-09-09,1,1748000.65,A,202307,77.97,3.546,,,,,,215.5148295,7.852,1809119.7,1839128.83,1821780.615,2011,9,36,0
2,2011-09-16,0,1691439.52,A,202307,78.85,3.526,,,,,,215.6944378,7.852,1748000.65,1793903.5999999999,1805588.7125,2011,9,37,0
2,2011-09-23,0,1669299.78,A,202307,75.58,3.467,,,,,,216.0282356,7.852,1691439.52,1724557.22,1767424.9449999998,2011,9,38,0
2,2011-09-30,0,1650394.44,A,202307,78.14,3.355,,,,,,216.3620333,7.852,1669299.78,1827440.43,1729464.9124999999,2011,9,39,0
2,2011-10-07,0,1837553.43,A,202307,69.92,3.285,,,,,,216.6958311,7.441,1650394.44,1849921.44,1689783.5975000001,2011,10,40,0
2,2011-10-14,0,1743882.19,A,202307,71.67,3.274,,,,,,217.0048261,7.441,1837553.43,1794355.49,1712171.7925,2011,10,41,0
2,2011-10-21,0,1834680.25,A,202307,64.53,3.353,,,,,,217.1650042,7.441,1743882.19,1737947.64,1725282.46,2011,10,42,0
2,2011-10-28,0,1769296.25,A,202307,65.87,3.372,,,,,,217.3251824,7.441,1834680.25,1802755.11,1766627.5775,2011,10,43,0
2,2011-11-04,0,1959707.9,A,202307,55.53,3.332,,,,,,217.4853605,7.441,1769296.25,1939061.41,1796353.0299999998,2011,11,44,0
2,2011-11-11,0,1920725.15,A,202307,59.33,3.297,10797.64,20445.0,443.32,4754.07,4787.16,217.6455387,7.441,1959707.9,1916812.74,1826891.6475,2011,11,45,0
2,2011-11-18,0,1902762.5,A,202307,62.01,3.308,6490.92,1217.76,152.12,873.82,7656.42,217.8670218,7.441,1920725.15,1956739.17,1871102.3875,2011,11,46,0
2,2011-11-25,1,2614202.3,A,202307,56.36,3.236,919.71,62.0,77451.26,23.0,1589.43,218.1130269,7.441,1902762.5,2658725.29,1888122.95,2011,11,47,0
2,2011-12-02,0,1954952.0,A,202307,48.74,3.172,8010.99,83.47,1897.27,4444.0,28238.93,218.3590319,7.441,2614202.3,2015781.27,2099349.4625,2011,12,48,0
2,2011-12-09,0,2290549.32,A,202307,41.76,3.158,11472.59,40.0,306.43,4160.55,8899.08,218.605037,7.441,1954952.0,2378726.55,2098160.4875,2011,12,49,0
2,2011-12-16,0,2432736.52,A,202307,50.13,3.159,4908.83,61.03,341.49,469.8,4744.27,218.8217928,7.441,2290549.32,2609166.75,2190616.53,2011,12,50,0
2,2011-12-23,0,3224369.8,A,202307,46.66,3.112,2971.04,15.18,1501.75,88.76,6437.61,218.9995495,7.441,2432736.52,3436007.68,2323110.035,2011,12,51,0
2,2011-12-30,1,1874226.52,A,202307,44.57,3.129,8321.44,92523.94,139.53,1515.4,3027.69,219.1773063,7.441,3224369.8,1750434.55,2475651.91,2011,12,52,0
2,2012-01-06,0,1799520.1400000001,A,202307,46.75,3.157,5886.72,37454.29,121.16,2388.92,7103.97,219.355063,7.057,1874226.52,1758050.79,2455470.54,2012,1,1,0
2,2012-01-13,0,1744725.48,A,202307,45.99,3.261,4414.72,12092.63,98.38,708.18,4245.6,219.5328198,7.057,1799520.1400000001,1744193.58,2332713.245,2012,1,2,0
2,2012-01-20,0,1711769.11,A,202307,51.7,3.268,6552.26,4355.69,105.97,1703.1,3376.03,219.6258417,7.057,1744725.48,1751384.9,2160710.485,2012,1,3,0
2,2012-01-27,0,1660906.1400000001,A,202307,50.5,3.29,1920.15,1507.56,86.09,43.4,2613.53,219.7188636,7.057,1711769.11,1695371.68,1782560.3125,2012,1,4,0
2,2012-02-03,0,1935299.94,A,202307,55.21,3.36,75149.79,3818.85,221.4,48159.86,7423.61,219.8118854,7.057,1660906.1400000001,1929346.23,1729230.2175000003,2012,2,5,0
2,2012-02-10,1,2103322.68,A,202307,46.98,3.409,13510.89,6674.42,94.07,14114.9,9577.83,219.9049073,7.057,1935299.94,2168041.61,1763175.1675,2012,2,6,0
2,2012-02-17,0,2196688.46,A,202307,43.82,3.51,13942.54,14273.24,15.76,4927.14,6650.08,220.0651993,7.057,2103322.68,2080884.82,1852824.4675,2012,2,7,0
2,2012-02-24,0,1861802.7,A,202307,54.63,3.555,13048.36,12059.1,10.2,5299.73,10380.03,220.275944,7.057,2196688.46,1833511.08,1974054.3050000002,2012,2,8,0
2,2012-03-02,0,1952555.66,A,202307,58.79,3.63,23901.27,2144.7,9.0,9799.63,4929.53,220.4866886,7.057,1861802.7,1981607.78,2024278.445,2012,3,9,0
2,2012-03-09,0,1937628.26,A,202307,57.11,3.669,11784.91,368.32,3.0,2498.17,7746.0,220.6974332,7.057,1952555.66,1879107.31,2028592.375,2012,3,10,0
2,2012-03-16,0,1976082.13,A,202307,63.68,3.734,5965.99,230.42,3.0,2650.77,2073.81,220.8498468,7.057,1937628.26,1902557.66,1987168.77,2012,3,11,0
2,2012-03-23,0,1790439.16,A,202307,64.01,3.787,6008.98,139.93,6.63,1650.49,5263.08,220.9244858,7.057,1976082.13,1766162.05,1932017.1875,2012,3,12,0
2,2012-03-30,0,1857480.84,A,202307,66.83,3.845,14369.3,164.77,17.0,1017.31,3470.49,220.9991248,7.057,1790439.16,1800171.3599999999,1914176.3024999998,2012,3,13,0
2,2012-04-06,0,2129035.91,A,202307,68.43,3.891,12132.59,1.3,32.58,4874.69,5535.13,221.0737638,6.891,1857480.84,1847552.61,1890407.5975,2012,4,14,0
2,2012-04-13,0,1935869.1,A,202307,68.08,3.891,8994.04,6573.08,20.21,4162.2,1966.38,221.1484028,6.891,2129035.91,1856467.84,1938259.51,2012,4,15,0
2,2012-04-20,0,1847344.45,A,202307,65.69,3.877,7311.02,2236.2,33.53,878.07,4080.32,221.2021074,6.891,1935869.1,1886339.6,1928206.2525,2012,4,16,0
2,2012-04-27,0,1764133.09,A,202307,67.2,3.814,3076.68,,38.32,108.71,2708.9,221.255812,6.891,1847344.45,1745545.28,1942432.575,2012,4,17,0
3,2011-02-04,0,438516.53,B,37392,45.95,2.989,,,,,,215.8863367,7.551,364866.24000000005,461622.22,368761.34500000003,2011,2,5,1
3,2011-02-11,1,430526.21,B,37392,43.57,3.022,,,,,,216.2660913,7.551,438516.53,420728.96,383830.1425,2011,2,6,1
3,2011-02-18,0,432782.1,B,37392,61.58,3.045,,,,,,216.5843571,7.551,430526.21,421642.19,396196.42000000004,2011,2,7,1
3,2011-02-25,0,397211.19,B,37392,67.4,3.065,,,,,,216.8780275,7.551,432782.1,407204.86,416672.77,2011,2,8,1
3,2011-03-04,0,437084.51,B,37392,65.11,3.288,,,,,,217.1716979,7.551,397211.19,415202.04000000004,424759.0075,2011,3,9,1
3,2011-03-11,0,404753.3,B,37392,61.29,3.459,,,,,,217.4653683,7.551,437084.51,384200.69,424401.0025,2011,3,10,1
3,2011-03-18,0,392109.51,B,37392,69.47,3.488,,,,,,217.7235226,7.551,404753.3,375328.58999999997,417957.775,2011,3,11,1
3,2011-03-25,0,380683.67,B,37392,72.94,3.473,,,,,,217.9674705,7.551,392109.51,359949.27,407789.62749999994,2011,3,12,1
3,2011-04-01,0,374556.07999999996,B,37392,68.76,3.524,,,,,,218.2114184,7.574,380683.67,423294.4,403657.7475,2011,4,13,1
3,2011-04-08,0,384075.31,B,37392,72.55,3.622,,,,,,218.4553663,7.574,374556.07999999996,415870.28,388025.63999999996,2011,4,14,1
3,2011-04-15,0,366250.69,B,37392,75.88,3.743,,,,,,218.6788642,7.574,384075.31,354993.26,382856.14249999996,2011,4,15,1
3,2011-04-22,0,391860.04,B,37392,76.91,3.807,,,,,,218.851237,7.574,366250.69,339976.65,376391.4375,2011,4,16,1
3,2011-04-29,0,367405.4,B,37392,78.69,3.81,,,,,,219.0236099,7.574,391860.04,361248.39,379185.52999999997,2011,4,17,1
3,2011-05-06,0,413042.12,B,37392,69.45,3.906,,,,,,219.1959827,7.574,367405.4,399323.86,377397.86,2011,5,18,1
3,2011-05-13,0,386312.68,B,37392,79.87,3.899,,,,,,219.3683556,7.574,413042.12,384357.94,384639.5625,2011,5,19,1
3,2011-05-20,0,364603.13,B,37392,75.79,3.907,,,,,,219.127216,7.574,386312.68,343763.17,389655.06,2011,5,20,1
3,2011-05-27,0,369350.6,B,37392,84.41,3.786,,,,,,218.8860765,7.574,364603.13,350089.23,382840.8325,2011,5,21,1
3,2011-06-03,0,394507.84,B,37392,84.29,3.699,,,,,,218.6449369,7.574,369350.6,396968.8,383327.1325,2011,6,22,1
3,2011-06-10,0,391638.75,B,37392,84.84,3.648,,,,,,218.4037974,7.574,394507.84,355017.09,378693.5625,2011,6,23,1
3,2011-06-17,0,403423.34,B,37392,86.96,3.637,,,,,,218.3551748,7.574,391638.75,364076.85,380025.08,2011,6,24,1
3,2011-06-24,0,385520.71,B,37392,84.94,3.594,,,,,,218.45094,7.574,403423.34,357346.48,389730.1325,2011,6,25,1
3,2011-07-01,0,368962.72000000003,B,37392,85.1,3.524,,,,,,218.5467052,7.567,385520.71,381151.72000000003,393772.66000000003,2011,7,26,1
3,2011-07-08,0,395146.24,B,37392,85.38,3.48,,,,,,218.6424704,7.567,368962.72000000003,349214.18,387386.38,2011,7,27,1
3,2011-07-15,0,373454.33,B,37392,87.14,3.575,,,,,,218.7275216,7.567,395146.24,352728.78,388263.2525,2011,7,28,1
3,2011-07-22,0,360617.37,B,37392,86.19,3.651,,,,,,218.7857881,7.567,373454.33,352864.49,380771.0,2011,7,29,1
3,2011-07-29,0,345381.29,B,37392,88.07,3.682,,,,,,218.8440545,7.567,360617.37,347955.05,374545.16500000004,2011,7,30,1
3,2011-08-05,0,409981.25,B,37392,88.45,3.684,,,,,,218.9023209,7.567,345381.29,402635.76,368649.8075,2011,8,31,1
3,2011-08-12,0,380376.85,B,37392,88.88,3.638,,,,,,218.9605873,7.567,409981.25,339597.38,372358.56,2011,8,32,1
3,2011-08-19,0,379716.91000000003,B,37392,88.44,3.554,,,,,,219.023271,7.567,380376.85,351728.21,374089.19,2011,8,33,1
3,2011-08-26,0,366367.55,B,37392,87.67,3.523,,,,,,219.0866908,7.567,379716.91000000003,362134.08999999997,378864.075,2011,8,34,1
3,2011-09-02,0,375988.69,B,37392,89.12,3.533,,,,,,219.1501106,7.567,366367.55,366473.97000000003,384110.64,2011,9,35,1
3,2011-09-09,1,377347.49,B,37392,81.72,3.546,,,,,,219.2135305,7.567,375988.69,352260.97,375612.5,2011,9,36,1
3,2011-09-16,0,375629.51,B,37392,83.63,3.526,,,,,,219.3972867,7.567,377347.49,363064.64,374855.16,2011,9,37,1
3,2011-09-23,0,365248.94,B,37392,80.19,3.467,,,,,,219.7414914,7.567,375629.51,355626.87,373833.31,2011,9,38,1
3,2011-09-30,0,368477.93,B,37392,82.58,3.355,,,,,,220.085696,7.567,365248.94,358784.1,373553.6575,2011,9,39,1
3,2011-10-07,0,403342.4,B,37392,75.54,3.285,,,,,,220.4299007,7.197,368477.93,395107.35000000003,371675.9675,2011,10,40,1
3,2011-10-14,0,368282.57,B,37392,73.75,3.274,,,,,,220.7486167,7.197,403342.4,345584.39,378174.695,2011,10,41,1
3,2011-10-21,0,394976.36,B,37392,69.03,3.353,,,,,,220.9144005,7.197,368282.57,348895.98,376337.96,2011,10,42,1
3,2011-10-28,0,389540.62,B,37392,71.04,3.372,,,,,,221.0801842,7.197,394976.36,348591.74,383769.81499999994,2011,10,43,1
3,2011-11-04,0,459443.22,B,37392,59.31,3.332,,,,,,221.245968,7.197,389540.62,423175.56,389035.4875,2011,11,44,1
3,2011-11-11,0,407764.25,B,37392,61.7,3.297,8787.59,2006.62,200.01,570.57,1005.33,221.4117517,7.197,459443.22,386635.03,403060.6925,2011,11,45,1
3,2011-11-18,0,398838.97,B,37392,63.91,3.308,1383.53,23.27,19.95,865.09,2926.05,221.6432852,7.197,407764.25,372545.32,412931.1125,2011,11,46,1
3,2011-11-25,1,556925.1900000001,B,37392,68.0,3.236,41.74,10.47,37612.74,,135.16,221.9011185,7.197,398838.97,565567.84,413896.76499999996,2011,11,47,1
3,2011-12-02,0,472511.32,B,37392,54.97,3.172,850.86,18.94,781.71,394.29,7297.1,222.1589519,7.197,556925.1900000001,476420.77,455742.9075,2011,12,48,1
3,2011-12-09,0,468772.8,B,37392,49.26,3.158,4059.38,6.47,123.42,833.44,3018.08,222.4167852,7.197,472511.32,467642.02999999997,459009.9325,2011,12,49,1
3,2011-12-16,0,510747.62,B,37392,57.95,3.159,1864.61,,170.36,187.42,1500.38,222.6426418,7.197,468772.8,498159.39,474262.07,2011,12,50,1
3,2011-12-23,0,551221.21,B,37392,53.41,3.112,89.98,0.24,411.52,,586.66,222.8258628,7.197,510747.62,605990.41,502239.23250000004,2011,12,51,1
3,2011-12-30,1,410553.88,B,37392,48.29,3.129,1449.16,14356.07,66.66,81.43,777.35,223.0090839,7.197,551221.21,382677.76,500813.23750000005,2011,12,52,1
3,2012-01-06,0,398178.21,B,37392,52.42,3.157,3824.22,9389.98,15.0,415.36,1476.85,223.1923049,6.833,410553.88,378241.33999999997,485323.8775,2012,1,1,1
3,2012-01-13,0,367438.62,B,37392,51.86,3.261,3927.76,3323.64,,226.97,1725.19,223.3755259,6.833,398178.21,381061.10000000003,467675.23,2012,1,2,1
3,2012-01-20,0,365818.61,B,37392,56.2,3.268,720.82,1629.26,1.46,16.05,799.5,223.4700552,6.833,367438.62,350876.7,431847.98,2012,1,3,1
3,2012-01-27,0,349518.1,B,37392,58.06,3.29,774.55,349.99,,4.0,328.72,223.5645845,6.833,365818.61,364866.24000000005,385497.32999999996,2012,1,4,1
3,2012-02-03,0,424960.66000000003,B,37392,59.33,3.36,9667.5,268.29,0.6,8368.15,804.24,223.6591137,6.833,349518.1,438516.53,370238.385,2012,2,5,1
3,2012-02-10,1,473292.47000000003,B,37392,51.65,3.409,8687.47,1594.87,2.2,2144.87,2577.83,223.753643,6.833,424960.66000000003,430526.21,376933.9975,2012,2,6,1
3,2012-02-17,0,475591.08,B,37392,52.39,3.51,2706.87,3128.74,1.88,2396.68,1631.28,223.9170153,6.833,473292.47000000003,432782.1,403397.45999999996,2012,2,7,1
3,2012-02-24,0,418925.47,B,37392,60.12,3.555,6129.28,1802.84,,301.48,1929.71,224.1320199,6.833,475591.08,397211.19,430840.5775,2012,2,8,1
3,2012-03-02,0,469752.56,B,37392,61.65,3.63,3552.58,601.32,,2666.22,1524.87,224.3470245,6.833,418925.47,437084.51,448192.42,2012,3,9,1
3,2012-03-09,0,445162.05,B,37392,60.71,3.669,8368.5,298.46,1.39,1340.29,1416.22,224.5620291,6.833,469752.56,404753.3,459390.395,2012,3,10,1
3,2012-03-16,0,411775.8,B,37392,64.0,3.734,2588.06,80.89,3.2,909.76,491.83,224.7166953,6.833,445162.05,392109.51,452357.79,2012,3,11,1
3,2012-03-23,0,413907.25,B,37392,66.53,3.787,737.08,36.1,1.43,92.11,583.9,224.7909104,6.833,411775.8,380683.67,436403.97,2012,3,12,1
3,2012-03-30,0,407488.83999999997,B,37392,69.36,3.845,825.1,99.83,1.25,113.25,388.39,224.8651254,6.833,413907.25,374556.07999999996,435149.41500000004,2012,3,13,1
3,2012-04-06,0,503232.13,B,37392,73.01,3.891,4433.71,,24.45,1282.3,1062.83,224.9393405,6.664,407488.83999999997,384075.31,419583.485,2012,4,14,1
3,2012-04-13,0,420789.74,B,37392,72.83,3.891,5359.22,1673.42,3.0,682.03,1371.55,225.0135556,6.664,503232.13,366250.69,434101.005,2012,4,15,1
3,2012-04-20,0,434822.13,B,37392,72.05,3.877,2784.82,130.68,1.75,425.29,904.8,225.0689541,6.664,420789.74,391860.04,436354.49,2012,4,16,1
3,2012-04-27,0,394616.11,B,37392,73.39,3.814,1178.7,,2.95,36.5,351.97,225.1243526,6.664,434822.13,367405.4,441583.21,2012,4,17,1
4,2011-02-04,0,2119086.04,A,205863,34.61,2.996,,,,,,127.7195806,6.51,1814240.85,2135143.87,1857153.3800000001,2011,2,5,0
4,2011-02-11,1,2187847.29,A,205863,33.29,3.033,,,,,,127.859129,6.51,2119086.04,2188307.39,1921305.8225,2011,2,6,0
4,2011-02-18,0,2316495.56,A,205863,48.17,3.058,,,,,,127.99525,6.51,2187847.29,2049860.26,2001892.03,2011,2,7,0
4,2011-02-25,0,2078094.69,A,205863,49.0,3.087,,,,,,128.13,6.51,2316495.56,1925728.84,2109417.435,2011,2,8,0
4,2011-03-04,0,2103455.75,A,205863,46.56,3.305,,,,,,128.26475,6.51,2078094.69,1971057.44,2175380.895,2011,3,9,0
4,2011-03-11,0,2039818.41,A,205863,50.93,3.461,,,,,,128.3995,6.51,2103455.75,1894324.09,2171473.3225,2011,3,10,0
4,2011-03-18,0,2116475.38,A,205863,51.86,3.495,,,,,,128.5121935,6.51,2039818.41,1897429.36,2134466.1025,2011,3,11,0
4,2011-03-25,0,1944164.32,A,205863,59.1,3.48,,,,,,128.6160645,6.51,2116475.38,1762539.3,2084461.0574999999,2011,3,12,0
4,2011-04-01,0,1900246.47,A,205863,56.99,3.521,,,,,,128.7199355,5.946,1944164.32,1979247.1199999999,2050978.465,2011,4,13,0
4,2011-04-08,0,2074953.46,A,205863,62.61,3.605,,,,,,128.8238065,5.946,1900246.47,1818452.72,2000176.145,2011,4,14,0
4,2011-04-15,0,1960587.76,A,205863,62.34,3.724,,,,,,128.9107333,5.946,2074953.46,1851519.69,2008959.9075,2011,4,15,0
4,2011-04-22,0,2220600.7600000002,A,205863,68.8,3.781,,,,,,128.9553,5.946,1960587.76,1802677.9,1969988.0025,2011,4,16,0
4,2011-04-29,0,1878167.44,A,205863,64.22,3.781,,,,,,128.9998667,5.946,2220600.7600000002,1817273.28,2039097.1125,2011,4,17,0
4,2011-05-06,0,2063682.76,A,205863,63.41,3.866,,,,,,129.0444333,5.946,1878167.44,2000626.14,2033577.355,2011,5,18,0
4,2011-05-13,0,2002362.37,A,205863,70.65,3.872,,,,,,129.089,5.946,2063682.76,1875597.28,2030759.6800000002,2011,5,19,0
4,2011-05-20,0,2015563.48,A,205863,70.49,3.881,,,,,,129.0756774,5.946,2002362.37,1903752.6,2041203.3325000003,2011,5,20,0
4,2011-05-27,0,1986597.95,A,205863,73.65,3.771,,,,,,129.0623548,5.946,2015563.48,1857533.7,1989944.0125,2011,5,21,0
4,2011-06-03,0,2065377.1500000001,A,205863,78.26,3.683,,,,,,129.0490323,5.946,1986597.95,1903290.58,2017051.64,2011,6,22,0
4,2011-06-10,0,2073951.38,A,205863,80.05,3.64,,,,,,129.0357097,5.946,2065377.1500000001,1870619.23,2017475.2375,2011,6,23,0
4,2011-06-17,0,2141210.62,A,205863,83.51,3.618,,,,,,129.0432,5.946,2073951.38,1929736.35,2035372.49,2011,6,24,0
4,2011-06-24,0,2008344.92,A,205863,81.85,3.57,,,,,,129.0663,5.946,2141210.62,1846651.95,2066784.2750000001,2011,6,25,0
4,2011-07-01,0,2051533.53,A,205863,84.54,3.504,,,,,,129.0894,5.644,2008344.92,1881337.21,2072221.0175,2011,7,26,0
4,2011-07-08,0,2066541.8599999999,A,205863,84.59,3.469,,,,,,129.1125,5.644,2051533.53,1812208.22,2068760.1125,2011,7,27,0
4,2011-07-15,0,2049046.95,A,205863,83.27,3.563,,,,,,129.1338387,5.644,2066541.8599999999,1898427.66,2066907.7325,2011,7,28,0
4,2011-07-22,0,2036231.39,A,205863,82.84,3.627,,,,,,129.1507742,5.644,2049046.95,1848426.78,2043866.815,2011,7,29,0
4,2011-07-29,0,1989674.07,A,205863,84.36,3.659,,,,,,129.1677097,5.644,2036231.39,1796637.6099999999,2050838.4324999999,2011,7,30,0
4,2011-08-05,0,2160057.39,A,205863,86.09,3.662,,,,,,129.1846452,5.644,1989674.07,1907638.58,2035373.5675,2011,8,31,0
4,2011-08-12,0,2105668.7399999998,A,205863,82.98,3.617,,,,,,129.2015806,5.644,2160057.39,2007050.75,2058752.4500000002,2011,8,32,0
4,2011-08-19,0,2232892.1,A,205863,82.77,3.55,,,,,,129.2405806,5.644,2105668.7399999998,1997181.09,2072907.8975,2011,8,33,0
4,2011-08-26,0,1988490.21,A,205863,81.47,3.523,,,,,,129.2832581,5.644,2232892.1,1848403.92,2122073.075,2011,8,34,0
4,2011-09-02,0,2078420.31,A,205863,77.99,3.533,,,,,,129.3259355,5.644,1988490.21,1935857.58,2121777.11,2011,9,35,0
4,2011-09-09,1,2093139.01,A,205863,73.34,3.554,,,,,,129.3686129,5.644,2078420.31,1865820.81,2101367.84,2011,9,36,0
4,2011-09-16,0,2075577.33,A,205863,72.76,3.532,,,,,,129.4306,5.644,2093139.01,1899959.61,2098235.4075,2011,9,37,0
4,2011-09-23,0,2031406.41,A,205863,69.23,3.473,,,,,,129.5183333,5.644,2075577.33,1810684.68,2058906.715,2011,9,38,0
4,2011-09-30,0,1929486.6300000001,A,205863,72.15,3.371,,,,,,129.6060667,5.644,2031406.41,1842821.02,2069635.7650000001,2011,9,39,0
4,2011-10-07,0,2166737.65,A,205863,65.79,3.299,,,,,,129.6938,5.143,1929486.6300000001,1951494.85,2032402.345,2011,10,40,0
4,2011-10-14,0,2074548.8499999999,A,205863,63.75,3.283,,,,,,129.7706452,5.143,2166737.65,1867345.09,2050802.0050000001,2011,10,41,0
4,2011-10-21,0,2207742.13,A,205863,64.79,3.361,,,,,,129.7821613,5.143,2074548.8499999999,1927610.06,2050544.885,2011,10,42,0
4,2011-10-28,0,2151659.59,A,205863,55.31,3.362,,,,,,129.7936774,5.143,2207742.13,1933333.0,2094628.815,2011,10,43,0
4,2011-11-04,0,2281217.31,A,205863,49.86,3.322,,,,,,129.8051935,5.143,2151659.59,2013115.79,2150172.0549999997,2011,11,44,0
4,2011-11-11,0,2203028.96,A,205863,47.12,3.286,12851.52,16658.47,430.13,5630.01,9213.39,129.8167097,5.143,2281217.31,1999794.26,2178791.9699999997,2011,11,45,0
4,2011-11-18,0,2243946.59,A,205863,50.44,3.294,4539.94,840.56,372.9,613.96,5358.13,129.8268333,5.143,2203028.96,2097809.4,2210911.9975,2011,11,46,0
4,2011-11-25,1,3004702.33,A,205863,47.96,3.225,561.45,137.88,83340.33,44.04,9239.23,129.8364,5.143,2243946.59,2789469.45,2219963.1125,2011,11,47,0
4,2011-12-02,0,2180999.26,A,205863,38.71,3.176,9762.39,160.94,2260.29,4767.86,28604.2,129.8459667,5.143,3004702.33,2102530.17,2433223.7975,2011,12,48,0
4,2011-12-09,0,2508955.2399999998,A,205863,31.64,3.153,5857.72,30.0,984.98,4692.5,13503.99,129.8555333,5.143,2180999.26,2302504.86,2408169.2849999997,2011,12,49,0
4,2011-12-16,0,2771397.17,A,205863,36.44,3.149,2756.67,72.3,1790.15,777.65,10261.95,129.8980645,5.143,2508955.2399999998,2740057.14,2484650.855,2011,12,50,0
4,2011-12-23,0,3676388.98,A,205863,35.92,3.103,2461.94,69.05,2938.24,52.0,4396.76,129.9845484,5.143,2771397.17,3526713.39,2616513.5,2011,12,51,0
4,2011-12-30,1,2007105.86,A,205863,36.89,3.119,3496.13,72413.71,399.77,776.26,5012.53,130.0710323,5.143,3676388.98,1794868.74,2784435.1625,2011,12,52,0
4,2012-01-06,0,2047766.07,A,205863,38.64,3.158,7857.71,38677.72,234.0,863.22,8682.95,130.1575161,4.607,2007105.86,1862476.27,2740961.8125,2012,1,1,0
4,2012-01-13,0,1941676.61,A,205863,34.41,3.263,3666.28,14553.37,76.37,820.37,5955.28,130.244,4.607,2047766.07,1865502.46,2625664.52,2012,1,2,0
4,2012-01-20,0,2005097.76,A,205863,42.09,3.273,2109.41,7040.02,44.16,918.36,1116.83,130.2792258,4.607,1941676.61,1886393.9400000002,2418234.38,2012,1,3,0
4,2012-01-27,0,1928720.51,A,205863,40.31,3.29,1346.06,3740.12,46.16,445.47,2451.89,130.3144516,4.607,2005097.76,1814240.85,2000411.575,2012,1,4,0
4,2012-02-03,0,2173373.91,A,205863,41.81,3.354,50820.76,4033.29,285.11,48086.64,7456.15,130.3496774,4.607,1928720.51,2119086.04,1980815.2375,2012,2,5,0
4,2012-02-10,1,2374660.64,A,205863,33.0,3.411,11374.63,7208.51,118.37,12869.78,10618.93,130.3849032,4.607,2173373.91,2187847.29,2012217.1975,2012,2,6,0
4,2012-02-17,0,2427640.17,A,205863,34.19,3.493,14225.99,11049.65,17.36,11912.49,7565.99,130.4546207,4.607,2374660.64,2316495.56,2120463.205,2012,2,7,0
4,2012-02-24,0,2226662.17,A,205863,41.31,3.541,9777.71,4703.88,5.4,1179.72,9352.14,130.5502069,4.607,2427640.17,2078094.69,2226098.8075,2012,2,8,0
4,2012-03-02,0,2206319.9,A,205863,50.38,3.619,18564.88,1394.86,32.93,10714.6,3592.82,130.6457931,4.607,2226662.17,2103455.75,2300584.2225,2012,3,9,0
4,2012-03-09,0,2202450.81,A,205863,53.63,3.667,8779.57,602.02,8.53,1103.64,9464.98,130.7413793,4.607,2206319.9,2039818.41,2308820.7199999997,2012,3,10,0
4,2012-03-16,0,2214967.44,A,205863,59.81,3.707,5669.21,37.12,,8540.87,2544.94,130.8261935,4.607,2202450.81,2116475.38,2265768.2624999997,2012,3,11,0
4,2012-03-23,0,2091592.54,A,205863,59.07,3.759,8806.8,-10.5,5.99,739.14,4396.97,130.8966452,4.607,2214967.44,1944164.32,2212600.08,2012,3,12,0
4,2012-03-30,0,2089381.77,A,205863,72.63,3.82,2565.8,442.52,6.5,487.66,4076.68,130.9670968,4.607,2091592.54,1900246.47,2178832.6725,2012,3,13,0
4,2012-04-06,0,2470206.13,A,205863,67.69,3.864,11341.17,,73.38,5677.89,7821.95,131.0375484,4.308,2089381.77,2074953.46,2149598.14,2012,4,14,0
4,2012-04-13,0,2105301.39,A,205863,68.69,3.881,12506.74,5941.43,30.84,3915.29,4392.95,131.108,4.308,2470206.13,1960587.76,2216536.9699999997,2012,4,15,0
4,2012-04-20,0,2144336.89,A,205863,68.6,3.864,2774.39,4279.41,43.43,2409.97,4544.22,131.1173333,4.308,2105301.39,2220600.7600000002,2189120.4575,2012,4,16,0
4,2012-04-27,0,2064065.66,A,205863,76.47,3.81,3993.66,97.77,26.68,113.37,3947.45,131.1266667,4.308,2144336.89,1878167.44,2202306.545,2012,4,17,0
5,2011-02-04,0,329613.2,B,34875,41.67,2.989,,,,,,213.1229755,6.634,279088.39,317173.1,275346.42500000005,2011,2,5,1
5,2011-02-11,1,311590.54,B,34875,38.25,3.022,,,,,,213.4944627,6.634,329613.2,311825.7,286162.91000000003,2011,2,6,1
5,2011-02-18,0,356622.61,B,34875,58.83,3.045,,,,,,213.8068304,6.634,311590.54,303447.57,298901.3675,2011,2,7,1
5,2011-02-25,0,294659.5,B,34875,63.35,3.065,,,,,,214.0955503,6.634,356622.61,270281.63,319228.685,2011,2,8,1
5,2011-03-04,0,329033.66,B,34875,60.35,3.288,,,,,,214.3842702,6.634,294659.5,288855.71,323121.4625,2011,3,9,1
5,2011-03-11,0,293098.1,B,34875,55.74,3.459,,,,,,214.6729901,6.634,329033.66,297293.58999999997,322976.5775,2011,3,10,1
5,2011-03-18,0,312177.67,B,34875,64.31,3.488,,,,,,214.9257339,6.634,293098.1,281706.41,318353.46749999997,2011,3,11,1
5,2011-03-25,0,294732.5,B,34875,70.71,3.473,,,,,,215.1640872,6.634,312177.67,273282.97,307242.2325,2011,3,12,1
5,2011-04-01,0,314316.55,B,34875,61.5,3.524,,,,,,215.4024406,6.489,294732.5,331406.0,307260.4825,2011,4,13,1
5,2011-04-08,0,307333.62,B,34875,69.64,3.622,,,,,,215.6407939,6.489,314316.55,328020.49,303581.205,2011,4,14,1
5,2011-04-15,0,307913.58,B,34875,72.02,3.743,,,,,,215.8592673,6.489,307333.62,306858.69,307140.08499999996,2011,4,15,1
5,2011-04-22,0,328415.44,B,34875,74.34,3.807,,,,,,216.0280407,6.489,307913.58,288839.73,306074.0625,2011,4,16,1
5,2011-04-29,0,307291.56,B,34875,74.75,3.81,,,,,,216.1968142,6.489,328415.44,298697.84,314494.7975,2011,4,17,1
5,2011-05-06,0,322904.68,B,34875,66.27,3.906,,,,,,216.3655877,6.489,307291.56,333522.6,312738.55,2011,5,18,1
5,2011-05-13,0,290930.01,B,34875,77.38,3.899,,,,,,216.5343611,6.489,322904.68,296673.77,316631.315,2011,5,19,1
5,2011-05-20,0,299614.33,B,34875,71.37,3.907,,,,,,216.3023847,6.489,290930.01,301615.49,312385.4225,2011,5,20,1
5,2011-05-27,0,297149.69,B,34875,80.14,3.786,,,,,,216.0704083,6.489,299614.33,310013.11,305185.145,2011,5,21,1
5,2011-06-03,0,329183.92,B,34875,83.81,3.699,,,,,,215.8384319,6.489,297149.69,337825.89,302649.6775,2011,6,22,1
5,2011-06-10,0,304984.14,B,34875,83.61,3.648,,,,,,215.6064555,6.489,329183.92,296641.91,304219.48750000005,2011,6,23,1
5,2011-06-17,0,304811.82,B,34875,86.84,3.637,,,,,,215.560463,6.489,304984.14,313795.6,307733.02,2011,6,24,1
5,2011-06-24,0,302881.64,B,34875,84.76,3.594,,,,,,215.6539583,6.489,304811.82,295257.3,309032.3925,2011,6,25,1
5,2011-07-01,0,327093.89,B,34875,85.81,3.524,,,,,,215.7474537,6.529,302881.64,305993.27,310465.38,2011,7,26,1
5,2011-07-08,0,310804.93,B,34875,86.64,3.48,,,,,,215.8409491,6.529,327093.89,291808.87,309942.8725,2011,7,27,1
5,2011-07-15,0,283248.62,B,34875,88.64,3.575,,,,,,215.9250696,6.529,310804.93,280701.7,311398.07,2011,7,28,1
5,2011-07-22,0,292539.73,B,34875,86.97,3.651,,,,,,215.985753,6.529,283248.62,274742.63,306007.27,2011,7,29,1
5,2011-07-29,0,275142.17,B,34875,89.42,3.682,,,,,,216.0464364,6.529,292539.73,268929.03,303421.7925,2011,7,30,1
5,2011-08-05,0,317738.56,B,34875,91.07,3.684,,,,,,216.1071198,6.529,275142.17,303043.02,290433.8625,2011,8,31,1
5,2011-08-12,0,289886.16000000003,B,34875,90.16,3.638,,,,,,216.1678032,6.529,317738.56,286477.35,292167.27,2011,8,32,1
5,2011-08-19,0,303643.83999999997,B,34875,89.35,3.554,,,,,,216.2311855,6.529,289886.16000000003,287205.38,293826.655,2011,8,33,1
5,2011-08-26,0,310338.17,B,34875,89.18,3.523,,,,,,216.2950176,6.529,303643.83999999997,288519.75,296602.6825,2011,8,34,1
5,2011-09-02,0,315645.53,B,34875,90.38,3.533,,,,,,216.3588498,6.529,310338.17,323798.0,305401.6825,2011,9,35,1
5,2011-09-09,1,321110.22,B,34875,79.04,3.546,,,,,,216.4226819,6.529,315645.53,306533.08,304878.425,2011,9,36,1
5,2011-09-16,0,278529.71,B,34875,83.55,3.526,,,,,,216.6033083,6.529,321110.22,282558.65,312684.44,2011,9,37,1
5,2011-09-23,0,291024.98,B,34875,78.01,3.467,,,,,,216.9396605,6.529,278529.71,293131.58,306405.9075,2011,9,38,1
5,2011-09-30,0,292315.38,B,34875,81.16,3.355,,,,,,217.2760127,6.529,291024.98,283178.12,301577.61,2011,9,39,1
5,2011-10-07,0,309111.47000000003,B,34875,71.64,3.285,,,,,,217.6123648,6.3,292315.38,290494.85,295745.0725,2011,10,40,1
5,2011-10-14,0,286117.72,B,34875,72.36,3.274,,,,,,217.9237458,6.3,309111.47000000003,280681.2,292745.385,2011,10,41,1
5,2011-10-21,0,306069.18,B,34875,66.9,3.353,,,,,,218.0852999,6.3,286117.72,284988.27,294642.3875,2011,10,42,1
5,2011-10-28,0,307035.11,B,34875,69.27,3.372,,,,,,218.2468539,6.3,306069.18,278031.81,298403.4375,2011,10,43,1
5,2011-11-04,0,353652.23,B,34875,56.71,3.332,,,,,,218.408408,6.3,307035.11,325310.3,302083.37,2011,11,44,1
5,2011-11-11,0,311906.7,B,34875,60.71,3.297,2971.48,1943.2,60.03,757.33,1040.96,218.5699621,6.3,353652.23,301827.36,313218.56,2011,11,45,1
5,2011-11-18,0,307944.37,B,34875,64.33,3.308,952.21,116.11,95.01,295.13,4368.45,218.793912,6.3,311906.7,297384.81,319665.805,2011,11,46,1
5,2011-11-25,1,507900.07,B,34875,61.93,3.236,107.42,7.0,29333.06,8.0,826.06,219.0428204,6.3,307944.37,488362.61,320134.6025,2011,11,47,1
5,2011-12-02,0,376225.61,B,34875,51.14,3.172,2359.44,4.0,658.01,901.67,24751.93,219.2917287,6.3,507900.07,344490.88,370350.8425,2011,12,48,1
5,2011-12-09,0,367433.77,B,34875,44.12,3.158,2546.5,,83.07,523.27,3118.64,219.540637,6.3,376225.61,352811.53,375994.1875,2011,12,49,1
5,2011-12-16,0,379530.3,B,34875,54.42,3.159,802.42,,78.77,319.84,1940.54,219.7596266,6.3,367433.77,367801.19,389875.955,2011,12,50,1
5,2011-12-23,0,458562.24,B,34875,50.33,3.112,225.21,0.15,427.57,,1443.04,219.9387246,6.3,379530.3,466010.25,407772.4375,2011,12,51,1
5,2011-12-30,1,349624.88,B,34875,45.62,3.129,1938.28,17079.76,72.93,162.33,1211.95,220.1178226,6.3,458562.24,298180.18,395437.98000000004,2011,12,52,1
5,2012-01-06,0,312078.71,B,34875,50.21,3.157,4602.39,6733.6,35.03,621.64,3507.24,220.2969205,5.943,349624.88,286347.26,388787.7975,2012,1,1,1
5,2012-01-13,0,291454.52,B,34875,48.86,3.261,3408.93,3666.32,1.71,137.88,1706.42,220.4760185,5.943,312078.71,260636.71,374949.0325,2012,1,2,1
5,2012-01-20,0,287523.98,B,34875,54.65,3.268,761.25,2100.24,,132.63,1276.75,220.5694104,5.943,291454.52,275313.34,352930.0875,2012,1,3,1
5,2012-01-27,0,295974.22,B,34875,54.63,3.29,573.64,969.68,,12.0,861.28,220.6628023,5.943,287523.98,279088.39,310170.52249999996,2012,1,4,1
5,2012-02-03,0,333948.0,B,34875,57.35,3.36,23811.41,1349.62,23.82,14928.42,3186.52,220.7561941,5.943,295974.22,329613.2,296757.85750000004,2012,2,5,1
5,2012-02-10,1,349239.88,B,34875,48.57,3.409,4239.28,2725.8,1.53,3682.89,3234.79,220.849586,5.943,333948.0,311590.54,302225.18,2012,2,6,1
5,2012-02-17,0,356427.98,B,34875,48.25,3.51,5548.48,1958.52,1.76,2662.84,2820.38,221.0106341,5.943,349239.88,356622.61,316671.52,2012,2,7,1
5,2012-02-24,0,312220.47,B,34875,57.75,3.555,2220.32,1407.4,,145.46,2657.52,221.2224243,5.943,356427.98,294659.5,333897.52,2012,2,8,1
5,2012-03-02,0,359206.21,B,34875,60.66,3.63,6172.7,123.32,1.0,3063.26,1213.59,221.4342146,5.943,312220.47,329033.66,337959.0825,2012,3,9,1
5,2012-03-09,0,347295.6,B,34875,57.69,3.669,1842.42,51.27,2.0,109.67,5043.45,221.6460048,5.943,359206.21,293098.1,344273.635,2012,3,10,1
5,2012-03-16,0,339392.54,B,34875,63.55,3.734,1879.87,30.7,2.24,585.12,1765.08,221.7989713,5.943,347295.6,312177.67,343787.565,2012,3,11,1
5,2012-03-23,0,321299.99,B,34875,64.44,3.787,694.24,32.75,5.59,210.09,775.7,221.8735063,5.943,339392.54,294732.5,339528.70499999996,2012,3,12,1
5,2012-03-30,0,331318.73,B,34875,67.76,3.845,5097.87,25.2,2.7,322.57,1790.31,221.9480412,5.943,321299.99,314316.55,341798.58499999996,2012,3,13,1
5,2012-04-06,0,402985.7,B,34875,70.4,3.891,5174.35,,6.48,1489.1,2264.89,222.0225762,5.801,331318.73,307333.62,334826.71499999997,2012,4,14,1
5,2012-04-13,0,351832.02999999997,B,34875,70.56,3.891,1562.33,758.49,,206.0,1642.42,222.0971111,5.801,402985.7,307913.58,348749.24,2012,4,15,1
5,2012-04-20,0,330063.06,B,34875,67.33,3.877,1197.53,225.78,3.0,247.94,1499.51,222.1512315,5.801,351832.02999999997,328415.44,351859.11249999993,2012,4,16,1
5,2012-04-27,0,324839.74,B,34875,68.96,3.814,1127.44,,5.05,33.35,2598.67,222.2053519,5.801,330063.06,307291.56,354049.88,2012,4,17,1
6,2011-02-04,0,1514999.17,A,202505,40.59,2.989,,,,,,214.0887176,6.858,1287034.7,1652635.1,1301231.0274999999,2011,2,5,0
6,2011-02-11,1,1486920.17,A,202505,39.38,3.022,,,,,,214.4630941,6.858,1514999.17,1606283.8599999999,1342370.4,2011,2,6,0
6,2011-02-18,0,1572117.54,A,202505,59.61,3.045,,,,,,214.7775231,6.858,1486920.17,1567138.07,1387551.805,2011,2,7,0
6,2011-02-25,0,1422600.43,A,202505,62.86,3.065,,,,,,215.0679731,6.858,1572117.54,1432953.21,1465267.895,2011,2,8,0
6,2011-03-04,0,1502617.99,A,202505,60.45,3.288,,,,,,215.3584231,6.858,1422600.43,1601348.82,1499159.3275,2011,3,9,0
6,2011-03-11,0,1494497.3900000001,A,202505,57.71,3.459,,,,,,215.6488731,6.858,1502617.99,1558621.36,1496064.0325,2011,3,10,0
6,2011-03-18,0,1685375.47,A,202505,65.07,3.488,,,,,,215.9035078,6.858,1494497.3900000001,1693058.91,1497958.3375,2011,3,11,0
6,2011-03-25,0,1438465.81,A,202505,70.83,3.473,,,,,,216.1438163,6.858,1685375.47,1472033.38,1526272.82,2011,3,12,0
6,2011-04-01,0,1459276.77,A,202505,62.25,3.524,,,,,,216.3841249,6.855,1438465.81,1770333.9,1530239.165,2011,4,13,0
6,2011-04-08,0,1534594.0,A,202505,70.35,3.622,,,,,,216.6244334,6.855,1459276.77,1667181.82,1519403.86,2011,4,14,0
6,2011-04-15,0,1448797.02,A,202505,73.17,3.743,,,,,,216.8446627,6.855,1534594.0,1519846.36,1529428.0125000002,2011,4,15,0
6,2011-04-22,0,1639358.93,A,202505,74.24,3.807,,,,,,217.0146941,6.855,1448797.02,1540435.99,1470283.4,2011,4,16,0
6,2011-04-29,0,1479249.9,A,202505,75.27,3.81,,,,,,217.1847255,6.855,1639358.93,1498080.16,1520506.6800000002,2011,4,17,0
6,2011-05-06,0,1504651.57,A,202505,65.42,3.906,,,,,,217.3547569,6.855,1479249.9,1619920.04,1525499.9625,2011,5,18,0
6,2011-05-13,0,1453185.65,A,202505,76.95,3.899,,,,,,217.5247882,6.855,1504651.57,1524059.4,1518014.355,2011,5,19,0
6,2011-05-20,0,1382783.83,A,202505,72.01,3.907,,,,,,217.2896095,6.855,1453185.65,1531938.44,1519111.5125,2011,5,20,0
6,2011-05-27,0,1523979.11,A,202505,80.83,3.786,,,,,,217.0544307,6.855,1382783.83,1644470.66,1454967.7374999998,2011,5,21,0
6,2011-06-03,0,1705506.29,A,202505,84.01,3.699,,,,,,216.819252,6.855,1523979.11,1857380.09,1466150.04,2011,6,22,0
6,2011-06-10,0,1598643.65,A,202505,84.49,3.648,,,,,,216.5840732,6.855,1705506.29,1685652.35,1516363.72,2011,6,23,0
6,2011-06-17,0,1622150.33,A,202505,87.08,3.637,,,,,,216.5371616,6.855,1598643.65,1677248.24,1552728.2200000002,2011,6,24,0
6,2011-06-24,0,1543365.9000000001,A,202505,85.51,3.594,,,,,,216.6314502,6.855,1622150.33,1640681.88,1612569.8450000002,2011,6,25,0
6,2011-07-01,0,1694551.15,A,202505,87.0,3.524,,,,,,216.7257388,6.925,1543365.9000000001,1759777.25,1617416.5425,2011,7,26,0
6,2011-07-08,0,1709373.62,A,202505,88.36,3.48,,,,,,216.8200275,6.925,1694551.15,1690317.99,1614677.7575,2011,7,27,0
6,2011-07-15,0,1526801.24,A,202505,88.93,3.575,,,,,,216.9044732,6.925,1709373.62,1560120.8,1642360.2500000002,2011,7,28,0
6,2011-07-22,0,1526506.08,A,202505,88.06,3.651,,,,,,216.964312,6.925,1526801.24,1585240.92,1618522.9775,2011,7,29,0
6,2011-07-29,0,1483991.05,A,202505,90.22,3.682,,,,,,217.0241507,6.925,1526506.08,1532308.78,1614308.0225,2011,7,30,0
6,2011-08-05,0,1601584.57,A,202505,91.46,3.684,,,,,,217.0839894,6.925,1483991.05,1633241.59,1561667.9975,2011,8,31,0
6,2011-08-12,0,1484995.38,A,202505,90.49,3.638,,,,,,217.1438281,6.925,1601584.57,1547654.98,1534720.7349999999,2011,8,32,0
6,2011-08-19,0,1493544.04,A,202505,89.26,3.554,,,,,,217.2069662,6.925,1484995.38,1539930.5,1524269.27,2011,8,33,0
6,2011-08-26,0,1420405.41,A,202505,90.07,3.523,,,,,,217.2706543,6.925,1493544.04,1450766.1199999999,1516028.7599999998,2011,8,34,0
6,2011-09-02,0,1481618.74,A,202505,91.22,3.533,,,,,,217.3343423,6.925,1420405.41,1510925.32,1500132.3499999999,2011,9,35,0
6,2011-09-09,1,1483574.38,A,202505,80.21,3.546,,,,,,217.3980304,6.925,1481618.74,1424225.44,1470140.8925,2011,9,36,0
6,2011-09-16,0,1351407.79,A,202505,84.94,3.526,,,,,,217.5797506,6.925,1483574.38,1308537.75,1469785.6424999998,2011,9,37,0
6,2011-09-23,0,1336044.75,A,202505,78.49,3.467,,,,,,217.9188471,6.925,1351407.79,1275591.84,1434251.5799999998,2011,9,38,0
6,2011-09-30,0,1307551.92,A,202505,82.51,3.355,,,,,,218.2579435,6.925,1336044.75,1328468.89,1413161.415,2011,9,39,0
6,2011-10-07,0,1481739.2,A,202505,74.1,3.285,,,,,,218.59704,6.551,1307551.92,1360317.9,1369644.71,2011,10,40,0
6,2011-10-14,0,1386520.99,A,202505,71.24,3.274,,,,,,218.9109844,6.551,1481739.2,1344580.92,1369185.915,2011,10,41,0
6,2011-10-21,0,1417922.3699999999,A,202505,68.53,3.353,,,,,,219.0740167,6.551,1386520.99,1332716.53,1377964.2149999999,2011,10,42,0
6,2011-10-28,0,1419445.12,A,202505,69.51,3.372,,,,,,219.237049,6.551,1417922.3699999999,1385323.7,1398433.6199999999,2011,10,43,0
6,2011-11-04,0,1523420.38,A,202505,58.54,3.332,,,,,,219.4000812,6.551,1419445.12,1505442.15,1426406.92,2011,11,44,0
6,2011-11-11,0,1536176.54,A,202505,61.33,3.297,12590.41,2173.66,123.2,3108.55,5416.96,219.5631135,6.551,1523420.38,1495536.46,1436827.2149999999,2011,11,45,0
6,2011-11-18,0,1524390.07,A,202505,63.89,3.308,4649.8,304.36,205.38,687.88,7949.26,219.7897137,6.551,1536176.54,1518841.45,1474241.1024999998,2011,11,46,0
6,2011-11-25,1,2249811.55,A,202505,62.78,3.236,429.03,171.88,83192.81,15.0,986.23,220.0417412,6.551,1524390.07,2267452.4,1500858.0275,2011,11,47,0
6,2011-12-02,0,1688531.34,A,202505,51.18,3.172,6264.18,74.94,2885.14,3904.82,27272.53,220.2937686,6.551,2249811.55,1677067.24,1708449.635,2011,12,48,0
6,2011-12-09,0,1903385.14,A,202505,43.64,3.158,5473.33,42.0,282.45,4436.51,11311.24,220.5457961,6.551,1688531.34,1834737.58,1749727.375,2011,12,49,0
6,2011-12-16,0,2034695.56,A,202505,53.27,3.159,7070.01,27.0,603.98,508.56,4788.85,220.7671856,6.551,1903385.14,2090268.95,1841529.525,2011,12,50,0
6,2011-12-23,0,2644633.02,A,202505,49.45,3.112,2143.54,55.54,1417.2,23.41,5336.5,220.9477245,6.551,2034695.56,2727575.18,1969105.8975,2011,12,51,0
6,2011-12-30,1,1598080.52,A,202505,46.8,3.129,6098.54,82881.16,326.68,814.58,2728.99,221.1282634,6.551,2644633.02,1464050.02,2067811.2650000001,2011,12,52,0
6,2012-01-06,0,1395339.71,A,202505,50.82,3.157,3220.17,32056.43,108.24,985.76,6650.63,221.3088023,6.132,1598080.52,1350441.68,2045198.56,2012,1,1,0
6,2012-01-13,0,1344243.17,A,202505,48.33,3.261,4779.48,11967.81,65.72,575.13,4512.18,221.4893412,6.132,1395339.71,1306194.55,1918187.2025,2012,1,2,0
6,2012-01-20,0,1326255.7,A,202505,55.37,3.268,3413.91,1540.99,33.02,449.06,6587.63,221.5831306,6.132,1344243.17,1261253.18,1745574.105,2012,1,3,0
6,2012-01-27,0,1315610.66,A,202505,53.95,3.29,1510.59,630.92,37.1,17.0,2641.9,221.6769199,6.132,1326255.7,1287034.7,1415979.7750000001,2012,1,4,0
6,2012-02-03,0,1496305.78,A,202505,57.45,3.36,36848.38,1772.68,161.55,28199.34,7151.33,221.7707093,6.132,1315610.66,1514999.17,1345362.31,2012,2,5,0
6,2012-02-10,1,1620603.92,A,202505,48.58,3.409,12635.19,5694.76,68.45,8976.17,6779.43,221.8644987,6.132,1496305.78,1486920.17,1370603.8275,2012,2,6,0
6,2012-02-17,0,1632616.09,A,202505,49.03,3.51,13182.32,15299.89,12.82,6129.29,7603.05,222.026359,6.132,1620603.92,1572117.54,1439694.015,2012,2,7,0
6,2012-02-24,0,1465187.71,A,202505,59.17,3.555,9198.08,8878.31,10.6,642.13,5539.68,222.2392726,6.132,1632616.09,1422600.43,1516284.1124999998,2012,2,8,0
6,2012-03-02,0,1550385.65,A,202505,60.32,3.63,20243.99,618.72,14.35,9687.4,4968.92,222.4521862,6.132,1465187.71,1502617.99,1553678.375,2012,3,9,0
6,2012-03-09,0,1569304.4,A,202505,57.89,3.669,7731.19,445.6,4.19,446.42,5729.67,222.6650998,6.132,1550385.65,1494497.3900000001,1567198.3425,2012,3,10,0
6,2012-03-16,0,1748010.29,A,202505,62.8,3.734,7034.05,103.68,4.59,2231.64,2062.04,222.8186603,6.132,1569304.4,1685375.47,1554373.4625,2012,3,11,0
6,2012-03-23,0,1495143.62,A,202505,63.71,3.787,4928.84,57.72,10.95,664.8,3968.26,222.8930835,6.132,1748010.29,1438465.81,1583222.0125000002,2012,3,12,0
6,2012-03-30,0,1508933.26,A,202505,67.91,3.845,12063.62,6.78,16.5,1859.67,3535.25,222.9675066,6.132,1495143.62,1459276.77,1590710.9899999998,2012,3,13,0
6,2012-04-06,0,1840131.19,A,202505,71.6,3.891,9199.63,,24.6,4044.88,4314.27,223.0419298,5.964,1508933.26,1534594.0,1580347.8925,2012,4,14,0
6,2012-04-13,0,1616394.45,A,202505,71.29,3.891,4634.18,6968.14,18.04,1544.21,2875.46,223.1163529,5.964,1840131.19,1448797.02,1648054.5899999999,2012,4,15,0
6,2012-04-20,0,1456073.24,A,202505,68.64,3.877,2326.27,2591.86,14.79,81.42,3663.48,223.17092,5.964,1616394.45,1639358.93,1615150.6300000001,2012,4,16,0
6,2012-04-27,0,1456221.1,A,202505,71.5,3.814,2564.41,1.49,15.54,9.94,2556.36,223.2254871,5.964,1456073.24,1479249.9,1605383.0350000001,2012,4,17,0
7,2011-02-04,0,558027.77,B,70713,-2.06,3.011,,,,,,191.7625895,8.818,513372.17,496725.44,560865.1174999999,2011,2,5,1
7,2011-02-11,1,559903.13,B,70713,10.24,3.037,,,,,,191.8572881,8.818,558027.77,524104.92,535081.075,2011,2,6,1
7,2011-02-18,0,572387.47,B,70713,17.3,3.051,,,,,,191.9178331,8.818,559903.13,506760.54000000004,538210.6325000001,2011,2,7,1
7,2011-02-25,0,546690.84,B,70713,17.46,3.101,,,,,,191.9647167,8.818,572387.47,496083.24,550922.635,2011,2,8,1
7,2011-03-04,0,551378.39,B,70713,21.84,3.232,,,,,,192.0116004,8.818,546690.84,491419.55000000005,559252.3025,2011,3,9,1
7,2011-03-11,0,558963.8300000001,B,70713,20.7,3.372,,,,,,192.058484,8.818,551378.39,480452.1,557589.9575,2011,3,10,1
7,2011-03-18,0,635014.6900000001,B,70713,27.69,3.406,,,,,,192.1237981,8.818,558963.8300000001,574450.23,557355.1325000001,2011,3,11,1
7,2011-03-25,0,559061.58,B,70713,25.69,3.414,,,,,,192.1964844,8.818,635014.6900000001,514731.60000000003,573011.9375,2011,3,12,1
7,2011-04-01,0,513409.67,B,70713,24.83,3.461,,,,,,192.2691707,8.595,559061.58,561145.14,576104.6225,2011,4,13,1
7,2011-04-08,0,500552.16,B,70713,30.64,3.532,,,,,,192.3418571,8.595,513409.67,484263.25,566612.4425,2011,4,14,1
7,2011-04-15,0,423380.14,B,70713,27.79,3.611,,,,,,192.4225954,8.595,500552.16,406228.19,552009.5249999999,2011,4,15,1
7,2011-04-22,0,466594.89,B,70713,31.84,3.636,,,,,,192.5234638,8.595,423380.14,404751.25,499100.88749999995,2011,4,16,1
7,2011-04-29,0,410429.73,B,70713,26.79,3.663,,,,,,192.6243322,8.595,466594.89,373655.61,475984.21499999997,2011,4,17,1
7,2011-05-06,0,407012.47,B,70713,26.54,3.735,,,,,,192.7252006,8.595,410429.73,395453.83,450239.23,2011,5,18,1
7,2011-05-13,0,414094.05,B,70713,36.61,3.767,,,,,,192.826069,8.595,407012.47,372673.61,426854.3075,2011,5,19,1
7,2011-05-20,0,424670.98,B,70713,36.16,3.828,,,,,,192.831317,8.595,414094.05,395195.65,424532.785,2011,5,20,1
7,2011-05-27,0,457216.87,B,70713,37.51,3.795,,,,,,192.8365651,8.595,424670.98,442734.55,414051.8075,2011,5,21,1
7,2011-06-03,0,542295.37,B,70713,45.77,3.763,,,,,,192.8418131,8.595,457216.87,509183.22000000003,425748.59249999997,2011,6,22,1
7,2011-06-10,0,621099.95,B,70713,53.3,3.735,,,,,,192.8470612,8.595,542295.37,498580.87,459569.3175,2011,6,23,1
7,2011-06-17,0,610991.35,B,70713,48.79,3.697,,,,,,192.9034759,8.595,621099.95,481144.09,511320.7925,2011,6,24,1
7,2011-06-24,0,640043.97,B,70713,46.85,3.661,,,,,,192.9982655,8.595,610991.35,553714.87,557900.885,2011,6,25,1
7,2011-07-01,0,704344.21,B,70713,58.54,3.597,,,,,,193.0930552,8.622,640043.97,575570.77,603607.66,2011,7,26,1
7,2011-07-08,0,761793.94,B,70713,59.08,3.54,,,,,,193.1878448,8.622,704344.21,593462.34,644119.87,2011,7,27,1
7,2011-07-15,0,642748.21,B,70713,54.37,3.532,,,,,,193.3125484,8.622,761793.94,557166.35,679293.3674999999,2011,7,28,1
7,2011-07-22,0,688043.96,B,70713,56.22,3.545,,,,,,193.5120367,8.622,642748.21,570231.21,687232.5824999999,2011,7,29,1
7,2011-07-29,0,653382.62,B,70713,56.66,3.547,,,,,,193.711525,8.622,688043.96,603547.16,699232.58,2011,7,30,1
7,2011-08-05,0,695392.84,B,70713,55.91,3.554,,,,,,193.9110133,8.622,653382.62,643854.17,686492.1825,2011,8,31,1
7,2011-08-12,0,670670.46,B,70713,54.56,3.542,,,,,,194.1105017,8.622,695392.84,598185.4,669891.9075,2011,8,32,1
7,2011-08-19,0,645156.21,B,70713,56.06,3.499,,,,,,194.2500634,8.622,670670.46,582353.17,676872.47,2011,8,33,1
7,2011-08-26,0,629994.47,B,70713,57.6,3.485,,,,,,194.3796374,8.622,645156.21,554309.24,666150.5325,2011,8,34,1
7,2011-09-02,0,592355.24,B,70713,53.4,3.511,,,,,,194.5092113,8.622,629994.47,532765.05,660303.495,2011,9,35,1
7,2011-09-09,1,613135.23,B,70713,45.61,3.566,,,,,,194.6387853,8.622,592355.24,535769.32,634544.095,2011,9,36,1
7,2011-09-16,0,558981.45,B,70713,43.67,3.596,,,,,,194.7419707,8.622,613135.23,489408.53,620160.2875,2011,9,37,1
7,2011-09-23,0,536144.81,B,70713,43.67,3.581,,,,,,194.8099713,8.622,558981.45,488008.83,598616.5975,2011,9,38,1
7,2011-09-30,0,488880.26,B,70713,47.34,3.538,,,,,,194.8779718,8.622,536144.81,448998.73,575154.1825,2011,9,39,1
7,2011-10-07,0,525866.36,B,70713,40.65,3.498,,,,,,194.9459724,8.513,488880.26,480239.88,549285.4375,2011,10,40,1
7,2011-10-14,0,501959.19,B,70713,32.65,3.491,,,,,,195.0261012,8.513,525866.36,463370.48,527468.22,2011,10,41,1
7,2011-10-21,0,558691.4299999999,B,70713,37.49,3.548,,,,,,195.1789994,8.513,501959.19,472450.81,513212.65499999997,2011,10,42,1
7,2011-10-28,0,527339.52,B,70713,28.82,3.55,,,,,,195.3318977,8.513,558691.4299999999,465493.15,518849.31,2011,10,43,1
7,2011-11-04,0,564536.01,B,70713,23.41,3.527,,,,,,195.4847959,8.513,527339.52,480512.44,528464.125,2011,11,44,1
7,2011-11-11,0,556015.59,B,70713,19.53,3.505,3307.6,1431.65,143.06,1330.31,1680.9,195.6376941,8.513,564536.01,507584.29,538131.5375,2011,11,45,1
7,2011-11-18,0,539826.56,B,70713,29.53,3.479,3221.47,1229.96,7.35,494.15,3947.57,195.7184713,8.513,556015.59,482528.36,551645.6375,2011,11,46,1
7,2011-11-25,1,949075.87,B,70713,27.6,3.424,35.94,6.47,41487.59,12.0,905.95,195.7704,8.513,539826.56,835189.26,546929.42,2011,11,47,1
7,2011-12-02,0,591907.88,B,70713,20.38,3.378,2229.32,6.47,738.42,1630.88,11534.89,195.8223287,8.513,949075.87,552811.62,652363.5075000001,2011,12,48,1
7,2011-12-09,0,653845.45,B,70713,11.17,3.331,3393.21,,94.93,589.44,3067.9,195.8742575,8.513,591907.88,599730.07,659206.475,2011,12,49,1
7,2011-12-16,0,720242.1900000001,B,70713,15.2,3.266,2089.28,0.09,168.73,439.97,1899.74,195.9841685,8.513,653845.45,716388.81,683663.9400000001,2011,12,50,1
7,2011-12-23,0,1059715.27,B,70713,12.19,3.173,519.82,0.15,483.1,41.51,1313.38,196.1713893,8.513,720242.1900000001,1045124.88,728767.8475,2011,12,51,1
7,2011-12-30,1,815915.52,B,70713,15.56,3.119,2026.82,17021.3,113.19,144.93,1178.13,196.3586101,8.513,1059715.27,729572.08,756427.6975,2011,12,52,1
7,2012-01-06,0,713117.66,B,70713,18.67,3.095,2373.44,11519.36,7.26,162.72,4504.47,196.5458309,8.256,815915.52,661163.9400000001,812429.6075,2012,1,1,1
7,2012-01-13,0,593875.46,B,70713,7.46,3.077,3167.26,5926.48,0.54,191.84,1415.69,196.7330517,8.256,713117.66,547384.9,827247.66,2012,1,2,1
7,2012-01-20,0,578002.85,B,70713,27.41,3.055,1967.73,2791.5,0.73,213.86,4297.27,196.7796652,8.256,593875.46,521539.46,795655.9775,2012,1,3,1
7,2012-01-27,0,541037.98,B,70713,26.9,3.038,747.21,559.46,,47.0,2332.92,196.8262786,8.256,578002.85,513372.17,675227.8725,2012,1,4,1
7,2012-02-03,0,580453.32,B,70713,22.2,3.031,56917.7,1839.82,4.53,16241.73,2414.97,196.8728921,8.256,541037.98,558027.77,606508.4875,2012,2,5,1
7,2012-02-10,1,563460.77,B,70713,18.79,3.103,13100.37,3096.6,1.73,4854.7,6266.04,196.9195056,8.256,580453.32,559903.13,573342.4025,2012,2,6,1
7,2012-02-17,0,620908.1799999999,B,70713,27.03,3.113,5453.54,4918.31,1.88,1838.98,5303.89,196.9432711,8.256,563460.77,572387.47,565738.73,2012,2,7,1
7,2012-02-24,0,603041.14,B,70713,24.41,3.129,10170.57,4331.71,93.06,2699.15,3456.7,196.9499007,8.256,620908.1799999999,546690.84,576465.0625,2012,2,8,1
7,2012-03-02,0,551058.13,B,70713,21.64,3.191,41848.34,2326.08,139.2,15505.0,1348.86,196.9565303,8.256,603041.14,551378.39,591965.8525,2012,3,9,1
7,2012-03-09,0,579166.5,B,70713,30.1,3.286,12144.9,1178.96,2.18,996.02,2221.16,196.9631599,8.256,551058.13,558963.8300000001,584617.055,2012,3,10,1
7,2012-03-16,0,669205.73,B,70713,37.29,3.486,2980.91,3.28,2.55,3440.61,1127.01,197.0457208,8.256,579166.5,635014.6900000001,588543.4875,2012,3,11,1
7,2012-03-23,0,615997.29,B,70713,35.06,3.664,8458.87,,3.84,293.35,1493.28,197.2295234,8.256,669205.73,559061.58,600617.875,2012,3,12,1
7,2012-03-30,0,583322.2,B,70713,44.99,3.75,8460.02,2.4,9.25,385.22,1666.6,197.4133259,8.256,615997.29,513409.67,603856.9125,2012,3,13,1
7,2012-04-06,0,621425.98,B,70713,44.29,3.854,7550.89,,21.98,1156.2,3500.91,197.5971285,8.09,583322.2,500552.16,611922.93,2012,4,14,1
7,2012-04-13,0,517420.23,B,70713,41.43,3.901,1662.2,1555.57,15.47,776.66,1377.63,197.780931,8.09,621425.98,423380.14,622487.8,2012,4,15,1
7,2012-04-20,0,457340.06,B,70713,39.3,3.936,2114.64,863.38,14.21,549.62,1509.05,197.7227385,8.09,517420.23,466594.89,584541.425,2012,4,16,1
7,2012-04-27,0,467827.75,B,70713,51.49,3.927,819.48,,45.94,49.82,1209.89,197.664546,8.09,457340.06,410429.73,544877.1175,2012,4,17,1
8,2011-02-04,0,944594.78,A,155078,24.48,2.989,,,,,,215.9327797,6.262,782256.66,1004137.09,821909.1950000001,2011,2,5,0
8,2011-02-11,1,996147.39,A,155078,28.26,3.022,,,,,,216.3126733,6.262,944594.78,994801.4,839791.5825,2011,2,6,0
8,2011-02-18,0,1065108.64,A,155078,50.64,3.045,,,,,,216.6310383,6.262,996147.39,963960.37,886416.765,2011,2,7,0
8,2011-02-25,0,917317.15,A,155078,51.29,3.065,,,,,,216.9247918,6.262,1065108.64,847592.11,947026.8674999999,2011,2,8,0
8,2011-03-04,0,935266.4299999999,A,155078,53.18,3.288,,,,,,217.2185454,6.262,917317.15,881503.95,980791.9899999999,2011,3,9,0
8,2011-03-11,0,900387.29,A,155078,49.14,3.459,,,,,,217.512299,6.262,935266.4299999999,860336.16,978459.9025,2011,3,10,0
8,2011-03-18,0,898289.14,A,155078,56.68,3.488,,,,,,217.7705442,6.262,900387.29,839911.0,954519.8775,2011,3,11,0
8,2011-03-25,0,827968.36,A,155078,59.74,3.473,,,,,,218.0145862,6.262,898289.14,772539.12,912815.0025,2011,3,12,0
8,2011-04-01,0,878762.3,A,155078,49.86,3.524,,,,,,218.2586281,6.297,827968.36,914500.91,890477.805,2011,4,13,0
8,2011-04-08,0,949825.83,A,155078,65.62,3.622,,,,,,218.50267,6.297,878762.3,916033.92,876351.7725,2011,4,14,0
8,2011-04-15,0,908278.74,A,155078,63.55,3.743,,,,,,218.7262524,6.297,949825.83,882917.12,888711.4075,2011,4,15,0
8,2011-04-22,0,937473.13,A,155078,65.11,3.807,,,,,,218.8986857,6.297,908278.74,850440.26,891208.8075000001,2011,4,16,0
8,2011-04-29,0,855014.77,A,155078,62.29,3.81,,,,,,219.071119,6.297,937473.13,778672.64,918585.0,2011,4,17,0
8,2011-05-06,0,941457.34,A,155078,58.92,3.906,,,,,,219.2435524,6.297,855014.77,916820.96,912648.1175,2011,5,18,0
8,2011-05-13,0,895763.41,A,155078,72.96,3.899,,,,,,219.4159857,6.297,941457.34,873337.84,910555.995,2011,5,19,0
8,2011-05-20,0,836049.89,A,155078,65.54,3.907,,,,,,219.1746922,6.297,895763.41,818333.21,907427.1625000001,2011,5,20,0
8,2011-05-27,0,857939.41,A,155078,73.14,3.786,,,,,,218.9333986,6.297,836049.89,868041.5599999999,882071.3525,2011,5,21,0
8,2011-06-03,0,929222.16,A,155078,82.05,3.699,,,,,,218.6921051,6.297,857939.41,958225.41,882802.5125,2011,6,22,0
8,2011-06-10,0,897309.41,A,155078,82.21,3.648,,,,,,218.4508115,6.297,929222.16,914835.86,879743.7175,2011,6,23,0
8,2011-06-17,0,922048.41,A,155078,84.73,3.637,,,,,,218.4021448,6.297,897309.41,869922.56,880130.2175,2011,6,24,0
8,2011-06-24,0,864881.24,A,155078,83.94,3.594,,,,,,218.4979481,6.297,922048.41,814919.11,901629.8475000001,2011,6,25,0
8,2011-07-01,0,883683.35,A,155078,87.26,3.524,,,,,,218.5937514,6.425,864881.24,852333.75,903365.305,2011,7,26,0
8,2011-07-08,0,861965.12,A,155078,83.57,3.48,,,,,,218.6895548,6.425,883683.35,845289.77,891980.6025,2011,7,27,0
8,2011-07-15,0,849925.37,A,155078,84.26,3.575,,,,,,218.7746217,6.425,861965.12,848630.5700000001,883144.53,2011,7,28,0
8,2011-07-22,0,829902.42,A,155078,85.46,3.651,,,,,,218.8328475,6.425,849925.37,785515.88,865113.7699999999,2011,7,29,0
8,2011-07-29,0,807082.19,A,155078,86.46,3.682,,,,,,218.8910733,6.425,829902.42,787295.09,856369.065,2011,7,30,0
8,2011-08-05,0,892393.77,A,155078,85.15,3.684,,,,,,218.9492991,6.425,807082.19,893399.77,837218.7749999999,2011,8,31,0
8,2011-08-12,0,856796.1,A,155078,86.05,3.638,,,,,,219.0075249,6.425,892393.77,867919.21,844825.9375,2011,8,32,0
8,2011-08-19,0,895066.5,A,155078,82.92,3.554,,,,,,219.0701968,6.425,856796.1,870676.4400000001,846543.62,2011,8,33,0
8,2011-08-26,0,912542.82,A,155078,84.69,3.523,,,,,,219.1336097,6.425,895066.5,888816.78,862834.6399999999,2011,8,34,0
8,2011-09-02,0,891387.14,A,155078,84.77,3.533,,,,,,219.1970226,6.425,912542.82,899036.47,889199.7975000001,2011,9,35,0
8,2011-09-09,1,848358.09,A,155078,69.01,3.546,,,,,,219.2604355,6.425,891387.14,831425.2,888948.1399999999,2011,9,36,0
8,2011-09-16,0,870971.82,A,155078,69.09,3.526,,,,,,219.4442443,6.425,848358.09,836707.85,886838.6375,2011,9,37,0
8,2011-09-23,0,806444.29,A,155078,68.72,3.467,,,,,,219.788581,6.425,870971.82,773725.08,880814.9675,2011,9,38,0
8,2011-09-30,0,809049.37,A,155078,72.2,3.355,,,,,,220.1329176,6.425,806444.29,804105.49,854290.335,2011,9,39,0
8,2011-10-07,0,929976.55,A,155078,67.61,3.285,,,,,,220.4772543,6.123,809049.37,870349.86,833705.8925000001,2011,10,40,0
8,2011-10-14,0,863188.26,A,155078,61.74,3.274,,,,,,220.7960935,6.123,929976.55,826546.96,854110.5075000001,2011,10,41,0
8,2011-10-21,0,905984.49,A,155078,59.97,3.353,,,,,,220.9619484,6.123,863188.26,836419.14,852164.6174999999,2011,10,42,0
8,2011-10-28,0,876712.31,A,155078,56.86,3.372,,,,,,221.1278032,6.123,905984.49,830756.76,877049.6675,2011,10,43,0
8,2011-11-04,0,947815.05,A,155078,49.68,3.332,,,,,,221.2936581,6.123,876712.31,927266.34,893965.4025,2011,11,44,0
8,2011-11-11,0,917088.48,A,155078,50.56,3.297,4971.01,4538.18,541.05,1407.72,3846.73,221.4595129,6.123,947815.05,911538.98,898425.0275000001,2011,11,45,0
8,2011-11-18,0,897032.1900000001,A,155078,51.72,3.308,6839.45,114.32,166.32,868.79,4442.66,221.6911738,6.123,917088.48,885608.04,911900.0825,2011,11,46,0
8,2011-11-25,1,1235163.86,A,155078,49.61,3.236,437.61,320.76,45968.51,110.41,992.9,221.9491571,6.123,897032.1900000001,1261693.16,909662.0075000001,2011,11,47,0
8,2011-12-02,0,986601.46,A,155078,40.82,3.172,2222.42,286.0,1464.46,1192.79,13865.57,222.2071405,6.123,1235163.86,952766.9299999999,999274.895,2011,12,48,0
8,2011-12-09,0,1051922.95,A,155078,30.51,3.158,4425.92,36.0,346.05,1791.15,9889.35,222.4651238,6.123,986601.46,1069061.63,1008971.4975,2011,12,49,0
8,2011-12-16,0,1118163.94,A,155078,39.79,3.159,739.45,34.0,326.76,169.2,2238.66,222.6910959,6.123,1051922.95,1220579.55,1042680.115,2011,12,50,0
8,2011-12-23,0,1462254.05,A,155078,38.16,3.112,1234.0,0.3,891.94,14.0,5884.24,222.8743862,6.123,1118163.94,1511641.09,1097963.0525,2011,12,51,0
8,2011-12-30,1,858572.22,A,155078,36.33,3.129,3701.08,36381.83,164.34,178.4,1508.56,223.0576765,6.123,1462254.05,773586.49,1154735.6,2011,12,52,0
8,2012-01-06,0,872113.23,A,155078,43.47,3.157,3093.39,26001.46,96.35,500.91,4468.63,223.2409668,5.825,858572.22,873065.23,1122728.29,2012,1,1,0
8,2012-01-13,0,817661.76,A,155078,36.46,3.261,6725.29,12764.99,15.98,299.73,3851.69,223.4242571,5.825,872113.23,809646.66,1077775.8599999999,2012,1,2,0
8,2012-01-20,0,813954.8200000001,A,155078,46.81,3.268,1643.08,1055.47,9.02,411.88,3161.92,223.5188055,5.825,817661.76,822668.23,1002650.3150000001,2012,1,3,0
8,2012-01-27,0,778178.53,A,155078,45.52,3.29,6065.01,730.16,15.18,30.28,24241.12,223.6133539,5.825,813954.8200000001,782256.66,840575.5075000001,2012,1,4,0
8,2012-02-03,0,927610.69,A,155078,45.56,3.36,41524.03,1412.41,83.15,18723.56,3886.31,223.7079023,5.825,778178.53,944594.78,820477.0850000001,2012,2,5,0
8,2012-02-10,1,1021400.42,A,155078,35.71,3.409,9332.6,3298.88,32.12,6530.08,4858.74,223.8024507,5.825,927610.69,996147.39,834351.4500000001,2012,2,6,0
8,2012-02-17,0,1096232.89,A,155078,37.51,3.51,4376.58,10723.12,10.5,1546.82,4117.02,223.9658621,5.825,1021400.42,1065108.64,885286.115,2012,2,7,0
8,2012-02-24,0,928537.54,A,155078,46.33,3.555,9712.39,4960.15,1.0,2441.26,5314.33,224.1809207,5.825,1096232.89,917317.15,955855.6325,2012,2,8,0
8,2012-03-02,0,952264.91,A,155078,50.95,3.63,19521.45,1000.19,0.6,5819.37,3641.54,224.3959793,5.825,928537.54,935266.4299999999,993445.385,2012,3,9,0
8,2012-03-09,0,960115.56,A,155078,49.59,3.669,7740.12,269.44,2.0,509.65,4678.17,224.6110379,5.825,952264.91,900387.29,999608.9400000001,2012,3,10,0
8,2012-03-16,0,921178.39,A,155078,56.63,3.734,4879.04,501.9,6.14,1078.01,1288.81,224.7657327,5.825,960115.56,898289.14,984287.7250000001,2012,3,11,0
8,2012-03-23,0,874223.25,A,155078,52.9,3.787,6155.76,499.11,2.04,403.32,2748.36,224.8399424,5.825,921178.39,827968.36,940524.1000000001,2012,3,12,0
8,2012-03-30,0,905935.29,A,155078,66.69,3.845,6052.68,121.67,,375.27,1715.7,224.9141521,5.825,874223.25,878762.3,926945.5275000001,2012,3,13,0
8,2012-04-06,0,1046816.59,A,155078,62.18,3.891,6821.13,,27.04,2101.86,3627.77,224.9883618,5.679,905935.29,949825.83,915363.1225,2012,4,14,0
8,2012-04-13,0,909989.45,A,155078,65.19,3.891,7627.83,4689.55,4.2,940.82,1723.28,225.0625714,5.679,1046816.59,908278.74,937038.38,2012,4,15,0
8,2012-04-20,0,872288.46,A,155078,63.59,3.877,3600.79,2105.64,4.9,1768.65,14945.23,225.1179914,5.679,909989.45,937473.13,934241.1449999999,2012,4,16,0
8,2012-04-27,0,879448.25,A,155078,70.34,3.814,5440.25,1.5,2.2,15.6,3302.44,225.1734114,5.679,872288.46,855014.77,933757.4475,2012,4,17,0
9,2011-02-04,0,544612.28,B,125833,31.82,2.989,,,,,,216.1162864,6.416,463561.48,549505.55,466662.91000000003,2011,2,5,1
9,2011-02-11,1,555279.02,B,125833,34.13,3.022,,,,,,216.496729,6.416,544612.28,552677.48,480070.535,2011,2,6,1
9,2011-02-18,0,610985.56,B,125833,58.5,3.045,,,,,,216.8154856,6.416,555279.02,511327.9,504368.6175,2011,2,7,1
9,2011-02-25,0,513107.2,B,125833,59.01,3.065,,,,,,217.1095679,6.416,610985.56,473773.27,543609.585,2011,2,8,1
9,2011-03-04,0,542016.18,B,125833,60.67,3.288,,,,,,217.4036503,6.416,513107.2,507297.88,555996.015,2011,3,9,1
9,2011-03-11,0,517783.5,B,125833,54.75,3.459,,,,,,217.6977326,6.416,542016.18,494145.8,555346.99,2011,3,10,1
9,2011-03-18,0,515226.11,B,125833,63.82,3.488,,,,,,217.9563371,6.416,517783.5,485744.61,545973.1100000001,2011,3,11,1
9,2011-03-25,0,497488.39999999997,B,125833,68.79,3.473,,,,,,218.2007506,6.416,515226.11,484946.56,522033.24750000006,2011,3,12,1
9,2011-04-01,0,520962.14,B,125833,56.12,3.524,,,,,,218.445164,6.38,497488.39999999997,545206.32,518128.54750000004,2011,4,13,1
9,2011-04-08,0,561625.92,B,125833,71.4,3.622,,,,,,218.6895775,6.38,520962.14,529384.3099999999,512865.0375,2011,4,14,1
9,2011-04-15,0,528420.28,B,125833,71.9,3.743,,,,,,218.9134935,6.38,561625.92,485764.32,523825.6425,2011,4,15,1
9,2011-04-22,0,549502.11,B,125833,72.35,3.807,,,,,,219.0861659,6.38,528420.28,488683.57,527124.185,2011,4,16,1
9,2011-04-29,0,532226.2,B,125833,70.85,3.81,,,,,,219.2588382,6.38,549502.11,491723.42,540127.6125,2011,4,17,1
9,2011-05-06,0,545251.1,B,125833,62.2,3.906,,,,,,219.4315106,6.38,532226.2,526128.61,542943.6275000001,2011,5,18,1
9,2011-05-13,0,539126.0,B,125833,77.66,3.899,,,,,,219.6041829,6.38,545251.1,492792.8,538849.9225,2011,5,19,1
9,2011-05-20,0,518266.9,B,125833,70.49,3.907,,,,,,219.3622809,6.38,539126.0,506274.94,541526.3525,2011,5,20,1
9,2011-05-27,0,553834.04,B,125833,80.42,3.786,,,,,,219.1203788,6.38,518266.9,558143.53,533717.55,2011,5,21,1
9,2011-06-03,0,587004.29,B,125833,85.8,3.699,,,,,,218.8784768,6.38,553834.04,586061.46,539119.51,2011,6,22,1
9,2011-06-10,0,550076.3200000001,B,125833,85.81,3.648,,,,,,218.6365747,6.38,587004.29,522715.68,549557.8075,2011,6,23,1
9,2011-06-17,0,558671.14,B,125833,89.15,3.637,,,,,,218.5877333,6.38,550076.3200000001,513073.87,552295.3875000001,2011,6,24,1
9,2011-06-24,0,538745.9299999999,B,125833,86.74,3.594,,,,,,218.6836874,6.38,558671.14,509263.28,562396.4475,2011,6,25,1
9,2011-07-01,0,537064.03,B,125833,89.14,3.524,,,,,,218.7796415,6.404,538745.9299999999,528832.54,558624.42,2011,7,26,1
9,2011-07-08,0,535983.13,B,125833,89.04,3.48,,,,,,218.8755955,6.404,537064.03,485389.14999999997,546139.355,2011,7,27,1
9,2011-07-15,0,512834.04000000004,B,125833,90.45,3.575,,,,,,218.9607242,6.404,535983.13,474030.51,542616.0575,2011,7,28,1
9,2011-07-22,0,491449.94,B,125833,89.08,3.651,,,,,,219.0187895,6.404,512834.04000000004,462676.5,531156.7825,2011,7,29,1
9,2011-07-29,0,471449.98000000004,B,125833,91.1,3.682,,,,,,219.0768548,6.404,491449.94,468675.19,519332.78500000003,2011,7,30,1
9,2011-08-05,0,554879.67,B,125833,91.52,3.684,,,,,,219.1349201,6.404,471449.98000000004,522815.45,502929.2725,2011,8,31,1
9,2011-08-12,0,520284.79,B,125833,91.63,3.638,,,,,,219.1929854,6.404,554879.67,481897.98000000004,507653.4075,2011,8,32,1
9,2011-08-19,0,540819.44,B,125833,85.8,3.554,,,,,,219.2556109,6.404,520284.79,499325.38,509516.095,2011,8,33,1
9,2011-08-26,0,542663.53,B,125833,88.95,3.523,,,,,,219.3189965,6.404,540819.44,506789.66,521858.47,2011,8,34,1
9,2011-09-02,0,544643.33,B,125833,89.33,3.533,,,,,,219.382382,6.404,542663.53,511049.06,539661.8574999999,2011,9,35,1
9,2011-09-09,1,528784.86,B,125833,75.65,3.546,,,,,,219.4457675,6.404,544643.33,484835.2,537102.7725,2011,9,36,1
9,2011-09-16,0,500274.03,B,125833,77.95,3.526,,,,,,219.6297841,6.404,528784.86,463448.58999999997,539227.79,2011,9,37,1
9,2011-09-23,0,506743.78,B,125833,74.42,3.467,,,,,,219.9746423,6.404,500274.03,452905.22,529091.4375,2011,9,38,1
9,2011-09-30,0,508567.04,B,125833,78.45,3.355,,,,,,220.3195004,6.404,506743.78,495692.19,520111.5,2011,9,39,1
9,2011-10-07,0,553836.98,B,125833,72.62,3.285,,,,,,220.6643585,6.054,508567.04,505069.21,511092.4275,2011,10,40,1
9,2011-10-14,0,529515.66,B,125833,67.27,3.274,,,,,,220.9836849,6.054,553836.98,454769.68,517355.4575,2011,10,41,1
9,2011-10-21,0,557075.21,B,125833,65.46,3.353,,,,,,221.1498206,6.054,529515.66,466322.76,524665.865,2011,10,42,1
9,2011-10-28,0,548527.49,B,125833,63.96,3.372,,,,,,221.3159563,6.054,557075.21,508801.61,537248.7225,2011,10,43,1
9,2011-11-04,0,597855.0700000001,B,125833,54.46,3.332,,,,,,221.4820921,6.054,548527.49,517869.97,547238.835,2011,11,44,1
9,2011-11-11,0,594574.12,B,125833,58.28,3.297,3235.06,1645.11,63.15,1580.98,2209.21,221.6482278,6.054,597855.0700000001,520846.68,558243.3575,2011,11,45,1
9,2011-11-18,0,542414.27,B,125833,58.8,3.308,3648.4,2.63,21.12,1639.62,3623.62,221.8803923,6.054,594574.12,519823.3,574507.9724999999,2011,11,46,1
9,2011-11-25,1,814753.5,B,125833,54.32,3.236,121.57,,44061.13,247.83,8294.47,222.1389683,6.054,542414.27,768070.53,570842.7375,2011,11,47,1
9,2011-12-02,0,613115.21,B,125833,46.84,3.172,1237.88,,1330.53,643.78,8323.51,222.3975443,6.054,814753.5,578164.82,637399.24,2011,12,48,1
9,2011-12-09,0,630327.28,B,125833,37.65,3.158,3075.89,,248.8,822.69,7585.2,222.6561203,6.054,613115.21,618121.82,641214.2749999999,2011,12,49,1
9,2011-12-16,0,705557.97,B,125833,47.31,3.159,2755.9,,136.48,384.78,2240.49,222.8825484,6.054,630327.28,685243.2,650152.565,2011,12,50,1
9,2011-12-23,0,905324.68,B,125833,44.43,3.112,719.14,0.24,318.75,17.72,2357.19,223.0661125,6.054,705557.97,873347.5499999999,690938.49,2011,12,51,1
9,2011-12-30,1,549788.36,B,125833,43.41,3.129,2155.73,14481.63,44.07,237.84,3699.24,223.2496766,6.054,905324.68,459770.85,713581.285,2011,12,52,1
9,2012-01-06,0,519585.67,B,125833,47.54,3.157,3597.08,6203.76,11.2,3743.55,1912.75,223.4332408,5.667,549788.36,490981.78,697749.5725,2012,1,1,1
9,2012-01-13,0,474964.6,B,125833,42.44,3.261,4731.1,2959.36,,129.27,3416.48,223.6168049,5.667,519585.67,458086.69,670064.1699999999,2012,1,2,1
9,2012-01-20,0,480130.04000000004,B,125833,51.56,3.268,910.51,234.36,,117.08,6081.04,223.7114288,5.667,474964.6,454021.69,612415.8275,2012,1,3,1
9,2012-01-27,0,482451.21,B,125833,49.38,3.29,489.19,283.85,,22.5,2888.79,223.8060527,5.667,480130.04000000004,463561.48,506117.1675,2012,1,4,1
9,2012-02-03,0,549967.89,B,125833,54.43,3.36,19289.22,527.14,4.46,9955.21,3428.92,223.9006766,5.667,482451.21,544612.28,489282.88,2012,2,5,1
9,2012-02-10,1,609736.12,B,125833,44.03,3.409,5619.8,1595.17,1.71,4740.66,4494.14,223.9953006,5.667,549967.89,555279.02,496878.43500000006,2012,2,6,1
9,2012-02-17,0,658965.05,B,125833,43.81,3.51,4572.81,5448.91,6.0,945.06,7589.85,224.1588663,5.667,609736.12,610985.56,530571.315,2012,2,7,1
9,2012-02-24,0,563578.79,B,125833,53.67,3.555,3801.98,4010.13,1.0,586.06,7315.09,224.3741384,5.667,658965.05,513107.2,575280.0675,2012,2,8,1
9,2012-03-02,0,619498.28,B,125833,57.2,3.63,6268.15,154.97,,3557.17,1878.44,224.5894104,5.667,563578.79,542016.18,595561.9625,2012,3,9,1
9,2012-03-09,0,574955.95,B,125833,54.03,3.669,3923.2,96.52,17.36,990.11,2755.72,224.8046825,5.667,619498.28,517783.5,612944.56,2012,3,10,1
9,2012-03-16,0,550373.57,B,125833,59.94,3.734,1913.05,1.8,7.33,436.67,14026.36,224.9594902,5.667,574955.95,515226.11,604249.5175000001,2012,3,11,1
9,2012-03-23,0,550791.32,B,125833,58.79,3.787,1681.15,1.8,0.68,414.45,466.42,225.0336786,5.667,550373.57,497488.39999999997,577101.6475,2012,3,12,1
9,2012-03-30,0,574985.37,B,125833,67.87,3.845,3669.95,15.98,,69.02,2049.16,225.107867,5.667,550791.32,520962.14,573904.78,2012,3,13,1
9,2012-04-06,0,677885.99,B,125833,68.83,3.891,4876.77,,10.0,1201.8,8545.16,225.1820555,5.539,574985.37,561625.92,562776.5525,2012,4,14,1
9,2012-04-13,0,578539.86,B,125833,69.19,3.891,4939.14,856.32,,290.87,807.0,225.2562439,5.539,677885.99,528420.28,588509.0625,2012,4,15,1
9,2012-04-20,0,542819.03,B,125833,68.04,3.877,910.31,121.25,2.0,265.55,1146.34,225.3117488,5.539,578539.86,549502.11,595550.635,2012,4,16,1
9,2012-04-27,0,550414.99,B,125833,73.07,3.814,409.76,,0.4,7.88,7179.53,225.3672537,5.539,542819.03,532226.2,593557.5625,2012,4,17,1
10,2011-02-04,0,1968045.91,B,126512,44.88,3.348,,,,,,127.7195806,8.744,1715769.05,2193048.75,1704609.68,2011,2,5,1
10,2011-02-11,1,2115408.31,B,126512,51.51,3.381,,,,,,127.859129,8.744,1968045.91,2176028.52,1768043.6825,2011,2,6,1
10,2011-02-18,0,2106934.55,B,126512,61.77,3.43,,,,,,127.99525,8.744,2115408.31,2113432.58,1869194.8625,2011,2,7,1
10,2011-02-25,0,1967996.71,B,126512,53.59,3.398,,,,,,128.13,8.744,2106934.55,2006774.96,1976539.4549999998,2011,2,8,1
10,2011-03-04,0,1958003.19,B,126512,56.96,3.674,,,,,,128.26475,8.744,1967996.71,1987090.09,2039596.3699999999,2011,3,9,1
10,2011-03-11,0,1933469.15,B,126512,64.22,3.63,,,,,,128.3995,8.744,1958003.19,1941346.13,2037085.69,2011,3,10,1
10,2011-03-18,0,1884734.31,B,126512,70.12,3.892,,,,,,128.5121935,8.744,1933469.15,1946875.06,1991600.9,2011,3,11,1
10,2011-03-25,0,1815798.85,B,126512,62.53,3.716,,,,,,128.6160645,8.744,1884734.31,1893532.46,1936050.8399999999,2011,3,12,1
10,2011-04-01,0,1827733.18,B,126512,67.64,3.772,,,,,,128.7199355,8.494,1815798.85,2138651.97,1898001.375,2011,4,13,1
10,2011-04-08,0,1870720.73,B,126512,73.03,3.818,,,,,,128.8238065,8.494,1827733.18,2041069.3699999999,1865433.8725,2011,4,14,1
10,2011-04-15,0,1781767.22,B,126512,61.05,4.089,,,,,,128.9107333,8.494,1870720.73,1826241.44,1849746.7675,2011,4,15,1
10,2011-04-22,0,2004831.14,B,126512,75.93,3.917,,,,,,128.9553,8.494,1781767.22,1829521.83,1824004.9949999999,2011,4,16,1
10,2011-04-29,0,1873646.34,B,126512,73.38,4.151,,,,,,128.9998667,8.494,2004831.14,1790694.59,1871263.0675,2011,4,17,1
10,2011-05-06,0,1841369.99,B,126512,73.56,4.193,,,,,,129.0444333,8.494,1873646.34,1921432.16,1882741.3575,2011,5,18,1
10,2011-05-13,0,1712995.44,B,126512,74.04,4.202,,,,,,129.089,8.494,1841369.99,1808056.41,1875403.6724999999,2011,5,19,1
10,2011-05-20,0,1720908.01,B,126512,72.62,3.99,,,,,,129.0756774,8.494,1712995.44,1847613.58,1858210.7275,2011,5,20,1
10,2011-05-27,0,1743000.38,B,126512,78.62,3.933,,,,,,129.0623548,8.494,1720908.01,1904618.17,1787229.945,2011,5,21,1
10,2011-06-03,0,1792210.89,B,126512,81.87,3.893,,,,,,129.0490323,8.494,1743000.38,1931406.28,1754568.4549999998,2011,6,22,1
10,2011-06-10,0,1740063.1,B,126512,84.57,3.981,,,,,,129.0357097,8.494,1792210.89,1827521.71,1742278.68,2011,6,23,1
10,2011-06-17,0,1817934.76,B,126512,87.96,3.935,,,,,,129.0432,8.494,1740063.1,1837636.24,1749045.595,2011,6,24,1
10,2011-06-24,0,1711813.1300000001,B,126512,90.69,3.807,,,,,,129.0663,8.494,1817934.76,1768172.31,1773302.2825,2011,6,25,1
10,2011-07-01,0,1751369.75,B,126512,95.36,3.842,,,,,,129.0894,8.257,1711813.1300000001,1845893.87,1765505.47,2011,7,26,1
10,2011-07-08,0,1699708.3800000001,B,126512,88.57,3.793,,,,,,129.1125,8.257,1751369.75,1769793.3699999999,1755295.185,2011,7,27,1
10,2011-07-15,0,1775068.4,B,126512,86.01,3.779,,,,,,129.1338387,8.257,1699708.3800000001,1828052.47,1745206.505,2011,7,28,1
10,2011-07-22,0,1774342.61,B,126512,88.59,3.697,,,,,,129.1507742,8.257,1775068.4,1831676.03,1734489.915,2011,7,29,1
10,2011-07-29,0,1745841.33,B,126512,86.75,3.694,,,,,,129.1677097,8.257,1774342.61,1832664.03,1750122.2850000001,2011,7,30,1
10,2011-08-05,0,1886299.98,B,126512,89.8,3.803,,,,,,129.1846452,8.257,1745841.33,1949236.09,1748740.1800000002,2011,8,31,1
10,2011-08-12,0,1917397.6300000001,B,126512,85.61,3.794,,,,,,129.2015806,8.257,1886299.98,1962996.7,1795388.0799999998,2011,8,32,1
10,2011-08-19,0,1954849.68,B,126512,87.4,3.743,,,,,,129.2405806,8.257,1917397.6300000001,1983190.56,1830970.3875000002,2011,8,33,1
10,2011-08-26,0,1728399.07,B,126512,91.59,3.663,,,,,,129.2832581,8.257,1954849.68,1727565.42,1876097.155,2011,8,34,1
10,2011-09-02,0,1758587.35,B,126512,91.61,3.798,,,,,,129.3259355,8.257,1728399.07,1766331.45,1871736.5899999999,2011,9,35,1
10,2011-09-09,1,1670579.82,B,126512,89.06,3.771,,,,,,129.3686129,8.257,1758587.35,1720530.23,1839808.4325,2011,9,36,1
10,2011-09-16,0,1650894.3,B,126512,77.49,3.784,,,,,,129.4306,8.257,1670579.82,1716755.78,1778103.98,2011,9,37,1
10,2011-09-23,0,1685910.53,B,126512,82.51,3.789,,,,,,129.5183333,8.257,1650894.3,1655036.75,1702115.135,2011,9,38,1
10,2011-09-30,0,1627707.31,B,126512,82.27,3.877,,,,,,129.6060667,8.257,1685910.53,1645892.97,1691493.0000000002,2011,9,39,1
10,2011-10-07,0,1788227.6,B,126512,75.01,3.827,,,,,,129.6938,7.874,1627707.31,1772192.42,1658772.99,2011,10,40,1
10,2011-10-14,0,1704753.02,B,126512,70.27,3.698,,,,,,129.7706452,7.874,1788227.6,1703850.25,1688184.935,2011,10,41,1
10,2011-10-21,0,1745928.56,B,126512,77.91,3.842,,,,,,129.7821613,7.874,1704753.02,1740234.06,1701649.615,2011,10,42,1
10,2011-10-28,0,1771792.97,B,126512,72.79,3.843,,,,,,129.7936774,7.874,1745928.56,1741308.56,1716654.1225,2011,10,43,1
10,2011-11-04,0,1904438.59,B,126512,68.57,3.828,,,,,,129.8051935,7.874,1771792.97,1832211.96,1752675.5375,2011,11,44,1
10,2011-11-11,0,2076570.84,B,126512,55.28,3.677,13444.17,14909.99,752.18,4320.22,5896.3,129.8167097,7.874,1904438.59,1895901.59,1781728.285,2011,11,45,1
10,2011-11-18,0,1869087.85,B,126512,58.97,3.669,3886.23,708.7,115.18,695.54,9141.32,129.8268333,7.874,2076570.84,1949177.13,1874682.7400000002,2011,11,46,1
10,2011-11-25,1,2950198.64,B,126512,60.68,3.76,174.72,329.0,141630.61,79.0,1009.98,129.8364,7.874,1869087.85,2939946.38,1905472.5625,2011,11,47,1
10,2011-12-02,0,2068097.18,B,126512,57.29,3.701,7772.17,240.0,4737.51,6615.5,36360.42,129.8459667,7.874,2950198.64,2251206.64,2200073.98,2011,12,48,1
10,2011-12-09,0,2429310.9,B,126512,42.58,3.644,7010.08,74.24,1019.36,5124.86,9458.28,129.8555333,7.874,2068097.18,2411790.21,2240988.6275,2011,12,49,1
10,2011-12-16,0,2555031.18,B,126512,50.53,3.489,2200.27,337.44,1203.16,158.52,3475.95,129.8980645,7.874,2429310.9,2811646.85,2329173.6425,2011,12,50,1
10,2011-12-23,0,3487986.89,B,126512,48.36,3.541,300.02,77.73,2432.01,108.37,4078.21,129.9845484,7.874,2555031.18,3749057.69,2500659.475,2011,12,51,1
10,2011-12-30,1,1930690.3699999999,B,126512,48.92,3.428,7676.36,104519.54,179.82,1573.87,3732.93,130.0710323,7.874,3487986.89,1707298.1400000001,2635106.5374999996,2011,12,52,1
10,2012-01-06,0,1683401.78,B,126512,59.85,3.443,7737.75,38456.09,39.72,305.2,5408.08,130.1575161,7.545,1930690.3699999999,1714309.9,2600754.835,2012,1,1,1
10,2012-01-13,0,1711562.73,B,126512,51.0,3.477,5203.77,14424.42,1.38,597.55,5659.57,130.244,7.545,1683401.78,1710803.59,2414277.555,2012,1,2,1
10,2012-01-20,0,1675562.94,B,126512,54.51,3.66,2972.31,3286.44,1.0,644.03,5331.52,130.2792258,7.545,1711562.73,1677556.18,2203410.4425,2012,1,3,1
10,2012-01-27,0,1632406.0,B,126512,53.59,3.675,3242.59,1646.86,,45.8,1691.83,130.3144516,7.545,1675562.94,1715769.05,1750304.455,2012,1,4,1
10,2012-02-03,0,1867403.01,B,126512,56.85,3.543,42468.4,1985.73,174.33,33345.34,5609.77,130.3496774,7.545,1632406.0,1968045.91,1675733.3624999998,2012,2,5,1
10,2012-02-10,1,2218595.8000000003,B,126512,55.73,3.722,8414.22,861.38,66.96,6806.11,5723.0,130.3849032,7.545,1867403.01,2115408.31,1721733.6700000002,2012,2,6,1
10,2012-02-17,0,2168709.76,B,126512,54.12,3.781,20174.89,8935.08,10.8,6330.02,12821.24,130.4546207,7.545,2218595.8000000003,2106934.55,1848491.9375,2012,2,7,1
10,2012-02-24,0,2039415.74,B,126512,56.02,3.95,13929.09,4614.67,,596.5,6528.31,130.5502069,7.545,2168709.76,1967996.71,1971778.6425,2012,2,8,1
10,2012-03-02,0,1990371.02,B,126512,57.62,3.882,22685.06,152.91,48.76,5831.75,2808.95,130.6457931,7.545,2039415.74,1958003.19,2073531.0775000001,2012,3,9,1
10,2012-03-09,0,1917483.1,B,126512,57.65,3.963,11265.62,7.9,14.95,919.45,2473.83,130.7413793,7.545,1990371.02,1933469.15,2104273.08,2012,3,10,1
10,2012-03-16,0,1930814.66,B,126512,62.11,4.273,3977.45,-10.5,6.03,1928.5,2273.92,130.8261935,7.545,1917483.1,1884734.31,2028994.905,2012,3,11,1
10,2012-03-23,0,1837457.69,B,126512,56.54,4.288,4034.35,3.1,4.08,480.89,2194.51,130.8966452,7.545,1930814.66,1815798.85,1969521.13,2012,3,12,1
10,2012-03-30,0,1815760.42,B,126512,67.92,4.294,7388.74,7.8,,574.87,4035.49,130.9670968,7.545,1837457.69,1827733.18,1919031.6175,2012,3,13,1
10,2012-04-06,0,2163384.17,B,126512,65.99,4.282,9256.0,,23.74,4802.15,8553.67,131.0375484,7.382,1815760.42,1870720.73,1875378.9675,2012,4,14,1
10,2012-04-13,0,1974687.51,B,126512,70.28,4.254,7299.64,10818.3,27.47,3675.97,1148.04,131.108,7.382,2163384.17,1781767.22,1936854.2349999999,2012,4,15,1
10,2012-04-20,0,1777166.53,B,126512,67.75,4.111,4973.95,4561.31,5.17,1953.72,3653.48,131.1173333,7.382,1974687.51,2004831.14,1947822.4474999998,2012,4,16,1
10,2012-04-27,0,1712987.56,B,126512,80.11,4.088,3444.43,1.5,3.39,124.18,2906.22,131.1266667,7.382,1777166.53,1873646.34,1932749.6575,2012,4,17,1
11,2011-02-04,0,1422546.05,A,207499,47.17,2.989,,,,,,215.8863367,7.551,1100418.69,1528008.6400000001,1165387.525,2011,2,5,0
11,2011-02-11,1,1419236.9,A,207499,44.61,3.022,,,,,,216.2660913,7.551,1422546.05,1574684.08,1226297.6775,2011,2,6,0
11,2011-02-18,0,1554747.15,A,207499,61.5,3.045,,,,,,216.5843571,7.551,1419236.9,1503298.7,1282494.4575,2011,2,7,0
11,2011-02-25,0,1323999.36,A,207499,68.74,3.065,,,,,,216.8780275,7.551,1554747.15,1336404.65,1374237.1975,2011,2,8,0
11,2011-03-04,0,1399456.99,A,207499,66.5,3.288,,,,,,217.1716979,7.551,1323999.36,1426622.65,1430132.365,2011,3,9,0
11,2011-03-11,0,1314557.31,A,207499,63.29,3.459,,,,,,217.4653683,7.551,1399456.99,1331883.16,1424360.1,2011,3,10,0
11,2011-03-18,0,1391813.69,A,207499,70.17,3.488,,,,,,217.7235226,7.551,1314557.31,1364207.0,1398190.2025,2011,3,11,0
11,2011-03-25,0,1229777.24,A,207499,73.74,3.473,,,,,,217.9674705,7.551,1391813.69,1245624.27,1357456.8375,2011,3,12,0
11,2011-04-01,0,1258674.12,A,207499,69.1,3.524,,,,,,218.2114184,7.574,1229777.24,1446210.26,1333901.3074999999,2011,4,13,0
11,2011-04-08,0,1327401.06,A,207499,73.57,3.622,,,,,,218.4553663,7.574,1258674.12,1470308.32,1298705.59,2011,4,14,0
11,2011-04-15,0,1312905.8,A,207499,76.64,3.743,,,,,,218.6788642,7.574,1327401.06,1323243.35,1301916.5275,2011,4,15,0
11,2011-04-22,0,1388118.53,A,207499,78.31,3.807,,,,,,218.851237,7.574,1312905.8,1283766.55,1282189.5550000002,2011,4,16,0
11,2011-04-29,0,1357589.89,A,207499,79.97,3.81,,,,,,219.0236099,7.574,1388118.53,1239766.89,1321774.8775,2011,4,17,0
11,2011-05-06,0,1331453.41,A,207499,71.39,3.906,,,,,,219.1959827,7.574,1357589.89,1312329.78,1346503.8199999998,2011,5,18,0
11,2011-05-13,0,1277959.42,A,207499,80.93,3.899,,,,,,219.3683556,7.574,1331453.41,1266796.13,1347516.9075,2011,5,19,0
11,2011-05-20,0,1239466.97,A,207499,76.97,3.907,,,,,,219.127216,7.574,1277959.42,1271646.6199999999,1338780.3125,2011,5,20,0
11,2011-05-27,0,1216876.52,A,207499,85.61,3.786,,,,,,218.8860765,7.574,1239466.97,1264272.52,1301617.4224999999,2011,5,21,0
11,2011-06-03,0,1343637.0,A,207499,86.14,3.699,,,,,,218.6449369,7.574,1216876.52,1396322.19,1266439.08,2011,6,22,0
11,2011-06-10,0,1314626.75,A,207499,85.79,3.648,,,,,,218.4037974,7.574,1343637.0,1339570.85,1269484.9775,2011,6,23,0
11,2011-06-17,0,1337506.74,A,207499,87.9,3.637,,,,,,218.3551748,7.574,1314626.75,1336522.92,1278651.81,2011,6,24,0
11,2011-06-24,0,1254587.84,A,207499,86.13,3.594,,,,,,218.45094,7.574,1337506.74,1262025.08,1303161.7525,2011,6,25,0
11,2011-07-01,0,1297472.06,A,207499,86.43,3.524,,,,,,218.5467052,7.567,1254587.84,1302600.14,1312589.5825,2011,7,26,0
11,2011-07-08,0,1334627.96,A,207499,87.17,3.48,,,,,,218.6424704,7.567,1297472.06,1280156.47,1301048.3475000001,2011,7,27,0
11,2011-07-15,0,1266546.73,A,207499,88.3,3.575,,,,,,218.7275216,7.567,1334627.96,1290609.54,1306048.65,2011,7,28,0
11,2011-07-22,0,1290576.44,A,207499,87.8,3.651,,,,,,218.7857881,7.567,1266546.73,1244390.03,1288308.6475,2011,7,29,0
11,2011-07-29,0,1212938.67,A,207499,89.46,3.682,,,,,,218.8440545,7.567,1290576.44,1250178.89,1297305.7974999999,2011,7,30,0
11,2011-08-05,0,1403198.94,A,207499,90.04,3.684,,,,,,218.9023209,7.567,1212938.67,1369634.92,1276172.45,2011,8,31,0
11,2011-08-12,0,1354188.43,A,207499,90.3,3.638,,,,,,218.9605873,7.567,1403198.94,1384339.1,1293315.1949999998,2011,8,32,0
11,2011-08-19,0,1484169.74,A,207499,89.51,3.554,,,,,,219.023271,7.567,1354188.43,1430192.3699999999,1315225.6199999999,2011,8,33,0
11,2011-08-26,0,1304706.75,A,207499,89.09,3.523,,,,,,219.0866908,7.567,1484169.74,1311263.07,1363623.9449999998,2011,8,34,0
11,2011-09-02,0,1297792.41,A,207499,91.44,3.533,,,,,,219.1501106,7.567,1304706.75,1303914.27,1386565.9649999999,2011,9,35,0
11,2011-09-09,1,1249439.95,A,207499,84.91,3.546,,,,,,219.2135305,7.567,1297792.41,1231428.46,1360214.3325,2011,9,36,0
11,2011-09-16,0,1270816.01,A,207499,85.11,3.526,,,,,,219.3972867,7.567,1249439.95,1215676.31,1334027.2125,2011,9,37,0
11,2011-09-23,0,1235775.15,A,207499,82.14,3.467,,,,,,219.7414914,7.567,1270816.01,1170103.25,1280688.78,2011,9,38,0
11,2011-09-30,0,1190515.83,A,207499,84.4,3.355,,,,,,220.085696,7.567,1235775.15,1182490.46,1263455.88,2011,9,39,0
11,2011-10-07,0,1346271.06,A,207499,76.97,3.285,,,,,,220.4299007,7.197,1190515.83,1293472.8,1236636.7349999999,2011,10,40,0
11,2011-10-14,0,1286388.96,A,207499,75.56,3.274,,,,,,220.7486167,7.197,1346271.06,1175003.67,1260844.5125,2011,10,41,0
11,2011-10-21,0,1325107.53,A,207499,70.91,3.353,,,,,,220.9144005,7.197,1286388.96,1169831.38,1264737.75,2011,10,42,0
11,2011-10-28,0,1310684.1,A,207499,72.66,3.372,,,,,,221.0801842,7.197,1325107.53,1195036.0,1287070.845,2011,10,43,0
11,2011-11-04,0,1458287.38,A,207499,61.13,3.332,,,,,,221.245968,7.197,1310684.1,1332759.13,1317112.9125,2011,11,44,0
11,2011-11-11,0,1366053.69,A,207499,64.2,3.297,9134.39,10126.19,473.38,2206.22,6338.3,221.4117517,7.197,1458287.38,1281675.6,1345116.9925000002,2011,11,45,0
11,2011-11-18,0,1315091.63,A,207499,66.17,3.308,10941.05,222.94,263.1,404.05,8885.3,221.6432852,7.197,1366053.69,1292346.57,1365033.175,2011,11,46,0
11,2011-11-25,1,1848953.48,A,207499,70.03,3.236,531.09,74.35,71081.98,3.0,1676.85,221.9011185,7.197,1315091.63,1757242.51,1362529.2,2011,11,47,0
11,2011-12-02,0,1399322.44,A,207499,56.89,3.172,7019.2,97.47,2917.09,3648.95,28803.28,222.1589519,7.197,1848953.48,1380522.64,1497096.545,2011,12,48,0
11,2011-12-09,0,1646655.94,A,207499,50.63,3.158,4923.89,36.0,525.03,2598.36,8696.45,222.4167852,7.197,1399322.44,1564516.43,1482355.31,2011,12,49,0
11,2011-12-16,0,1783910.06,A,207499,59.69,3.159,1812.02,143.06,592.44,669.07,4900.25,222.6426418,7.197,1646655.94,1843971.15,1552505.8725,2011,12,50,0
11,2011-12-23,0,2213518.5,A,207499,54.29,3.112,515.57,11.23,964.31,,3429.82,222.8258628,7.197,1783910.06,2306265.36,1669710.48,2011,12,51,0
11,2011-12-30,1,1352084.21,A,207499,48.86,3.129,4241.32,58046.41,239.33,78.09,586.72,223.0090839,7.197,2213518.5,1172003.1,1760851.7349999999,2011,12,52,0
11,2012-01-06,0,1283885.55,A,207499,54.44,3.157,5107.29,32305.3,144.66,530.55,6004.19,223.1923049,6.833,1352084.21,1178905.44,1749042.1775000002,2012,1,1,0
11,2012-01-13,0,1264736.59,A,207499,53.1,3.261,7153.87,4831.34,39.14,590.68,8698.99,223.3755259,6.833,1283885.55,1194449.78,1658349.58,2012,1,2,0
11,2012-01-20,0,1207303.29,A,207499,56.43,3.268,2421.89,1803.64,37.76,297.73,2282.23,223.4700552,6.833,1264736.59,1187776.19,1528556.2125,2012,1,3,0
11,2012-01-27,0,1162675.85,A,207499,58.36,3.29,708.33,1631.94,49.3,3.0,2116.1,223.5645845,6.833,1207303.29,1100418.69,1277002.4100000001,2012,1,4,0
11,2012-02-03,0,1376732.18,A,207499,60.24,3.36,50909.18,1957.49,137.23,37091.67,6418.36,223.6591137,6.833,1162675.85,1422546.05,1229650.32,2012,2,5,0
11,2012-02-10,1,1574287.76,A,207499,52.23,3.409,12424.72,4575.75,81.74,8932.68,6987.67,223.753643,6.833,1376732.18,1419236.9,1252861.9775,2012,2,6,0
11,2012-02-17,0,1569607.94,A,207499,52.77,3.51,10256.46,9792.52,24.82,4060.54,2418.36,223.9170153,6.833,1574287.76,1554747.15,1330249.77,2012,2,7,0
11,2012-02-24,0,1379473.03,A,207499,61.11,3.555,17546.88,7531.48,0.5,3698.03,12656.68,224.1320199,6.833,1569607.94,1323999.36,1420825.9325,2012,2,8,0
11,2012-03-02,0,1438383.44,A,207499,62.61,3.63,16404.25,1191.27,7.03,11524.7,4400.35,224.3470245,6.833,1379473.03,1399456.99,1475025.2275,2012,3,9,0
11,2012-03-09,0,1413382.76,A,207499,61.44,3.669,7634.94,379.04,3.5,1251.85,6147.5,224.5620291,6.833,1438383.44,1314557.31,1490438.0425,2012,3,10,0
11,2012-03-16,0,1441884.28,A,207499,64.21,3.734,7073.59,224.43,4.19,3164.68,2438.5,224.7166953,6.833,1413382.76,1391813.69,1450211.7925,2012,3,11,0
11,2012-03-23,0,1300593.61,A,207499,67.16,3.787,7359.11,297.23,2.04,558.46,3588.44,224.7909104,6.833,1441884.28,1229777.24,1418280.8775000002,2012,3,12,0
11,2012-03-30,0,1300104.03,A,207499,70.23,3.845,7438.04,190.98,1.0,1345.08,3504.0,224.8651254,6.833,1300593.61,1258674.12,1398561.0225,2012,3,13,0
11,2012-04-06,0,1596325.01,A,207499,74.19,3.891,10760.37,,45.34,4048.21,5596.73,224.9393405,6.664,1300104.03,1327401.06,1363991.17,2012,4,14,0
11,2012-04-13,0,1472752.01,A,207499,72.74,3.891,8906.38,4722.18,9.86,1412.83,2772.79,225.0135556,6.664,1596325.01,1312905.8,1409726.7325,2012,4,15,0
11,2012-04-20,0,1315356.99,A,207499,71.97,3.877,7906.21,68.22,1.44,393.55,4854.79,225.0689541,6.664,1472752.01,1388118.53,1417443.665,2012,4,16,0
11,2012-04-27,0,1236238.29,A,207499,73.4,3.814,1824.41,1.41,1.48,,5826.68,225.1243526,6.664,1315356.99,1357589.89,1421134.5100000002,2012,4,17,0
12,2011-02-04,0,1046068.17,B,112238,45.14,3.348,,,,,,127.7195806,14.021,873119.06,1100046.37,849336.65,2011,2,5,1
12,2011-02-11,1,1086421.57,B,112238,51.3,3.381,,,,,,127.859129,14.021,1046068.17,1117863.33,883326.1325000001,2011,2,6,1
12,2011-02-18,0,1128485.1,B,112238,53.35,3.43,,,,,,127.99525,14.021,1086421.57,1095421.65,951928.5750000001,2011,2,7,1
12,2011-02-25,0,1046203.72,B,112238,48.45,3.53,,,,,,128.13,14.021,1128485.1,1048617.17,1033523.4750000001,2011,2,8,1
12,2011-03-04,0,1085248.21,B,112238,51.72,3.674,,,,,,128.26475,14.021,1046203.72,1077018.27,1076794.6400000001,2011,3,9,1
12,2011-03-11,0,997672.62,B,112238,57.75,3.818,,,,,,128.3995,14.021,1085248.21,985594.23,1086589.6500000001,2011,3,10,1
12,2011-03-18,0,1009502.01,B,112238,64.21,3.692,,,,,,128.5121935,14.021,997672.62,972088.34,1064402.4125,2011,3,11,1
12,2011-03-25,0,954107.3200000001,B,112238,54.4,3.909,,,,,,128.6160645,14.021,1009502.01,981615.8099999999,1034656.64,2011,3,12,1
12,2011-04-01,0,1005463.49,B,112238,63.63,3.772,,,,,,128.7199355,13.736,954107.3200000001,1011822.3,1011632.5399999999,2011,4,13,1
12,2011-04-08,0,998362.05,B,112238,64.47,4.003,,,,,,128.8238065,13.736,1005463.49,1041238.87,991686.3600000001,2011,4,14,1
12,2011-04-15,0,990951.77,B,112238,57.63,3.868,,,,,,128.9107333,13.736,998362.05,957997.52,991858.7175,2011,4,15,1
12,2011-04-22,0,1016019.47,B,112238,72.12,4.134,,,,,,128.9553,13.736,990951.77,993833.4400000001,987221.1575,2011,4,16,1
12,2011-04-29,0,994966.1,B,112238,68.27,4.151,,,,,,128.9998667,13.736,1016019.47,954220.22,1002699.1950000001,2011,4,17,1
12,2011-05-06,0,1021154.48,B,112238,68.4,4.193,,,,,,129.0444333,13.736,994966.1,1043240.27,1000074.8474999999,2011,5,18,1
12,2011-05-13,0,977033.5,B,112238,70.93,4.202,,,,,,129.089,13.736,1021154.48,966054.97,1005772.9550000001,2011,5,19,1
12,2011-05-20,0,924134.99,B,112238,66.59,4.169,,,,,,129.0756774,13.736,977033.5,958374.5599999999,1002293.3875,2011,5,20,1
12,2011-05-27,0,964332.51,B,112238,76.67,4.087,,,,,,129.0623548,13.736,924134.99,955451.16,979322.2675,2011,5,21,1
12,2011-06-03,0,970328.68,B,112238,71.81,4.031,,,,,,129.0490323,13.736,964332.51,1049357.36,971663.8699999999,2011,6,22,1
12,2011-06-10,0,996937.95,B,112238,78.72,3.981,,,,,,129.0357097,13.736,970328.68,1016039.71,958957.42,2011,6,23,1
12,2011-06-17,0,986504.93,B,112238,86.84,3.935,,,,,,129.0432,13.736,996937.95,956211.2,963933.5325,2011,6,24,1
12,2011-06-24,0,997282.75,B,112238,88.95,3.898,,,,,,129.0663,13.736,986504.93,958007.69,979526.0175000001,2011,6,25,1
12,2011-07-01,0,961993.34,B,112238,89.85,3.842,,,,,,129.0894,13.503,997282.75,951957.3099999999,987763.5775000001,2011,7,26,1
12,2011-07-08,0,943717.38,B,112238,89.9,3.705,,,,,,129.1125,13.503,961993.34,943506.28,985679.7425,2011,7,27,1
12,2011-07-15,0,936001.98,B,112238,88.1,3.692,,,,,,129.1338387,13.503,943717.38,916402.76,972374.6,2011,7,28,1
12,2011-07-22,0,922231.92,B,112238,91.17,3.794,,,,,,129.1507742,13.503,936001.98,912403.67,959748.8624999999,2011,7,29,1
12,2011-07-29,0,890547.0700000001,B,112238,93.29,3.805,,,,,,129.1677097,13.503,922231.92,913548.25,940986.155,2011,7,30,1
12,2011-08-05,0,988712.52,B,112238,90.61,3.803,,,,,,129.1846452,13.503,890547.0700000001,967576.95,923124.5875,2011,8,31,1
12,2011-08-12,0,955913.6799999999,B,112238,91.04,3.701,,,,,,129.2015806,13.503,988712.52,928264.4,934373.3725,2011,8,32,1
12,2011-08-19,0,966817.24,B,112238,91.74,3.743,,,,,,129.2405806,13.503,955913.6799999999,948447.34,939351.2975,2011,8,33,1
12,2011-08-26,0,1017593.47,B,112238,94.61,3.74,,,,,,129.2832581,13.503,966817.24,1004516.46,950497.6275000001,2011,8,34,1
12,2011-09-02,0,1052051.45,B,112238,93.66,3.798,,,,,,129.3259355,13.503,1017593.47,1075758.55,982259.2274999999,2011,9,35,1
12,2011-09-09,1,922850.57,B,112238,88.0,3.913,,,,,,129.3686129,13.503,1052051.45,903119.03,998093.96,2011,9,36,1
12,2011-09-16,0,889290.23,B,112238,76.36,3.918,,,,,,129.4306,13.503,922850.57,852882.61,989828.1825,2011,9,37,1
12,2011-09-23,0,871692.74,B,112238,82.95,3.789,,,,,,129.5183333,13.503,889290.23,851919.34,970446.4299999999,2011,9,38,1
12,2011-09-30,0,866401.4500000001,B,112238,83.26,3.877,,,,,,129.6060667,13.503,871692.74,850936.26,933971.2475,2011,9,39,1
12,2011-10-07,0,951244.66,B,112238,70.44,3.827,,,,,,129.6938,12.89,866401.4500000001,918335.68,887558.7475,2011,10,40,1
12,2011-10-14,0,927600.01,B,112238,67.31,3.805,,,,,,129.7706452,12.89,951244.66,862419.84,894657.27,2011,10,41,1
12,2011-10-21,0,938604.58,B,112238,73.05,3.842,,,,,,129.7821613,12.89,927600.01,857883.46,904234.7150000001,2011,10,42,1
12,2011-10-28,0,990926.38,B,112238,67.41,3.727,,,,,,129.7936774,12.89,938604.58,955294.7,920962.675,2011,10,43,1
12,2011-11-04,0,1051944.79,B,112238,59.77,3.828,,,,,,129.8051935,12.89,990926.38,929690.7100000001,952093.9075,2011,11,44,1
12,2011-11-11,0,1095091.53,B,112238,48.76,3.824,18049.87,7939.68,234.64,10463.07,5588.33,129.8167097,12.89,1051944.79,942475.24,977268.9400000001,2011,11,45,1
12,2011-11-18,0,970641.34,B,112238,54.2,3.813,5957.36,343.22,84.93,2390.67,12934.62,129.8268333,12.89,1095091.53,894493.7,1019141.8200000001,2011,11,46,1
12,2011-11-25,1,1591920.42,B,112238,53.25,3.622,5391.83,8.0,63143.29,49.27,2115.67,129.8364,12.89,970641.34,1601377.41,1027151.01,2011,11,47,1
12,2011-12-02,0,1071383.1,B,112238,52.5,3.701,4868.73,,2022.46,3768.45,18368.11,129.8459667,12.89,1591920.42,1069533.17,1177399.52,2011,12,48,1
12,2011-12-09,0,1189646.45,B,112238,42.17,3.644,8374.63,15.85,573.92,5849.71,37581.27,129.8555333,12.89,1071383.1,1121934.15,1182259.0975000001,2011,12,49,1
12,2011-12-16,0,1293404.18,B,112238,43.29,3.6,4940.95,28.45,1038.3,1100.93,5243.21,129.8980645,12.89,1189646.45,1295605.35,1205897.8275,2011,12,50,1
12,2011-12-23,0,1617612.03,B,112238,45.4,3.541,1797.35,15.98,839.84,1375.84,17699.26,129.9845484,12.89,1293404.18,1768249.89,1286588.5375,2011,12,51,1
12,2011-12-30,1,1111638.07,B,112238,44.64,3.428,6982.02,58804.91,60.29,1268.21,3553.79,130.0710323,12.89,1617612.03,891736.91,1293011.44,2011,12,52,1
12,2012-01-06,0,945823.65,B,112238,50.43,3.599,11181.59,33829.84,36.96,624.05,10152.27,130.1575161,12.187,1111638.07,910110.24,1303075.1825,2012,1,1,1
12,2012-01-13,0,865467.86,B,112238,48.07,3.657,6935.5,23438.57,,2289.8,9526.73,130.244,12.187,945823.65,812011.8,1242119.4825,2012,1,2,1
12,2012-01-20,0,855922.64,B,112238,46.2,3.66,4167.27,5161.57,5.84,2552.39,3854.53,130.2792258,12.187,865467.86,802105.5,1135135.4025,2012,1,3,1
12,2012-01-27,0,888203.69,B,112238,50.43,3.675,1201.31,631.79,,104.69,1050.85,130.3144516,12.187,855922.64,873119.06,944713.0549999999,2012,1,4,1
12,2012-02-03,0,1058767.95,B,112238,50.58,3.702,60740.64,3779.65,43.08,48403.53,20348.16,130.3496774,12.187,888203.69,1046068.17,888854.46,2012,2,5,1
12,2012-02-10,1,1199330.85,B,112238,52.27,3.722,20281.03,2551.32,14.99,10597.74,7457.16,130.3849032,12.187,1058767.95,1086421.57,917090.535,2012,2,6,1
12,2012-02-17,0,1240048.85,B,112238,51.8,3.781,17708.64,8549.74,2.88,14234.76,5960.69,130.4546207,12.187,1199330.85,1128485.1,1000556.2825000001,2012,2,7,1
12,2012-02-24,0,1112034.72,B,112238,53.13,3.95,12862.31,5681.93,2.0,2401.22,5131.37,130.5502069,12.187,1240048.85,1046203.72,1096587.835,2012,2,8,1
12,2012-03-02,0,1147636.96,B,112238,52.27,4.178,15046.69,2131.62,12.84,4574.95,3428.27,130.6457931,12.187,1112034.72,1085248.21,1152545.5925,2012,3,9,1
12,2012-03-09,0,1113208.57,B,112238,54.54,4.25,8404.29,2192.75,3.91,1479.91,5882.51,130.7413793,12.187,1147636.96,997672.62,1174762.845,2012,3,10,1
12,2012-03-16,0,1088498.52,B,112238,64.44,4.273,9582.27,731.87,4.02,1589.97,2365.63,130.8261935,12.187,1113208.57,1009502.01,1153232.275,2012,3,11,1
12,2012-03-23,0,1045419.87,B,112238,56.26,4.038,3865.96,1496.18,7.35,1951.11,1440.31,130.8966452,12.187,1088498.52,954107.3200000001,1115344.6925,2012,3,12,1
12,2012-03-30,0,1025382.22,B,112238,64.36,4.294,13644.08,115.67,8.34,1885.51,2291.86,130.9670968,12.187,1045419.87,1005463.49,1098690.98,2012,3,13,1
12,2012-04-06,0,1128765.71,B,112238,64.05,4.121,11772.46,,61.63,3885.06,4225.11,131.0375484,11.627,1025382.22,998362.05,1068127.2950000002,2012,4,14,1
12,2012-04-13,0,1083811.19,B,112238,64.28,4.254,9681.11,2934.51,14.08,1944.35,3103.61,131.108,11.627,1128765.71,990951.77,1072016.58,2012,4,15,1
12,2012-04-20,0,1006486.96,B,112238,66.73,4.222,8679.29,1265.97,7.7,878.01,4358.86,131.1173333,11.627,1083811.19,1016019.47,1070844.7475,2012,4,16,1
12,2012-04-27,0,1004252.38,B,112238,77.99,4.193,2936.01,336.39,26.18,613.65,740.83,131.1266667,11.627,1006486.96,994966.1,1061111.52,2012,4,17,1
13,2011-02-04,0,1848186.58,A,219622,23.35,2.974,,,,,,127.7195806,7.47,1633663.12,1967220.53,1707675.2975,2011,2,5,0
13,2011-02-11,1,1944438.9,A,219622,30.83,3.034,,,,,,127.859129,7.47,1848186.58,2030933.46,1733585.8450000002,2011,2,6,0
13,2011-02-18,0,2003480.59,A,219622,40.85,3.062,,,,,,127.99525,7.47,1944438.9,1970274.64,1799116.4925,2011,2,7,0
13,2011-02-25,0,1831933.95,A,219622,33.17,3.12,,,,,,128.13,7.47,2003480.59,1817850.32,1857442.2974999999,2011,2,8,0
13,2011-03-04,0,1894960.68,A,219622,34.23,3.23,,,,,,128.26475,7.47,1831933.95,1939980.43,1907010.005,2011,3,9,0
13,2011-03-11,0,1852432.58,A,219622,41.28,3.346,,,,,,128.3995,7.47,1894960.68,1840686.94,1918703.5299999998,2011,3,10,0
13,2011-03-18,0,1852443.78,A,219622,44.69,3.407,,,,,,128.5121935,7.47,1852432.58,1879794.8900000001,1895701.9500000002,2011,3,11,0
13,2011-03-25,0,1807545.43,A,219622,42.38,3.435,,,,,,128.6160645,7.47,1852443.78,1882095.98,1857942.7475,2011,3,12,0
13,2011-04-01,0,1864238.64,A,219622,42.49,3.487,,,,,,128.7199355,7.193,1807545.43,2142482.14,1851845.6175000002,2011,4,13,0
13,2011-04-08,0,1887465.04,A,219622,42.75,3.547,,,,,,128.8238065,7.193,1864238.64,1898321.3299999998,1844165.1075000002,2011,4,14,0
13,2011-04-15,0,1950994.04,A,219622,41.72,3.616,,,,,,128.9107333,7.193,1887465.04,1819660.44,1852923.2225,2011,4,15,0
13,2011-04-22,0,2124316.34,A,219622,47.55,3.655,,,,,,128.9553,7.193,1950994.04,1909330.77,1877560.7875,2011,4,16,0
13,2011-04-29,0,1895583.12,A,219622,43.85,3.683,,,,,,128.9998667,7.193,2124316.34,1785823.3699999999,1956753.5150000001,2011,4,17,0
13,2011-05-06,0,1986380.4,A,219622,47.75,3.744,,,,,,129.0444333,7.193,1895583.12,2005478.46,1964589.635,2011,5,18,0
13,2011-05-13,0,1958823.56,A,219622,52.4,3.77,,,,,,129.089,7.193,1986380.4,1890273.44,1989318.475,2011,5,19,0
13,2011-05-20,0,1860923.55,A,219622,52.12,3.802,,,,,,129.0756774,7.193,1958823.56,1853657.5999999999,1991275.855,2011,5,20,0
13,2011-05-27,0,1866369.93,A,219622,54.62,3.778,,,,,,129.0623548,7.193,1860923.55,1877358.86,1925427.6575,2011,5,21,0
13,2011-06-03,0,1935593.87,A,219622,52.76,3.752,,,,,,129.0490323,7.193,1866369.93,2022705.22,1918124.3599999999,2011,6,22,0
13,2011-06-10,0,1997816.98,A,219622,61.39,3.732,,,,,,129.0357097,7.193,1935593.87,2037880.96,1905427.7275,2011,6,23,0
13,2011-06-17,0,2086433.49,A,219622,63.35,3.704,,,,,,129.0432,7.193,1997816.98,2003435.31,1915176.0825,2011,6,24,0
13,2011-06-24,0,2009163.08,A,219622,66.38,3.668,,,,,,129.0663,7.193,2086433.49,1970340.25,1971553.5675000001,2011,6,25,0
13,2011-07-01,0,2048035.74,A,219622,74.29,3.613,,,,,,129.0894,6.877,2009163.08,2018314.71,2007251.855,2011,7,26,0
13,2011-07-08,0,2021699.38,A,219622,77.3,3.563,,,,,,129.1125,6.877,2048035.74,1870843.9,2035362.3225000002,2011,7,27,0
13,2011-07-15,0,1956813.31,A,219622,75.59,3.553,,,,,,129.1338387,6.877,2021699.38,1932231.05,2041332.9224999999,2011,7,28,0
13,2011-07-22,0,1987089.36,A,219622,78.5,3.563,,,,,,129.1507742,6.877,1956813.31,1907351.2,2008927.8775,2011,7,29,0
13,2011-07-29,0,1880785.69,A,219622,77.62,3.574,,,,,,129.1677097,6.877,1987089.36,1817887.23,2003409.4475,2011,7,30,0
13,2011-08-05,0,2076231.8,A,219622,75.56,3.595,,,,,,129.1846452,6.877,1880785.69,1969121.45,1961596.935,2011,8,31,0
13,2011-08-12,0,1970341.38,A,219622,75.95,3.606,,,,,,129.2015806,6.877,2076231.8,1877592.55,1975230.04,2011,8,32,0
13,2011-08-19,0,2090340.98,A,219622,76.68,3.578,,,,,,129.2405806,6.877,1970341.38,1997397.6300000001,1978612.0575,2011,8,33,0
13,2011-08-26,0,2035244.54,A,219622,81.53,3.57,,,,,,129.2832581,6.877,2090340.98,1908278.27,2004424.9625,2011,8,34,0
13,2011-09-02,0,1953628.82,A,219622,77.0,3.58,,,,,,129.3259355,6.877,2035244.54,1911852.58,2043039.675,2011,9,35,0
13,2011-09-09,1,1872921.31,A,219622,70.19,3.619,,,,,,129.3686129,6.877,1953628.82,1772143.94,2012388.9300000002,2011,9,36,0
13,2011-09-16,0,1923223.82,A,219622,67.54,3.641,,,,,,129.4306,6.877,1872921.31,1790279.74,1988033.9124999999,2011,9,37,0
13,2011-09-23,0,1847430.96,A,219622,63.6,3.648,,,,,,129.5183333,6.877,1923223.82,1705655.09,1946254.6225,2011,9,38,0
13,2011-09-30,0,1835662.69,A,219622,68.28,3.623,,,,,,129.6060667,6.877,1847430.96,1765584.48,1899301.2275,2011,9,39,0
13,2011-10-07,0,2067232.56,A,219622,60.62,3.592,,,,,,129.6938,6.392,1835662.69,1871924.07,1869809.6949999998,2011,10,40,0
13,2011-10-14,0,1929659.07,A,219622,51.74,3.567,,,,,,129.7706452,6.392,2067232.56,1851431.06,1918387.5075,2011,10,41,0
13,2011-10-21,0,1973544.27,A,219622,54.66,3.579,,,,,,129.7821613,6.392,1929659.07,1796949.59,1919996.32,2011,10,42,0
13,2011-10-28,0,1948733.81,A,219622,47.41,3.567,,,,,,129.7936774,6.392,1973544.27,1887895.07,1951524.6475,2011,10,43,0
13,2011-11-04,0,2036317.54,A,219622,43.51,3.538,,,,,,129.8051935,6.392,1948733.81,1854967.66,1979792.4275000002,2011,11,44,0
13,2011-11-11,0,2111592.09,A,219622,33.8,3.513,31400.97,30876.79,645.07,4407.38,7740.27,129.8167097,6.392,2036317.54,1939964.6300000001,1972063.6725,2011,11,45,0
13,2011-11-18,0,2016323.51,A,219622,40.65,3.489,11003.75,1090.92,89.88,1201.3,10231.67,129.8268333,6.392,2111592.09,1925393.91,2017546.9275,2011,11,46,0
13,2011-11-25,1,2864170.61,A,219622,38.89,3.445,1282.42,548.1,109030.75,146.33,3557.67,129.8364,6.392,2016323.51,2766400.05,2028241.7375,2011,11,47,0
13,2011-12-02,0,2051315.66,A,219622,33.94,3.389,7945.42,56.0,25126.9,5550.87,31844.2,129.8459667,6.392,2864170.61,2083379.8900000001,2257100.9375,2011,12,48,0
13,2011-12-09,0,2462779.06,A,219622,24.82,3.341,5924.71,56.0,577.59,1778.83,20371.02,129.8555333,6.392,2051315.66,2461468.35,2260850.4675,2011,12,49,0
13,2011-12-16,0,2760346.71,A,219622,27.85,3.282,3272.56,556.15,959.55,424.43,5933.01,129.8980645,6.392,2462779.06,2771646.81,2348647.21,2011,12,50,0
13,2011-12-23,0,3556766.03,A,219622,24.76,3.186,686.24,193.26,2971.53,239.78,3567.03,129.9845484,6.392,2760346.71,3595903.2,2534653.01,2011,12,51,0
13,2011-12-30,1,1969056.91,A,219622,31.53,3.119,5970.81,89121.94,406.4,1772.02,3645.0,130.0710323,6.392,3556766.03,1675292.0,2707801.8649999998,2011,12,52,0
13,2012-01-06,0,1865752.78,A,219622,33.8,3.08,6809.96,37106.52,179.77,1922.55,7481.58,130.1575161,6.104,1969056.91,1744544.39,2687237.1774999998,2012,1,1,0
13,2012-01-13,0,1794962.64,A,219622,25.61,3.056,3627.07,14887.88,119.93,798.48,4668.82,130.244,6.104,1865752.78,1682316.31,2537980.6075,2012,1,2,0
13,2012-01-20,0,1811606.21,A,219622,32.71,3.047,3150.56,6765.52,87.63,1196.17,3136.96,130.2792258,6.104,1794962.64,1770177.37,2296634.59,2012,1,3,0
13,2012-01-27,0,1733983.09,A,219622,34.32,3.058,3743.0,3744.31,108.46,253.99,3511.82,130.3144516,6.104,1811606.21,1633663.12,1860344.635,2012,1,4,0
13,2012-02-03,0,1927780.74,A,219622,31.39,3.077,53423.29,5822.12,282.08,57817.56,9654.23,130.3496774,6.104,1733983.09,1848186.58,1801576.1800000002,2012,2,5,0
13,2012-02-10,1,2069284.57,A,219622,33.73,3.116,9264.48,8292.73,179.72,18849.21,9083.54,130.3849032,6.104,1927780.74,1944438.9,1817083.17,2012,2,6,0
13,2012-02-17,0,2214477.06,A,219622,36.57,3.119,21621.16,16497.47,25.52,13643.83,14660.97,130.4546207,6.104,2069284.57,2003480.59,1885663.6525,2012,2,7,0
13,2012-02-24,0,1929768.03,A,219622,35.38,3.145,16404.54,12013.87,3.4,2584.12,5126.53,130.5502069,6.104,2214477.06,1831933.95,1986381.3650000002,2012,2,8,0
13,2012-03-02,0,1969742.76,A,219622,32.36,3.242,25204.67,2436.75,167.88,16066.76,7289.69,130.6457931,6.104,1929768.03,1894960.68,2035327.6,2012,3,9,0
13,2012-03-09,0,1986445.65,A,219622,38.24,3.38,9173.97,339.05,9.44,1300.75,7479.12,130.7413793,6.104,1969742.76,1852432.58,2045818.105,2012,3,10,0
13,2012-03-16,0,2025582.6199999999,A,219622,52.5,3.529,8901.34,637.7,3.85,6169.81,2446.53,130.8261935,6.104,1986445.65,1852443.78,2025108.375,2012,3,11,0
13,2012-03-23,0,1904421.74,A,219622,47.83,3.671,3489.61,75.36,2.52,827.19,3427.9,130.8966452,6.104,2025582.6199999999,1807545.43,1977884.765,2012,3,12,0
13,2012-03-30,0,1948982.7,A,219622,53.2,3.734,10556.61,43.54,15.84,1116.83,8179.03,130.9670968,6.104,1904421.74,1864238.64,1971548.1925,2012,3,13,0
13,2012-04-06,0,2271614.76,A,219622,48.85,3.793,9249.62,,59.94,3969.24,6016.86,131.0375484,5.965,1948982.7,1887465.04,1966358.1775,2012,4,14,0
13,2012-04-13,0,2057637.8599999999,A,219622,51.7,3.833,7419.44,19610.52,54.65,3021.51,3374.9,131.108,5.965,2271614.76,1950994.04,2037650.4549999998,2012,4,15,0
13,2012-04-20,0,1955689.12,A,219622,50.24,3.845,22464.84,8216.22,70.45,1561.38,7307.24,131.1173333,5.965,2057637.8599999999,2124316.34,2045664.2649999997,2012,4,16,0
13,2012-04-27,0,1970121.65,A,219622,64.8,3.842,4626.7,0.11,67.16,104.18,3280.73,131.1266667,5.965,1955689.12,1895583.12,2058481.1099999999,2012,4,17,0
14,2011-02-04,0,1995891.8699999999,A,200898,28.73,3.231,,,,,,183.4408542,8.549,1613718.3800000001,2623469.9499999997,1730187.3125,2011,2,5,0
14,2011-02-11,1,1980405.03,A,200898,30.3,3.239,,,,,,183.7016129,8.549,1995891.8699999999,1704218.84,1762973.7550000001,2011,2,6,0
14,2011-02-18,0,2019031.67,A,200898,40.7,3.245,,,,,,183.9371353,8.549,1980405.03,2204556.7,1833301.0375,2011,2,7,0
14,2011-02-25,0,1875708.88,A,200898,35.78,3.274,,,,,,184.1625632,8.549,2019031.67,2095591.63,1902261.7374999998,2011,2,8,0
14,2011-03-04,0,2041215.6099999999,A,200898,38.65,3.433,,,,,,184.3879911,8.549,1875708.88,2237544.75,1967759.3624999998,2011,3,9,0
14,2011-03-11,0,1931104.67,A,200898,45.01,3.582,,,,,,184.613419,8.549,2041215.6099999999,2156035.06,1979090.2974999999,2011,3,10,0
14,2011-03-18,0,1932491.42,A,200898,46.66,3.631,,,,,,184.809719,8.549,1931104.67,2066219.3,1966765.2075,2011,3,11,0
14,2011-03-25,0,1879451.23,A,200898,41.76,3.625,,,,,,184.9943679,8.549,1932491.42,2050396.27,1945130.145,2011,3,12,0
14,2011-04-01,0,1869110.55,A,200898,37.27,3.638,,,,,,185.1790167,8.521,1879451.23,2495630.5100000002,1946065.7325,2011,4,13,0
14,2011-04-08,0,2037798.8800000001,A,200898,48.71,3.72,,,,,,185.3636656,8.521,1869110.55,2258781.2800000003,1903039.4675,2011,4,14,0
14,2011-04-15,0,1974960.8599999999,A,200898,53.69,3.821,,,,,,185.5339821,8.521,2037798.8800000001,2121788.61,1929713.02,2011,4,15,0
14,2011-04-22,0,2256461.39,A,200898,53.04,3.892,,,,,,185.6684673,8.521,1974960.8599999999,2138144.91,1940330.38,2011,4,16,0
14,2011-04-29,0,1930617.64,A,200898,66.18,3.962,,,,,,185.8029526,8.521,2256461.39,2082355.12,2034582.92,2011,4,17,0
14,2011-05-06,0,2095599.93,A,200898,58.21,4.046,,,,,,185.9374378,8.521,1930617.64,2370116.52,2049959.6925,2011,5,18,0
14,2011-05-13,0,2004330.3,A,200898,60.38,4.066,,,,,,186.0719231,8.521,2095599.93,2129771.13,2064409.955,2011,5,19,0
14,2011-05-20,0,1959967.8,A,200898,62.28,4.062,,,,,,185.9661154,8.521,2004330.3,2108187.1,2071752.3150000002,2011,5,20,0
14,2011-05-27,0,2080694.24,A,200898,69.7,3.985,,,,,,185.8603077,8.521,1959967.8,2227152.16,1997628.9175,2011,5,21,0
14,2011-06-03,0,2079899.47,A,200898,76.38,3.922,,,,,,185.7545,8.521,2080694.24,2363601.47,2035148.0675000001,2011,6,22,0
14,2011-06-10,0,2132446.0,A,200898,73.88,3.881,,,,,,185.6486923,8.521,2079899.47,2249570.04,2031222.9525,2011,6,23,0
14,2011-06-17,0,2082083.3399999999,A,200898,69.32,3.842,,,,,,185.6719333,8.521,2132446.0,2248645.59,2063251.8775,2011,6,24,0
14,2011-06-24,0,2069523.52,A,200898,74.85,3.804,,,,,,185.7919609,8.521,2082083.3399999999,2246179.91,2093780.7625,2011,6,25,0
14,2011-07-01,0,2074668.19,A,200898,74.04,3.748,,,,,,185.9119885,8.625,2069523.52,2334788.42,2090988.0825,2011,7,26,0
14,2011-07-08,0,2063401.06,A,200898,77.49,3.711,,,,,,186.032016,8.625,2074668.19,2236209.13,2089680.2625,2011,7,27,0
14,2011-07-15,0,1953544.76,A,200898,78.47,3.76,,,,,,186.1399808,8.625,2063401.06,2130287.27,2072419.0274999999,2011,7,28,0
14,2011-07-22,0,1882070.88,A,200898,82.33,3.811,,,,,,186.2177885,8.625,1953544.76,2044155.39,2040284.3825,2011,7,29,0
14,2011-07-29,0,1871021.01,A,200898,81.31,3.829,,,,,,186.2955962,8.625,1882070.88,2054843.28,1993421.2225,2011,7,30,0
14,2011-08-05,0,2066020.69,A,200898,78.22,3.842,,,,,,186.3734038,8.625,1871021.01,2219813.5,1942509.4275,2011,8,31,0
14,2011-08-12,0,1928773.82,A,200898,77.0,3.812,,,,,,186.4512115,8.625,2066020.69,2052984.81,1943164.335,2011,8,32,0
14,2011-08-19,0,1896873.99,A,200898,72.98,3.747,,,,,,186.5093071,8.625,1928773.82,2057138.31,1936971.5999999999,2011,8,33,0
14,2011-08-26,0,2273470.62,A,200898,72.55,3.704,,,,,,186.5641172,8.625,1896873.99,2020332.07,1940672.3775,2011,8,34,0
14,2011-09-02,0,1750891.47,A,200898,70.63,3.703,,,,,,186.6189274,8.625,2273470.62,2182563.66,2041284.78,2011,9,35,0
14,2011-09-09,1,2202742.9,A,200898,71.48,3.738,,,,,,186.6737376,8.625,1750891.47,2191767.7600000002,1962502.4749999999,2011,9,36,0
14,2011-09-16,0,1864637.89,A,200898,69.17,3.742,,,,,,186.8024,8.625,2202742.9,1953539.85,2030994.745,2011,9,37,0
14,2011-09-23,0,1871555.64,A,200898,63.75,3.711,,,,,,187.0295321,8.625,1864637.89,1879891.13,2022935.72,2011,9,38,0
14,2011-09-30,0,1809989.29,A,200898,70.66,3.645,,,,,,187.2566641,8.625,1871555.64,1855703.66,1922456.975,2011,9,39,0
14,2011-10-07,0,2078796.76,A,200898,55.82,3.583,,,,,,187.4837962,8.523,1809989.29,2091663.2,1937231.4300000002,2011,10,40,0
14,2011-10-14,0,1890870.75,A,200898,63.82,3.541,,,,,,187.6917481,8.523,2078796.76,1932162.63,1906244.895,2011,10,41,0
14,2011-10-21,0,2009004.5899999999,A,200898,59.6,3.57,,,,,,187.7846197,8.523,1890870.75,1936621.09,1912803.11,2011,10,42,0
14,2011-10-28,0,2056846.12,A,200898,51.78,3.569,,,,,,187.8774913,8.523,2009004.5899999999,1984768.34,1947165.3475000001,2011,10,43,0
14,2011-11-04,0,2174056.71,A,200898,43.92,3.551,,,,,,187.9703629,8.523,2056846.12,2078417.47,2008879.555,2011,11,44,0
14,2011-11-11,0,2081534.6500000001,A,200898,47.65,3.53,11376.03,22505.23,1079.89,2679.33,4257.94,188.0632345,8.523,2174056.71,2092189.06,2032694.5425,2011,11,45,0
14,2011-11-18,0,1969360.72,A,200898,51.34,3.53,16308.11,749.9,273.72,2331.53,9347.0,188.1983654,8.523,2081534.6500000001,1968462.58,2080360.5175,2011,11,46,0
14,2011-11-25,1,2685351.81,A,200898,48.71,3.492,286.52,54.0,89402.64,13.0,1915.8,188.3504,8.523,1969360.72,2921709.71,2070449.55,2011,11,47,0
14,2011-12-02,0,2143080.57,A,200898,50.19,3.452,6428.59,,3657.58,2939.92,34955.25,188.5024346,8.523,2685351.81,2258489.63,2227575.9725,2011,12,48,0
14,2011-12-09,0,2470581.29,A,200898,46.57,3.415,7297.72,15.0,342.71,4849.0,7509.9,188.6544692,8.523,2143080.57,2600519.26,2219831.9375,2011,12,49,0
14,2011-12-16,0,2594363.09,A,200898,39.93,3.413,5398.47,6.12,881.17,290.64,6390.47,188.7979349,8.523,2470581.29,2762861.41,2317093.5975,2011,12,50,0
14,2011-12-23,0,3369068.99,A,200898,42.27,3.389,924.14,112.73,2127.77,80.02,4638.81,188.9299752,8.523,2594363.09,3818686.45,2473344.19,2011,12,51,0
14,2011-12-30,1,1914148.89,A,200898,37.79,3.389,7844.31,70574.85,312.98,1559.84,2851.33,189.0620155,8.523,3369068.99,1623716.46,2644273.485,2011,12,52,0
14,2012-01-06,0,1859144.96,A,200898,35.88,3.422,10428.95,39234.09,839.74,981.17,15911.56,189.1940558,8.424,1914148.89,1864746.1,2587040.5650000004,2012,1,1,0
14,2012-01-13,0,1696248.27,A,200898,41.18,3.513,4605.8,21593.85,636.54,727.57,4054.79,189.3260962,8.424,1859144.96,1699095.9,2434181.4825,2012,1,2,0
14,2012-01-20,0,1789113.32,A,200898,31.85,3.533,5037.95,4952.93,860.9,2560.08,5386.74,189.4214733,8.424,1696248.27,1743188.8699999999,2209652.7775,2012,1,3,0
14,2012-01-27,0,1595362.27,A,200898,37.93,3.567,3468.31,2195.14,689.52,252.01,2128.36,189.5168505,8.424,1789113.32,1613718.3800000001,1814663.8599999999,2012,1,4,0
14,2012-02-03,0,1877410.36,A,200898,42.96,3.617,78124.5,4232.19,788.56,46081.94,14550.73,189.6122277,8.424,1595362.27,1995891.8699999999,1734967.205,2012,2,5,0
14,2012-02-10,1,2077256.24,A,200898,37.0,3.64,17118.97,6533.16,285.82,11597.23,6174.43,189.7076048,8.424,1877410.36,1980405.03,1739533.5550000002,2012,2,6,0
14,2012-02-17,0,2020550.99,A,200898,36.85,3.695,23664.75,13769.67,143.36,11965.7,10506.12,189.8424834,8.424,2077256.24,2019031.67,1834785.5474999999,2012,2,7,0
14,2012-02-24,0,1875040.16,A,200898,42.86,3.739,15074.23,8644.89,4.2,4450.84,7278.87,190.0069881,8.424,2020550.99,1875708.88,1892644.9649999999,2012,2,8,0
14,2012-03-02,0,1926004.99,A,200898,41.55,3.816,20212.56,1991.38,46.67,11970.8,6876.57,190.1714927,8.424,1875040.16,2041215.6099999999,1962564.4375,2012,3,9,0
14,2012-03-09,0,2020839.31,A,200898,45.52,3.848,15710.87,1050.48,1.49,2302.28,2702.96,190.3359973,8.424,1926004.99,1931104.67,1974713.095,2012,3,10,0
14,2012-03-16,0,1941040.5,A,200898,50.56,3.862,6021.47,280.43,5.5,1814.5,1581.84,190.4618964,8.424,2020839.31,1932491.42,1960608.8625,2012,3,11,0
14,2012-03-23,0,1893447.71,A,200898,59.45,3.9,4718.7,348.81,6.85,353.11,3726.39,190.5363213,8.424,1941040.5,1879451.23,1940731.24,2012,3,12,0
14,2012-03-30,0,1905033.01,A,200898,50.04,3.953,11267.8,185.8,8.84,1152.46,2509.18,190.6107463,8.424,1893447.71,1869110.55,1945333.1275,2012,3,13,0
14,2012-04-06,0,2376022.2600000002,A,200898,49.73,3.996,8376.85,,81.19,3578.4,4857.19,190.6851712,8.567,1905033.01,2037798.8800000001,1940090.1324999998,2012,4,14,0
14,2012-04-13,0,1912909.69,A,200898,51.83,4.044,5236.77,13739.76,51.75,984.02,2638.42,190.7595962,8.567,2376022.2600000002,1974960.8599999999,2028885.87,2012,4,15,0
14,2012-04-20,0,1875686.44,A,200898,63.13,4.027,32124.49,6870.09,100.15,2213.04,3706.04,190.8138013,8.567,1912909.69,2256461.39,2021853.1675,2012,4,16,0
14,2012-04-27,0,1784029.95,A,200898,53.2,4.004,3548.09,0.35,45.88,78.21,4193.26,190.8680064,8.567,1875686.44,1930617.64,2017412.85,2012,4,17,0
15,2011-02-04,0,556550.85,B,123737,20.69,3.4,,,,,,133.1834194,7.771,481119.6,652122.44,489373.89999999997,2011,2,5,1
15,2011-02-11,1,582864.35,B,123737,21.64,3.416,,,,,,133.260871,7.771,556550.85,682447.1,501101.42000000004,2011,2,6,1
15,2011-02-18,0,649993.5,B,123737,33.06,3.42,,,,,,133.3701429,7.771,582864.35,660838.75,526961.4575,2011,2,7,1
15,2011-02-25,0,547564.09,B,123737,20.87,3.452,,,,,,133.4921429,7.771,649993.5,564883.2000000001,567632.075,2011,2,8,1
15,2011-03-04,0,573374.49,B,123737,28.16,3.605,,,,,,133.6141429,7.771,547564.09,605325.43,584243.1975,2011,3,9,1
15,2011-03-11,0,537035.28,B,123737,34.27,3.752,,,,,,133.7361429,7.771,573374.49,604173.59,588449.1074999999,2011,3,10,1
15,2011-03-18,0,551553.99,B,123737,40.23,3.796,,,,,,133.8492258,7.771,537035.28,593710.67,576991.84,2011,3,11,1
15,2011-03-25,0,527389.28,B,123737,32.63,3.789,,,,,,133.9587419,7.771,551553.99,592111.49,552381.9624999999,2011,3,12,1
15,2011-04-01,0,542556.05,B,123737,30.34,3.811,,,,,,134.0682581,7.658,527389.28,718470.71,547338.26,2011,4,13,1
15,2011-04-08,0,587370.8099999999,B,123737,40.94,3.895,,,,,,134.1777742,7.658,542556.05,634605.77,539633.65,2011,4,14,1
15,2011-04-15,0,607691.36,B,123737,48.63,3.981,,,,,,134.2784667,7.658,587370.8099999999,641208.65,552217.5325,2011,4,15,1
15,2011-04-22,0,655318.26,B,123737,41.37,4.061,,,,,,134.3571,7.658,607691.36,643097.6,566251.875,2011,4,16,1
15,2011-04-29,0,560764.41,B,123737,55.46,4.117,,,,,,134.4357333,7.658,655318.26,570791.11,598234.12,2011,4,17,1
15,2011-05-06,0,630522.67,B,123737,49.87,4.192,,,,,,134.5143667,7.658,560764.41,661348.88,602786.21,2011,5,18,1
15,2011-05-13,0,630482.91,B,123737,57.07,4.211,,,,,,134.593,7.658,630522.67,594385.2,613574.175,2011,5,19,1
15,2011-05-20,0,593941.9,B,123737,57.19,4.202,,,,,,134.6803871,7.658,630482.91,616598.1,619272.0625,2011,5,20,1
15,2011-05-27,0,636193.24,B,123737,65.87,4.134,,,,,,134.7677742,7.658,593941.9,744772.88,603927.9725,2011,5,21,1
15,2011-06-03,0,695396.19,B,123737,69.8,4.069,,,,,,134.8551613,7.658,636193.24,693192.5,622785.1799999999,2011,6,22,1
15,2011-06-10,0,642679.81,B,123737,69.86,4.025,,,,,,134.9425484,7.658,695396.19,619337.29,639003.56,2011,6,23,1
15,2011-06-17,0,639928.85,B,123737,63.9,3.989,,,,,,135.0837333,7.658,642679.81,652329.53,642052.7849999999,2011,6,24,1
15,2011-06-24,0,656594.95,B,123737,69.96,3.964,,,,,,135.2652667,7.658,639928.85,672194.03,653549.5225,2011,6,25,1
15,2011-07-01,0,674669.16,B,123737,67.43,3.916,,,,,,135.4468,7.806,656594.95,709337.11,658649.95,2011,7,26,1
15,2011-07-08,0,635118.48,B,123737,73.47,3.886,,,,,,135.6283333,7.806,674669.16,691497.62,653468.1925,2011,7,27,1
15,2011-07-15,0,624114.56,B,123737,73.34,3.915,,,,,,135.7837419,7.806,635118.48,633203.69,651577.86,2011,7,28,1
15,2011-07-22,0,607475.4400000001,B,123737,79.97,3.972,,,,,,135.8738387,7.806,624114.56,598553.43,647624.2875,2011,7,29,1
15,2011-07-29,0,577511.02,B,123737,74.67,4.004,,,,,,135.9639355,7.806,607475.4400000001,619224.0599999999,635344.41,2011,7,30,1
15,2011-08-05,0,607961.21,B,123737,73.63,4.02,,,,,,136.0540323,7.806,577511.02,639651.24,611054.875,2011,8,31,1
15,2011-08-12,0,590836.37,B,123737,70.63,3.995,,,,,,136.144129,7.806,607961.21,622437.08,604265.5575,2011,8,32,1
15,2011-08-19,0,599488.98,B,123737,70.41,3.942,,,,,,136.183129,7.806,590836.37,637090.44,595946.01,2011,8,33,1
15,2011-08-26,0,605413.17,B,123737,69.19,3.906,,,,,,136.2136129,7.806,599488.98,649791.15,593949.395,2011,8,34,1
15,2011-09-02,0,649159.6799999999,B,123737,67.63,3.879,,,,,,136.2440968,7.806,605413.17,638647.21,600924.9325,2011,9,35,1
15,2011-09-09,1,607593.51,B,123737,67.59,3.93,,,,,,136.2745806,7.806,649159.6799999999,641965.2,611224.55,2011,9,36,1
15,2011-09-16,0,545052.34,B,123737,62.1,3.937,,,,,,136.3145,7.806,607593.51,583210.87,615413.835,2011,9,37,1
15,2011-09-23,0,545570.86,B,123737,59.0,3.899,,,,,,136.367,7.806,545052.34,548542.47,601804.675,2011,9,38,1
15,2011-09-30,0,521297.31,B,123737,64.87,3.858,,,,,,136.4195,7.806,545570.86,566945.95,586844.0975,2011,9,39,1
15,2011-10-07,0,579068.88,B,123737,51.24,3.775,,,,,,136.472,7.866,521297.31,591603.79,554878.505,2011,10,40,1
15,2011-10-14,0,537300.94,B,123737,61.3,3.744,,,,,,136.5150968,7.866,579068.88,577011.26,547747.3475,2011,10,41,1
15,2011-10-21,0,603318.89,B,123737,51.67,3.757,,,,,,136.5017742,7.866,537300.94,600395.73,545809.4975,2011,10,42,1
15,2011-10-28,0,589842.69,B,123737,45.54,3.757,,,,,,136.4884516,7.866,603318.89,598301.5,560246.505,2011,10,43,1
15,2011-11-04,0,615121.78,B,123737,43.39,3.738,,,,,,136.475129,7.866,589842.69,612987.64,577382.85,2011,11,44,1
15,2011-11-11,0,618949.82,B,123737,47.13,3.719,9727.57,4267.72,617.98,1236.64,2067.74,136.4618065,7.866,615121.78,619639.74,586396.075,2011,11,45,1
15,2011-11-18,0,597856.51,B,123737,46.53,3.717,3668.4,615.27,49.57,946.2,4393.97,136.4666667,7.866,618949.82,608200.81,606808.2949999999,2011,11,46,1
15,2011-11-25,1,1066478.1,B,123737,41.1,3.689,299.72,54.94,67073.91,34.22,171.76,136.4788,7.866,597856.51,1120018.92,605442.7,2011,11,47,1
15,2011-12-02,0,699028.66,B,123737,45.67,3.666,3751.34,191.82,6485.06,1803.17,16136.43,136.4909333,7.866,1066478.1,754134.95,724601.5525,2011,12,48,1
15,2011-12-09,0,764565.55,B,123737,38.53,3.627,3581.98,193.94,75.62,1713.45,5227.94,136.5030667,7.866,699028.66,847294.04,745578.2725000001,2011,12,49,1
15,2011-12-16,0,870415.49,B,123737,35.49,3.611,2176.13,19.0,158.53,925.45,1273.02,136.5335161,7.866,764565.55,983825.15,781982.2050000001,2011,12,50,1
15,2011-12-23,0,1182691.8699999999,B,123737,34.93,3.587,260.78,7.27,1120.42,80.13,622.48,136.5883871,7.866,870415.49,1368318.17,850121.9500000001,2011,12,51,1
15,2011-12-30,1,603460.79,B,123737,31.44,3.566,3248.4,31122.2,111.35,605.88,3474.84,136.6432581,7.866,1182691.8699999999,543754.17,879175.3925,2011,12,52,1
15,2012-01-06,0,516087.65,B,123737,30.24,3.585,5597.99,17413.82,18.8,646.2,3098.77,136.698129,7.943,603460.79,509640.77,855283.4249999999,2012,1,1,1
15,2012-01-13,0,454183.42,B,123737,36.26,3.666,1684.66,8959.27,1.0,487.76,542.9,136.753,7.943,516087.65,479424.2,793163.95,2012,1,2,1
15,2012-01-20,0,492721.85,B,123737,21.39,3.705,2637.43,3151.32,,265.47,2257.53,136.8564194,7.943,454183.42,487311.03,689105.9324999999,2012,1,3,1
15,2012-01-27,0,466045.63,B,123737,30.87,3.737,875.81,2072.02,,58.58,1418.14,136.9598387,7.943,492721.85,481119.6,516613.4275,2012,1,4,1
15,2012-02-03,0,523831.64,B,123737,35.3,3.796,25565.53,3425.96,56.72,19303.94,3230.99,137.0632581,7.943,466045.63,556550.85,482259.6375,2012,2,5,1
15,2012-02-10,1,628218.22,B,123737,31.91,3.826,5140.44,5527.21,10.39,9439.38,6371.82,137.1666774,7.943,523831.64,582864.35,484195.63499999995,2012,2,6,1
15,2012-02-17,0,598502.83,B,123737,30.26,3.874,17822.56,7914.95,1.76,11094.94,4922.19,137.2583103,7.943,628218.22,649993.5,527704.335,2012,2,7,1
15,2012-02-24,0,561137.06,B,123737,33.18,3.917,6881.03,5859.12,1.0,3607.57,4147.13,137.3411034,7.943,598502.83,547564.09,554149.58,2012,2,8,1
15,2012-03-02,0,541292.64,B,123737,33.24,3.983,11611.99,1749.22,27.4,7977.5,2327.04,137.4238966,7.943,561137.06,573374.49,577922.4375,2012,3,9,1
15,2012-03-09,0,545120.67,B,123737,36.97,4.021,7926.63,615.68,1.49,2126.98,2194.94,137.5066897,7.943,541292.64,537035.28,582287.6875,2012,3,10,1
15,2012-03-16,0,570611.23,B,123737,47.42,4.021,3518.76,104.88,2.98,797.26,1364.77,137.5843871,7.943,545120.67,551553.99,561513.3,2012,3,11,1
15,2012-03-23,0,565481.88,B,123737,58.92,4.054,7318.86,118.73,0.5,3744.04,1224.93,137.6552903,7.943,570611.23,527389.28,554540.4,2012,3,12,1
15,2012-03-30,0,557547.25,B,123737,42.65,4.098,4292.7,72.67,3.0,1169.95,2965.23,137.7261935,7.943,565481.88,542556.05,555626.605,2012,3,13,1
15,2012-04-06,0,659950.36,B,123737,40.01,4.143,8567.95,,46.32,1144.78,3518.73,137.7970968,8.15,557547.25,587370.8099999999,559690.2575000001,2012,4,14,1
15,2012-04-13,0,558585.13,B,123737,43.52,4.187,3408.63,3269.14,13.58,1547.19,1809.75,137.868,8.15,659950.36,607691.36,588397.68,2012,4,15,1
15,2012-04-20,0,534780.57,B,123737,54.47,4.17,4577.67,1678.35,5.9,1094.79,1830.84,137.9230667,8.15,558585.13,655318.26,585391.155,2012,4,16,1
15,2012-04-27,0,527402.62,B,123737,41.57,4.163,1863.53,,9.82,192.32,1271.7,137.9781333,8.15,534780.57,560764.41,577715.8275,2012,4,17,1
16,2011-02-04,0,479263.15,B,57197,13.64,3.011,,,,,,191.7625895,6.614,448391.99,477409.3,488797.9175,2011,2,5,1
16,2011-02-11,1,466806.89,B,57197,15.02,3.037,,,,,,191.8572881,6.614,479263.15,472044.27999999997,465227.215,2011,2,6,1
16,2011-02-18,0,491179.79,B,57197,27.18,3.051,,,,,,191.9178331,6.614,466806.89,469868.7,464337.54,2011,2,7,1
16,2011-02-25,0,475201.64,B,57197,26.15,3.101,,,,,,191.9647167,6.614,491179.79,443242.17,471410.455,2011,2,8,1
16,2011-03-04,0,484829.07,B,57197,31.77,3.232,,,,,,192.0116004,6.614,475201.64,444181.85,478112.86750000005,2011,3,9,1
16,2011-03-11,0,457504.35,B,57197,29.36,3.372,,,,,,192.058484,6.614,484829.07,445393.74,479504.3475,2011,3,10,1
16,2011-03-18,0,497373.49,B,57197,36.5,3.406,,,,,,192.1237981,6.614,457504.35,504307.35,477178.7125,2011,3,11,1
16,2011-03-25,0,465279.68,B,57197,32.61,3.414,,,,,,192.1964844,6.614,497373.49,483177.2,478727.1375,2011,3,12,1
16,2011-04-01,0,459756.11,B,57197,35.75,3.461,,,,,,192.2691707,6.339,465279.68,490503.69,476246.6475,2011,4,13,1
16,2011-04-08,0,439276.5,B,57197,38.04,3.532,,,,,,192.3418571,6.339,459756.11,424083.99,469978.4075,2011,4,14,1
16,2011-04-15,0,427855.24,B,57197,34.59,3.611,,,,,,192.4225954,6.339,439276.5,436312.41000000003,465421.44499999995,2011,4,15,1
16,2011-04-22,0,368600.0,B,57197,40.74,3.636,,,,,,192.5234638,6.339,427855.24,370230.94,448041.88249999995,2011,4,16,1
16,2011-04-29,0,378100.31,B,57197,37.77,3.663,,,,,,192.6243322,6.339,368600.0,383550.93,423871.9625,2011,4,17,1
16,2011-05-06,0,423805.22,B,57197,38.64,3.735,,,,,,192.7252006,6.339,378100.31,403217.22000000003,403458.0125,2011,5,18,1
16,2011-05-13,0,410406.95,B,57197,43.29,3.767,,,,,,192.826069,6.339,423805.22,401770.9,399590.19249999995,2011,5,19,1
16,2011-05-20,0,435397.19,B,57197,43.95,3.828,,,,,,192.831317,6.339,410406.95,435300.51,395228.12,2011,5,20,1
16,2011-05-27,0,444718.68,B,57197,45.17,3.795,,,,,,192.8365651,6.339,435397.19,479430.0,411927.4175,2011,5,21,1
16,2011-06-03,0,531080.31,B,57197,54.08,3.763,,,,,,192.8418131,6.339,444718.68,516295.81,428582.01,2011,6,22,1
16,2011-06-10,0,600952.06,B,57197,55.78,3.735,,,,,,192.8470612,6.339,531080.31,535587.31,455400.78250000003,2011,6,23,1
16,2011-06-17,0,581546.23,B,57197,58.34,3.697,,,,,,192.9034759,6.339,600952.06,540149.85,503037.06000000006,2011,6,24,1
16,2011-06-24,0,569105.03,B,57197,54.36,3.661,,,,,,192.9982655,6.339,581546.23,546554.96,539574.3200000001,2011,6,25,1
16,2011-07-01,0,608737.56,B,57197,63.59,3.597,,,,,,193.0930552,6.338,569105.03,610641.42,570670.9075,2011,7,26,1
16,2011-07-08,0,634634.66,B,57197,65.0,3.54,,,,,,193.1878448,6.338,608737.56,614253.33,590085.22,2011,7,27,1
16,2011-07-15,0,586841.77,B,57197,65.16,3.532,,,,,,193.3125484,6.338,634634.66,586583.69,598505.87,2011,7,28,1
16,2011-07-22,0,581758.22,B,57197,65.36,3.545,,,,,,193.5120367,6.338,586841.77,588344.18,599829.755,2011,7,29,1
16,2011-07-29,0,582381.95,B,57197,66.84,3.547,,,,,,193.711525,6.338,581758.22,562633.67,602993.0525,2011,7,30,1
16,2011-08-05,0,592981.33,B,57197,63.96,3.554,,,,,,193.9110133,6.338,582381.95,586936.45,596404.15,2011,8,31,1
16,2011-08-12,0,563884.47,B,57197,67.09,3.542,,,,,,194.1105017,6.338,592981.33,543757.97,585990.8174999999,2011,8,32,1
16,2011-08-19,0,554630.42,B,57197,68.83,3.499,,,,,,194.2500634,6.338,563884.47,521516.96,580251.4924999999,2011,8,33,1
16,2011-08-26,0,557312.01,B,57197,67.51,3.485,,,,,,194.3796374,6.338,554630.42,581010.52,573469.5425,2011,8,34,1
16,2011-09-02,0,580805.3300000001,B,57197,63.44,3.511,,,,,,194.5092113,6.338,557312.01,542087.89,567202.0575,2011,9,35,1
16,2011-09-09,1,574622.56,B,57197,56.99,3.566,,,,,,194.6387853,6.338,580805.3300000001,537518.57,564158.0575,2011,9,36,1
16,2011-09-16,0,539081.09,B,57197,53.68,3.596,,,,,,194.7419707,6.338,574622.56,522049.51999999996,566842.5800000001,2011,9,37,1
16,2011-09-23,0,504856.97,B,57197,50.39,3.581,,,,,,194.8099713,6.338,539081.09,511330.32,562955.2475,2011,9,38,1
16,2011-09-30,0,450075.31,B,57197,57.61,3.538,,,,,,194.8779718,6.338,504856.97,463977.54,549841.4875,2011,9,39,1
16,2011-10-07,0,482926.93,B,57197,48.91,3.498,,,,,,194.9459724,6.232,450075.31,442894.2,517158.9825,2011,10,40,1
16,2011-10-14,0,498241.06,B,57197,39.97,3.491,,,,,,195.0261012,6.232,482926.93,452169.27999999997,494235.075,2011,10,41,1
16,2011-10-21,0,560104.16,B,57197,46.99,3.548,,,,,,195.1789994,6.232,498241.06,541216.92,484025.0675,2011,10,42,1
16,2011-10-28,0,505918.21,B,57197,41.97,3.55,,,,,,195.3318977,6.232,560104.16,495022.51,497836.865,2011,10,43,1
16,2011-11-04,0,511059.95,B,57197,33.43,3.527,,,,,,195.4847959,6.232,505918.21,446905.02,511797.58999999997,2011,11,44,1
16,2011-11-11,0,513181.31,B,57197,29.56,3.505,5042.4,2193.04,200.11,3309.98,2743.18,195.6376941,6.232,511059.95,453632.76,518830.845,2011,11,45,1
16,2011-11-18,0,480353.64,B,57197,31.73,3.479,2089.46,154.21,3.55,830.6,4425.07,195.7184713,6.232,513181.31,458634.68,522565.9075,2011,11,46,1
16,2011-11-25,1,712422.4,B,57197,31.39,3.424,90.28,126.47,34754.69,24.64,1560.32,195.7704,6.232,480353.64,651837.77,502628.2775,2011,11,47,1
16,2011-12-02,0,530492.84,B,57197,27.83,3.378,516.47,61.0,944.52,9.0,7124.75,195.8223287,6.232,712422.4,512260.58999999997,554254.325,2011,12,48,1
16,2011-12-09,0,574798.86,B,57197,14.44,3.331,2229.52,28.0,73.7,1696.73,6465.69,195.8742575,6.232,530492.84,570103.64,559112.5475,2011,12,49,1
16,2011-12-16,0,679481.9,B,57197,22.5,3.266,2801.5,,99.57,422.6,2684.19,195.9841685,6.232,574798.86,648652.01,574516.935,2011,12,50,1
16,2011-12-23,0,950691.96,B,57197,20.79,3.173,485.0,0.18,475.6,16.2,960.85,196.1713893,6.232,679481.9,1004730.6900000001,624299.0,2011,12,51,1
16,2011-12-30,1,665861.06,B,57197,23.91,3.119,921.67,11778.68,101.87,272.51,1673.25,196.3586101,6.232,950691.96,575317.38,683866.39,2011,12,52,1
16,2012-01-06,0,564538.0700000001,B,57197,26.49,3.095,443.59,5524.49,15.7,35.25,3296.96,196.5458309,6.162,665861.06,573545.96,717708.4450000001,2012,1,1,1
16,2012-01-13,0,508520.09,B,57197,19.55,3.077,1353.58,2551.73,0.24,289.67,1899.49,196.7330517,6.162,564538.0700000001,470365.59,715143.2474999999,2012,1,2,1
16,2012-01-20,0,474389.75,B,57197,29.3,3.055,2087.19,1399.47,5.58,75.83,4742.74,196.7796652,6.162,508520.09,462888.13,672402.795,2012,1,3,1
16,2012-01-27,0,453979.19,B,57197,28.17,3.038,612.01,1011.32,,8.41,2482.91,196.8262786,6.162,474389.75,448391.99,553327.2425,2012,1,4,1
16,2012-02-03,0,475905.1,B,57197,25.53,3.031,32702.46,747.82,2.39,8063.07,2940.68,196.8728921,6.162,453979.19,479263.15,500356.775,2012,2,5,1
16,2012-02-10,1,473766.97000000003,B,57197,23.69,3.103,7247.14,985.13,0.45,9481.58,6298.1,196.9195056,6.162,475905.1,466806.89,478198.53250000003,2012,2,6,1
16,2012-02-17,0,494069.49,B,57197,31.19,3.113,5656.83,2712.39,,2883.67,4484.79,196.9432711,6.162,473766.97000000003,491179.79,469510.2525,2012,2,7,1
16,2012-02-24,0,495720.3,B,57197,26.21,3.129,12120.37,2778.82,,1634.92,4210.7,196.9499007,6.162,494069.49,475201.64,474430.1875,2012,2,8,1
16,2012-03-02,0,464189.08999999997,B,57197,23.4,3.191,8501.55,871.52,,2066.16,3207.63,196.9565303,6.162,495720.3,484829.07,484865.465,2012,3,9,1
16,2012-03-09,0,495951.66,B,57197,28.16,3.286,5302.57,557.02,3.17,5974.36,3037.04,196.9631599,6.162,464189.08999999997,457504.35,481936.4625,2012,3,10,1
16,2012-03-16,0,520850.71,B,57197,38.02,3.486,3501.15,0.3,1.33,1396.55,1515.46,197.0457208,6.162,495951.66,497373.49,487482.635,2012,3,11,1
16,2012-03-23,0,493503.89,B,57197,38.7,3.664,1462.21,2.5,4.43,367.45,1256.65,197.2295234,6.162,520850.71,465279.68,494177.94,2012,3,12,1
16,2012-03-30,0,485095.41,B,57197,48.29,3.75,3404.77,,5.0,188.8,1133.72,197.4133259,6.162,493503.89,459756.11,493623.8375,2012,3,13,1
16,2012-04-06,0,502662.07,B,57197,48.93,3.854,7612.73,,43.82,897.11,5294.18,197.5971285,6.169,485095.41,439276.5,498850.41750000004,2012,4,14,1
16,2012-04-13,0,450756.71,B,57197,45.83,3.901,3532.73,1368.42,22.0,214.95,1983.5,197.780931,6.169,502662.07,427855.24,500528.02,2012,4,15,1
16,2012-04-20,0,436221.26,B,57197,43.61,3.936,2479.18,582.08,22.92,558.25,1659.22,197.7227385,6.169,450756.71,368600.0,483004.52,2012,4,16,1
16,2012-04-27,0,398445.14999999997,B,57197,59.69,3.927,3351.91,205.74,16.41,366.79,2049.94,197.664546,6.169,436221.26,378100.31,468683.8625,2012,4,17,1
17,2011-02-04,0,816603.05,B,93188,11.29,2.974,,,,,,127.7195806,6.866,736335.6900000001,789036.02,833430.39,2011,2,5,1
17,2011-02-11,1,813211.46,B,93188,14.19,3.034,,,,,,127.859129,6.866,816603.05,841951.91,766813.3675,2011,2,6,1
17,2011-02-18,0,860962.91,B,93188,26.86,3.062,,,,,,127.99525,6.866,813211.46,800714.0,780488.6425000001,2011,2,7,1
17,2011-02-25,0,767256.53,B,93188,24.36,3.12,,,,,,128.13,6.866,860962.91,749549.55,806778.2775000001,2011,2,8,1
17,2011-03-04,0,816138.33,B,93188,24.21,3.23,,,,,,128.26475,6.866,767256.53,783300.05,814508.4875,2011,3,9,1
17,2011-03-11,0,779602.36,B,93188,32.42,3.346,,,,,,128.3995,6.866,816138.33,763961.82,814392.3075,2011,3,10,1
17,2011-03-18,0,778436.81,B,93188,34.48,3.407,,,,,,128.5121935,6.866,779602.36,752034.52,805990.0325,2011,3,11,1
17,2011-03-25,0,781267.76,B,93188,36.71,3.435,,,,,,128.6160645,6.866,778436.81,793097.64,785358.5075,2011,3,12,1
17,2011-04-01,0,795859.23,B,93188,39.38,3.487,,,,,,128.7199355,6.774,781267.76,848521.17,788861.315,2011,4,13,1
17,2011-04-08,0,811855.72,B,93188,39.16,3.547,,,,,,128.8238065,6.774,795859.23,770228.02,783791.54,2011,4,14,1
17,2011-04-15,0,825283.4299999999,B,93188,39.98,3.616,,,,,,128.9107333,6.774,811855.72,757738.76,791854.88,2011,4,15,1
17,2011-04-22,0,1060770.11,B,93188,42.24,3.655,,,,,,128.9553,6.774,825283.4299999999,977790.83,803566.5349999999,2011,4,16,1
17,2011-04-29,0,806979.15,B,93188,40.14,3.683,,,,,,128.9998667,6.774,1060770.11,807798.73,873442.1225,2011,4,17,1
17,2011-05-06,0,882132.28,B,93188,45.66,3.744,,,,,,129.0444333,6.774,806979.15,843848.65,876222.1024999999,2011,5,18,1
17,2011-05-13,0,870625.49,B,93188,49.26,3.77,,,,,,129.089,6.774,882132.28,813756.09,893791.2425,2011,5,19,1
17,2011-05-20,0,844443.35,B,93188,51.93,3.802,,,,,,129.0756774,6.774,870625.49,826626.5,905126.7575,2011,5,20,1
17,2011-05-27,0,892056.64,B,93188,51.04,3.778,,,,,,129.0623548,6.774,844443.35,872817.62,851045.0675,2011,5,21,1
17,2011-06-03,0,895020.48,B,93188,49.61,3.752,,,,,,129.0490323,6.774,892056.64,876902.87,872314.4400000001,2011,6,22,1
17,2011-06-10,0,881190.46,B,93188,54.57,3.732,,,,,,129.0357097,6.774,895020.48,845252.21,875536.49,2011,6,23,1
17,2011-06-17,0,894686.67,B,93188,56.61,3.704,,,,,,129.0432,6.774,881190.46,877996.27,878177.7325,2011,6,24,1
17,2011-06-24,0,920719.98,B,93188,60.99,3.668,,,,,,129.0663,6.774,894686.67,893995.44,890738.5625,2011,6,25,1
17,2011-07-01,0,940554.34,B,93188,67.39,3.613,,,,,,129.0894,6.745,920719.98,958875.37,897904.3975,2011,7,26,1
17,2011-07-08,0,915064.22,B,93188,70.6,3.563,,,,,,129.1125,6.745,940554.34,836915.92,909287.8624999999,2011,7,27,1
17,2011-07-15,0,902727.76,B,93188,67.93,3.553,,,,,,129.1338387,6.745,915064.22,876591.41,917756.3025,2011,7,28,1
17,2011-07-22,0,899044.34,B,93188,69.82,3.563,,,,,,129.1507742,6.745,902727.76,893504.87,919766.575,2011,7,29,1
17,2011-07-29,0,861894.77,B,93188,68.59,3.574,,,,,,129.1677097,6.745,899044.34,833517.19,914347.665,2011,7,30,1
17,2011-08-05,0,866184.92,B,93188,65.71,3.595,,,,,,129.1846452,6.745,861894.77,795301.17,894682.7725,2011,8,31,1
17,2011-08-12,0,800819.79,B,93188,64.79,3.606,,,,,,129.2015806,6.745,866184.92,759995.1799999999,882462.9475,2011,8,32,1
17,2011-08-19,0,797523.04,B,93188,67.59,3.578,,,,,,129.2405806,6.745,800819.79,783929.7,856985.9550000001,2011,8,33,1
17,2011-08-26,0,837390.79,B,93188,72.04,3.57,,,,,,129.2832581,6.745,797523.04,802583.89,831605.6300000001,2011,8,34,1
17,2011-09-02,0,847380.07,B,93188,69.31,3.58,,,,,,129.3259355,6.745,837390.79,834373.73,825479.635,2011,9,35,1
17,2011-09-09,1,1161900.18,B,93188,61.94,3.619,,,,,,129.3686129,6.745,847380.07,1200888.28,820778.4225,2011,9,36,1
17,2011-09-16,0,1051116.95,B,93188,61.48,3.641,,,,,,129.4306,6.745,1161900.18,871264.25,911048.52,2011,9,37,1
17,2011-09-23,0,895535.31,B,93188,56.96,3.648,,,,,,129.5183333,6.745,1051116.95,852876.2899999999,974446.9974999999,2011,9,38,1
17,2011-09-30,0,868191.05,B,93188,61.4,3.623,,,,,,129.6060667,6.745,895535.31,829207.27,988983.1275,2011,9,39,1
17,2011-10-07,0,918006.9,B,93188,54.4,3.592,,,,,,129.6938,6.617,868191.05,827738.06,994185.8725,2011,10,40,1
17,2011-10-14,0,884042.63,B,93188,47.69,3.567,,,,,,129.7706452,6.617,918006.9,838297.32,933212.5525000001,2011,10,41,1
17,2011-10-21,0,877380.22,B,93188,47.27,3.579,,,,,,129.7821613,6.617,884042.63,815093.76,891443.9725,2011,10,42,1
17,2011-10-28,0,936508.43,B,93188,41.89,3.567,,,,,,129.7936774,6.617,877380.22,861941.25,886905.2,2011,10,43,1
17,2011-11-04,0,927657.63,B,93188,37.52,3.538,,,,,,129.8051935,6.617,936508.43,818434.49,903984.545,2011,11,44,1
17,2011-11-11,0,914759.2,B,93188,27.61,3.513,3935.0,4172.99,225.67,2515.61,3009.79,129.8167097,6.617,927657.63,855459.96,906397.2275,2011,11,45,1
17,2011-11-18,0,877724.31,B,93188,32.93,3.489,6004.88,247.29,32.39,653.49,4391.01,129.8268333,6.617,914759.2,782252.57,914076.37,2011,11,46,1
17,2011-11-25,1,1225700.28,B,93188,32.81,3.445,310.16,181.17,62095.85,106.24,1292.3,129.8364,6.617,877724.31,1005448.76,914162.3925,2011,11,47,1
17,2011-12-02,0,945267.68,B,93188,26.47,3.389,5562.36,222.94,16380.88,2303.32,17707.05,129.8459667,6.617,1225700.28,926573.81,986460.355,2011,12,48,1
17,2011-12-09,0,976522.93,B,93188,17.56,3.341,8530.15,,29.6,840.04,6700.99,129.8555333,6.617,945267.68,962475.55,990862.8675,2011,12,49,1
17,2011-12-16,0,1067754.06,B,93188,21.07,3.282,3356.86,0.03,38.78,1286.21,2618.88,129.8980645,6.617,976522.93,1049372.38,1006303.8,2011,12,50,1
17,2011-12-23,0,1289156.9,B,93188,18.76,3.186,945.5,35.63,1077.82,57.64,2404.82,129.9845484,6.617,1067754.06,1309226.79,1053811.2375,2011,12,51,1
17,2011-12-30,1,777207.3,B,93188,26.73,3.119,4439.21,42391.85,120.08,1366.9,2383.67,130.0710323,6.617,1289156.9,635862.55,1069675.3925,2011,12,52,1
17,2012-01-06,0,1198104.22,B,93188,27.64,3.08,5185.45,12090.5,33.9,1490.06,4832.68,130.1575161,6.403,777207.3,1083071.14,1027660.2975000001,2012,1,1,1
17,2012-01-13,0,873576.96,B,93188,20.28,3.056,1552.86,3911.73,0.52,542.24,1709.97,130.244,6.403,1198104.22,758510.36,1083055.62,2012,1,2,1
17,2012-01-20,0,809272.65,B,93188,27.26,3.047,1461.59,577.33,,442.39,1407.74,130.2792258,6.403,873576.96,755804.37,1034511.345,2012,1,3,1
17,2012-01-27,0,769522.33,B,93188,29.99,3.058,1834.7,684.22,,118.0,1109.1,130.3144516,6.403,809272.65,736335.6900000001,914540.2825,2012,1,4,1
17,2012-02-03,0,864852.85,B,93188,26.26,3.077,32793.78,5509.47,38.96,35785.26,4518.58,130.3496774,6.403,769522.33,816603.05,912619.04,2012,2,5,1
17,2012-02-10,1,880165.7,B,93188,23.63,3.116,5658.48,13498.72,16.27,4292.59,6008.71,130.3849032,6.403,864852.85,813211.46,829306.1975,2012,2,6,1
17,2012-02-17,0,927084.65,B,93188,30.76,3.119,10862.6,14264.11,2.64,8459.96,4740.08,130.4546207,6.403,880165.7,860962.91,830953.3825,2012,2,7,1
17,2012-02-24,0,843864.4299999999,B,93188,30.01,3.145,8628.93,3368.34,,3876.56,4378.82,130.5502069,6.403,927084.65,767256.53,860406.3825000001,2012,2,8,1
17,2012-03-02,0,856178.47,B,93188,26.28,3.242,14469.08,1163.89,37.38,8771.3,2237.79,130.6457931,6.403,843864.4299999999,816138.33,878991.9075,2012,3,9,1
17,2012-03-09,0,860224.98,B,93188,32.02,3.38,3944.86,104.91,2.16,550.85,3717.62,130.7413793,6.403,856178.47,779602.36,876823.3125,2012,3,10,1
17,2012-03-16,0,853136.46,B,93188,43.69,3.529,6373.65,46.13,1.02,1938.3,1278.79,130.8261935,6.403,860224.98,778436.81,871838.1325000001,2012,3,11,1
17,2012-03-23,0,851762.28,B,93188,40.69,3.671,5060.41,42.99,,315.1,1399.39,130.8966452,6.403,853136.46,781267.76,853351.085,2012,3,12,1
17,2012-03-30,0,872469.03,B,93188,45.29,3.734,8337.43,74.41,6.0,418.13,3444.54,130.9670968,6.403,851762.28,795859.23,855325.5475,2012,3,13,1
17,2012-04-06,0,986922.62,B,93188,43.92,3.793,11072.17,,43.74,2299.75,4192.05,131.0375484,6.235,872469.03,811855.72,859398.1875,2012,4,14,1
17,2012-04-13,0,877055.32,B,93188,46.94,3.833,2328.03,6989.17,3.6,895.75,1545.65,131.108,6.235,986922.62,825283.4299999999,891072.5975,2012,4,15,1
17,2012-04-20,0,1119979.98,B,93188,47.69,3.845,2570.29,1288.35,2.1,341.52,2157.85,131.1173333,6.235,877055.32,1060770.11,897052.3125,2012,4,16,1
17,2012-04-27,0,925916.65,B,93188,59.11,3.842,1832.86,,1.62,8.94,2211.39,131.1266667,6.235,1119979.98,806979.15,964106.7375,2012,4,17,1
18,2011-02-04,0,1055841.24,B,120653,20.79,3.24,,,,,,133.1834194,9.131,849540.85,1205307.5,862956.245,2011,2,5,1
18,2011-02-11,1,1122053.58,B,120653,24.3,3.255,,,,,,133.260871,9.131,1055841.24,1187880.7,893426.48,2011,2,6,1
18,2011-02-18,0,1095058.57,B,120653,31.59,3.263,,,,,,133.3701429,9.131,1122053.58,1150663.42,979646.055,2011,2,7,1
18,2011-02-25,0,1005983.3099999999,B,120653,26.15,3.281,,,,,,133.4921429,9.131,1095058.57,1068157.45,1030623.56,2011,2,8,1
18,2011-03-04,0,1063310.62,B,120653,28.49,3.437,,,,,,133.6141429,9.131,1005983.3099999999,1179738.5,1069734.175,2011,3,9,1
18,2011-03-11,0,1002714.25,B,120653,38.4,3.6,,,,,,133.7361429,9.131,1063310.62,1138800.32,1071601.52,2011,3,10,1
18,2011-03-18,0,945889.59,B,120653,41.12,3.634,,,,,,133.8492258,9.131,1002714.25,1087507.47,1041766.6875,2011,3,11,1
18,2011-03-25,0,944523.3,B,120653,36.65,3.624,,,,,,133.9587419,9.131,945889.59,1092704.09,1004474.4424999999,2011,3,12,1
18,2011-04-01,0,938083.17,B,120653,35.06,3.638,,,,,,134.0682581,8.975,944523.3,1254107.84,989109.4400000001,2011,4,13,1
18,2011-04-08,0,1018541.3,B,120653,43.32,3.72,,,,,,134.1777742,8.975,938083.17,1174447.55,957802.5775,2011,4,14,1
18,2011-04-15,0,988157.72,B,120653,49.91,3.823,,,,,,134.2784667,8.975,1018541.3,1135577.6199999999,961759.3400000001,2011,4,15,1
18,2011-04-22,0,1105860.06,B,120653,45.99,3.919,,,,,,134.3571,8.975,988157.72,1132433.55,972326.3725,2011,4,16,1
18,2011-04-29,0,974114.39,B,120653,58.82,3.988,,,,,,134.4357333,8.975,1105860.06,1060446.16,1012660.5625,2011,4,17,1
18,2011-05-06,0,1065427.37,B,120653,54.17,4.078,,,,,,134.5143667,8.975,974114.39,1222255.47,1021668.3675,2011,5,18,1
18,2011-05-13,0,993172.98,B,120653,58.48,4.095,,,,,,134.593,8.975,1065427.37,1092616.49,1033389.885,2011,5,19,1
18,2011-05-20,0,994610.43,B,120653,57.55,4.101,,,,,,134.6803871,8.975,993172.98,1101621.3599999999,1034643.7000000001,2011,5,20,1
18,2011-05-27,0,1065214.14,B,120653,64.6,4.034,,,,,,134.7677742,8.975,994610.43,1256282.79,1006831.2925000001,2011,5,21,1
18,2011-06-03,0,1178039.0,B,120653,70.9,3.973,,,,,,134.8551613,8.975,1065214.14,1271311.76,1029606.23,2011,6,22,1
18,2011-06-10,0,1044079.2,B,120653,69.49,3.924,,,,,,134.9425484,8.975,1178039.0,1173521.82,1057759.1375,2011,6,23,1
18,2011-06-17,0,1045859.39,B,120653,63.23,3.873,,,,,,135.0837333,8.975,1044079.2,1183225.92,1070485.6925,2011,6,24,1
18,2011-06-24,0,1056478.65,B,120653,67.41,3.851,,,,,,135.2652667,8.975,1045859.39,1220983.17,1083297.9324999999,2011,6,25,1
18,2011-07-01,0,1087051.26,B,120653,69.75,3.815,,,,,,135.4468,8.89,1056478.65,1257928.35,1081114.06,2011,7,26,1
18,2011-07-08,0,1048802.62,B,120653,73.12,3.784,,,,,,135.6283333,8.89,1087051.26,1171391.41,1058367.125,2011,7,27,1
18,2011-07-15,0,974916.13,B,120653,74.36,3.827,,,,,,135.7837419,8.89,1048802.62,1115514.61,1059547.98,2011,7,28,1
18,2011-07-22,0,991262.46,B,120653,78.68,3.882,,,,,,135.8738387,8.89,974916.13,1032908.23,1041812.165,2011,7,29,1
18,2011-07-29,0,954148.64,B,120653,73.85,3.898,,,,,,135.9639355,8.89,991262.46,1078557.6199999999,1025508.1175,2011,7,30,1
18,2011-08-05,0,1002806.39,B,120653,74.58,3.903,,,,,,136.0540323,8.89,954148.64,1166117.85,992282.4624999999,2011,8,31,1
18,2011-08-12,0,928470.83,B,120653,73.57,3.88,,,,,,136.144129,8.89,1002806.39,1084722.78,980783.4049999999,2011,8,32,1
18,2011-08-19,0,932679.79,B,120653,69.24,3.82,,,,,,136.183129,8.89,928470.83,1141860.67,969172.08,2011,8,33,1
18,2011-08-26,0,1147906.46,B,120653,70.32,3.796,,,,,,136.2136129,8.89,932679.79,1214302.76,954526.4125,2011,8,34,1
18,2011-09-02,0,540922.94,B,120653,68.23,3.784,,,,,,136.2440968,8.89,1147906.46,1187359.77,1002965.8674999999,2011,9,35,1
18,2011-09-09,1,951549.61,B,120653,68.11,3.809,,,,,,136.2745806,8.89,540922.94,1011201.12,887495.005,2011,9,36,1
18,2011-09-16,0,845715.37,B,120653,66.23,3.809,,,,,,136.3145,8.89,951549.61,997998.21,893264.7,2011,9,37,1
18,2011-09-23,0,853073.17,B,120653,60.44,3.758,,,,,,136.367,8.89,845715.37,950862.92,871523.595,2011,9,38,1
18,2011-09-30,0,847348.08,B,120653,69.01,3.684,,,,,,136.4195,8.89,853073.17,948977.5,797815.2725,2011,9,39,1
18,2011-10-07,0,1019741.1,B,120653,54.65,3.633,,,,,,136.472,8.471,847348.08,1107432.71,874421.5575,2011,10,40,1
18,2011-10-14,0,953533.9500000001,B,120653,60.26,3.583,,,,,,136.5150968,8.471,1019741.1,1029618.1,891469.43,2011,10,41,1
18,2011-10-21,0,1048212.62,B,120653,55.83,3.618,,,,,,136.5017742,8.471,953533.9500000001,1052120.43,918424.075,2011,10,42,1
18,2011-10-28,0,1106642.63,B,120653,45.61,3.604,,,,,,136.4884516,8.471,1048212.62,1038576.54,967208.9375,2011,10,43,1
18,2011-11-04,0,1100625.06,B,120653,38.29,3.586,,,,,,136.475129,8.471,1106642.63,1089530.94,1032032.575,2011,11,44,1
18,2011-11-11,0,1079931.63,B,120653,45.69,3.57,15992.53,14793.25,213.79,2921.6,3231.9,136.4618065,8.471,1100625.06,1081322.12,1052253.565,2011,11,45,1
18,2011-11-18,0,1056992.18,B,120653,47.88,3.571,5223.35,1781.71,182.6,1170.74,4346.68,136.4666667,8.471,1079931.63,1045722.37,1083852.9849999999,2011,11,46,1
18,2011-11-25,1,1624170.99,B,120653,41.97,3.536,748.82,46.0,71366.86,19.0,577.4,136.4788,8.471,1056992.18,1653759.36,1086047.875,2011,11,47,1
18,2011-12-02,0,1188047.61,B,120653,46.25,3.501,4614.36,7.0,1389.17,2419.58,23235.01,136.4909333,8.471,1624170.99,1211026.13,1215429.9649999999,2011,12,48,1
18,2011-12-09,0,1368471.23,B,120653,42.36,3.47,5128.67,10.5,659.34,2773.46,6374.67,136.5030667,8.471,1188047.61,1416168.98,1237285.6025,2011,12,49,1
18,2011-12-16,0,1516924.23,B,120653,35.52,3.445,3332.41,2.65,882.11,1350.2,2932.75,136.5335161,8.471,1368471.23,1588430.71,1309420.5025,2011,12,50,1
18,2011-12-23,0,1882393.4,B,120653,35.78,3.413,159.95,12.79,2083.28,71.51,2131.65,136.5883871,8.471,1516924.23,2027507.1500000001,1424403.5150000001,2011,12,51,1
18,2011-12-30,1,1010562.49,B,120653,32.36,3.402,3214.22,53296.65,300.74,621.37,1276.08,136.6432581,8.471,1882393.4,887907.01,1488959.1175,2011,12,52,1
18,2012-01-06,0,977286.07,B,120653,31.27,3.439,6196.77,43731.43,128.45,1653.17,8527.2,136.698129,8.075,1010562.49,933960.3,1444587.8375,2012,1,1,1
18,2012-01-13,0,890130.25,B,120653,35.25,3.523,3761.79,22411.4,10.54,807.3,2977.83,136.753,8.075,977286.07,777175.28,1346791.5475,2012,1,2,1
18,2012-01-20,0,937522.77,B,120653,24.2,3.542,4209.35,5114.77,3.66,414.31,965.11,136.8564194,8.075,890130.25,891148.55,1190093.0525,2012,1,3,1
18,2012-01-27,0,825584.22,B,120653,30.44,3.568,3237.56,3060.93,,22.5,653.02,136.9598387,8.075,937522.77,849540.85,953875.395,2012,1,4,1
18,2012-02-03,0,1049772.04,B,120653,37.62,3.633,19499.87,3227.0,424.44,43570.91,3158.83,137.0632581,8.075,825584.22,1055841.24,907630.8275,2012,2,5,1
18,2012-02-10,1,1161615.51,B,120653,32.83,3.655,36778.65,4105.7,222.56,16024.01,8840.68,137.1666774,8.075,1049772.04,1122053.58,925752.3200000001,2012,2,6,1
18,2012-02-17,0,1115985.81,B,120653,32.87,3.703,17875.37,9663.67,2.0,10433.78,5439.08,137.2583103,8.075,1161615.51,1095058.57,993623.635,2012,2,7,1
18,2012-02-24,0,1037861.11,B,120653,36.34,3.751,8425.97,10284.14,,1417.12,3566.91,137.3411034,8.075,1115985.81,1005983.3099999999,1038239.395,2012,2,8,1
18,2012-03-02,0,1047178.91,B,120653,33.59,3.827,26970.65,2430.78,152.58,28367.78,3625.67,137.4238966,8.075,1037861.11,1063310.62,1091308.6175,2012,3,9,1
18,2012-03-09,0,1084894.47,B,120653,38.1,3.876,7410.18,368.19,25.46,1852.39,2332.07,137.5066897,8.075,1047178.91,1002714.25,1090660.335,2012,3,10,1
18,2012-03-16,0,1022018.43,B,120653,45.84,3.867,9284.23,167.65,4.93,2554.94,2070.14,137.5843871,8.075,1084894.47,945889.59,1071480.0750000002,2012,3,11,1
18,2012-03-23,0,1031139.3,B,120653,58.06,3.889,4449.37,237.61,6.53,475.59,2848.63,137.6552903,8.075,1022018.43,944523.3,1047988.23,2012,3,12,1
18,2012-03-30,0,1009121.2,B,120653,45.35,3.921,13122.32,267.64,6.93,657.56,2566.75,137.7261935,8.075,1031139.3,938083.17,1046307.7775,2012,3,13,1
18,2012-04-06,0,1200815.3,B,120653,43.8,3.957,7879.75,,43.89,3186.17,5337.91,137.7970968,8.304,1009121.2,1018541.3,1036793.3500000001,2012,4,14,1
18,2012-04-13,0,998443.5,B,120653,47.75,4.025,5798.35,9592.28,11.72,1492.2,2261.14,137.868,8.304,1200815.3,988157.72,1065773.5575,2012,4,15,1
18,2012-04-20,0,1025813.8,B,120653,60.88,4.046,9959.48,11361.33,10.57,203.57,2562.42,137.9230667,8.304,998443.5,1105860.06,1059879.825,2012,4,16,1
18,2012-04-27,0,961186.23,B,120653,50.43,4.023,2255.05,5.83,23.93,17.92,1445.88,137.9781333,8.304,1025813.8,974114.39,1058548.45,2012,4,17,1
19,2011-02-04,0,1370562.1099999999,A,203819,21.02,3.4,,,,,,133.1834194,7.771,1284185.49,1507637.17,1225633.4625,2011,2,5,0
19,2011-02-11,1,1430851.11,A,203819,21.79,3.416,,,,,,133.260871,7.771,1370562.1099999999,1536549.95,1262229.9925,2011,2,6,0
19,2011-02-18,0,1457270.16,A,203819,34.74,3.42,,,,,,133.3701429,7.771,1430851.11,1515976.11,1324641.6375,2011,2,7,0
19,2011-02-25,0,1296658.47,A,203819,23.24,3.452,,,,,,133.4921429,7.771,1457270.16,1373270.06,1385717.2175,2011,2,8,0
19,2011-03-04,0,1433569.44,A,203819,29.28,3.605,,,,,,133.6141429,7.771,1296658.47,1495844.57,1388835.4625,2011,3,9,0
19,2011-03-11,0,1351450.43,A,203819,35.59,3.752,,,,,,133.7361429,7.771,1433569.44,1467889.2,1404587.295,2011,3,10,0
19,2011-03-18,0,1257972.3699999999,A,203819,40.32,3.796,,,,,,133.8492258,7.771,1351450.43,1332940.35,1384737.125,2011,3,11,0
19,2011-03-25,0,1266564.94,A,203819,33.26,3.789,,,,,,133.9587419,7.771,1257972.3699999999,1427023.45,1334912.6775,2011,3,12,0
19,2011-04-01,0,1305950.22,A,203819,30.68,3.811,,,,,,134.0682581,7.658,1266564.94,1642970.27,1327389.295,2011,4,13,0
19,2011-04-08,0,1419911.91,A,203819,41.26,3.895,,,,,,134.1777742,7.658,1305950.22,1489613.32,1295484.4899999998,2011,4,14,0
19,2011-04-15,0,1392093.04,A,203819,48.67,3.981,,,,,,134.2784667,7.658,1419911.91,1460354.67,1312599.8599999999,2011,4,15,0
19,2011-04-22,0,1514288.82,A,203819,41.66,4.061,,,,,,134.3571,7.658,1392093.04,1456793.33,1346130.0274999999,2011,4,16,0
19,2011-04-29,0,1297237.7,A,203819,54.23,4.117,,,,,,134.4357333,7.658,1514288.82,1405065.57,1408060.9975,2011,4,17,0
19,2011-05-06,0,1451953.95,A,203819,50.43,4.192,,,,,,134.5143667,7.658,1297237.7,1566219.77,1405882.8675,2011,5,18,0
19,2011-05-13,0,1429143.06,A,203819,54.2,4.211,,,,,,134.593,7.658,1451953.95,1437319.45,1413893.3775,2011,5,19,0
19,2011-05-20,0,1355234.3,A,203819,52.8,4.202,,,,,,134.6803871,7.658,1429143.06,1377716.17,1423155.8825,2011,5,20,0
19,2011-05-27,0,1388553.11,A,203819,63.2,4.134,,,,,,134.7677742,7.658,1355234.3,1648882.62,1383392.2525,2011,5,21,0
19,2011-06-03,0,1457345.75,A,203819,66.01,4.069,,,,,,134.8551613,7.658,1388553.11,1519013.49,1406221.105,2011,6,22,0
19,2011-06-10,0,1467473.6300000001,A,203819,68.26,4.025,,,,,,134.9425484,7.658,1457345.75,1410683.94,1407569.0550000002,2011,6,23,0
19,2011-06-17,0,1418973.6199999999,A,203819,64.02,3.989,,,,,,135.0837333,7.658,1467473.6300000001,1457314.3900000001,1417151.6975,2011,6,24,0
19,2011-06-24,0,1440785.7,A,203819,68.4,3.964,,,,,,135.2652667,7.658,1418973.6199999999,1450407.32,1433086.5274999999,2011,6,25,0
19,2011-07-01,0,1462731.93,A,203819,67.64,3.916,,,,,,135.4468,7.806,1440785.7,1549018.68,1446144.675,2011,7,26,0
19,2011-07-08,0,1465489.75,A,203819,73.2,3.886,,,,,,135.6283333,7.806,1462731.93,1577541.24,1447491.2199999997,2011,7,27,0
19,2011-07-15,0,1391580.41,A,203819,73.7,3.915,,,,,,135.7837419,7.806,1465489.75,1412157.02,1446995.25,2011,7,28,0
19,2011-07-22,0,1377119.45,A,203819,79.37,3.972,,,,,,135.8738387,7.806,1391580.41,1372043.71,1440146.9475,2011,7,29,0
19,2011-07-29,0,1298775.8,A,203819,74.86,4.004,,,,,,135.9639355,7.806,1377119.45,1366395.96,1424230.385,2011,7,30,0
19,2011-08-05,0,1408968.55,A,203819,73.84,4.02,,,,,,136.0540323,7.806,1298775.8,1492060.89,1383241.3524999998,2011,8,31,0
19,2011-08-12,0,1360969.45,A,203819,70.92,3.995,,,,,,136.144129,7.806,1408968.55,1418027.08,1369111.0525,2011,8,32,0
19,2011-08-19,0,1391792.69,A,203819,71.14,3.942,,,,,,136.183129,7.806,1360969.45,1419383.19,1361458.3125,2011,8,33,0
19,2011-08-26,0,1547729.24,A,203819,69.34,3.906,,,,,,136.2136129,7.806,1391792.69,1557888.16,1365126.6225,2011,8,34,0
19,2011-09-02,0,1609951.02,A,203819,69.27,3.879,,,,,,136.2440968,7.806,1547729.24,1623519.6400000001,1427364.9825,2011,9,35,0
19,2011-09-09,1,1566712.79,A,203819,68.28,3.93,,,,,,136.2745806,7.806,1609951.02,1591453.39,1477610.5999999999,2011,9,36,0
19,2011-09-16,0,1365633.53,A,203819,62.76,3.937,,,,,,136.3145,7.806,1566712.79,1386789.31,1529046.435,2011,9,37,0
19,2011-09-23,0,1300375.76,A,203819,61.32,3.899,,,,,,136.367,7.806,1365633.53,1318343.58,1522506.645,2011,9,38,0
19,2011-09-30,0,1330757.22,A,203819,64.99,3.858,,,,,,136.4195,7.806,1300375.76,1379456.3,1460668.275,2011,9,39,0
19,2011-10-07,0,1461718.87,A,203819,53.1,3.775,,,,,,136.472,7.866,1330757.22,1428960.72,1390869.825,2011,10,40,0
19,2011-10-14,0,1318905.53,A,203819,61.86,3.744,,,,,,136.5150968,7.866,1461718.87,1369317.63,1364621.345,2011,10,41,0
19,2011-10-21,0,1374863.1,A,203819,52.05,3.757,,,,,,136.5017742,7.866,1318905.53,1357154.71,1352939.345,2011,10,42,0
19,2011-10-28,0,1396612.36,A,203819,46.49,3.757,,,,,,136.4884516,7.866,1374863.1,1404576.48,1371561.1800000002,2011,10,43,0
19,2011-11-04,0,1480289.64,A,203819,44.97,3.738,,,,,,136.475129,7.866,1396612.36,1435379.25,1388024.965,2011,11,44,0
19,2011-11-11,0,1502078.93,A,203819,48.22,3.719,27064.58,16590.75,502.96,8568.62,6349.89,136.4618065,7.866,1480289.64,1490235.86,1392667.6575000002,2011,11,45,0
19,2011-11-18,0,1411835.57,A,203819,48.21,3.717,10100.14,1785.29,92.36,978.96,7776.94,136.4666667,7.866,1502078.93,1377593.1,1438461.0075,2011,11,46,0
19,2011-11-25,1,1974646.78,A,203819,42.75,3.689,1328.35,1436.52,88805.58,23.79,1869.98,136.4788,7.866,1411835.57,1993367.83,1447704.125,2011,11,47,0
19,2011-12-02,0,1484708.38,A,203819,45.67,3.666,7197.6,239.76,9191.67,4716.48,28279.83,136.4909333,7.866,1974646.78,1615987.96,1592212.73,2011,12,48,0
19,2011-12-09,0,1713769.06,A,203819,40.18,3.627,7210.8,9.5,481.91,4650.7,11954.56,136.5030667,7.866,1484708.38,1799070.98,1593317.4149999998,2011,12,49,0
19,2011-12-16,0,1852179.1500000001,A,203819,37.07,3.611,5307.81,292.4,825.0,489.96,4799.18,136.5335161,7.866,1713769.06,1911967.44,1646239.9475,2011,12,50,0
19,2011-12-23,0,2480159.47,A,203819,36.09,3.587,3124.45,475.86,1902.55,145.88,3248.83,136.5883871,7.866,1852179.1500000001,2678206.42,1756325.8425000003,2011,12,51,0
19,2011-12-30,1,1405168.06,A,203819,31.65,3.566,6234.22,50438.17,210.34,1457.96,2373.94,136.6432581,7.866,2480159.47,1275146.94,1882704.0150000001,2011,12,52,0
19,2012-01-06,0,1266570.4,A,203819,31.84,3.585,9970.68,26073.98,233.88,1552.93,10335.05,136.698129,7.943,1405168.06,1224175.99,1862818.935,2012,1,1,0
19,2012-01-13,0,1182198.7,A,203819,37.08,3.666,3504.09,11505.42,291.37,1698.88,5451.32,136.753,7.943,1266570.4,1181204.53,1751019.27,2012,1,2,0
19,2012-01-20,0,1237104.73,A,203819,23.44,3.705,5571.99,5702.57,225.06,1122.08,2863.93,136.8564194,7.943,1182198.7,1212967.84,1583524.1575,2012,1,3,0
19,2012-01-27,0,1279623.26,A,203819,32.41,3.737,3112.37,4031.78,289.74,20.97,2353.81,136.9598387,7.943,1237104.73,1284185.49,1272760.4725,2012,1,4,0
19,2012-02-03,0,1345311.65,A,203819,36.22,3.796,51879.66,6433.83,394.18,52739.02,6473.61,137.0632581,7.943,1279623.26,1370562.1099999999,1241374.2725,2012,2,5,0
19,2012-02-10,1,1499496.67,A,203819,32.61,3.826,12739.73,8415.91,279.21,16150.68,7888.04,137.1666774,7.943,1345311.65,1430851.11,1261059.585,2012,2,6,0
19,2012-02-17,0,1424720.27,A,203819,30.95,3.874,14910.8,14860.19,82.94,11200.69,7571.06,137.2583103,7.943,1499496.67,1457270.16,1340384.0775,2012,2,7,0
19,2012-02-24,0,1352470.09,A,203819,33.91,3.917,13926.46,11835.35,2.8,4929.34,6287.18,137.3411034,7.943,1424720.27,1296658.47,1387287.9625,2012,2,8,0
19,2012-03-02,0,1308977.05,A,203819,34.83,3.983,28177.29,3485.95,22.78,31324.8,2851.55,137.4238966,7.943,1352470.09,1433569.44,1405499.6700000002,2012,3,9,0
19,2012-03-09,0,1358816.46,A,203819,38.15,4.021,6724.01,745.75,2.68,1532.63,3952.89,137.5066897,7.943,1308977.05,1351450.43,1396416.02,2012,3,10,0
19,2012-03-16,0,1312849.1,A,203819,48.2,4.021,8353.56,84.57,3.04,3175.2,2613.7,137.5843871,7.943,1358816.46,1257972.3699999999,1361245.9675,2012,3,11,0
19,2012-03-23,0,1342254.55,A,203819,56.72,4.054,6048.55,170.78,1.02,986.74,2684.83,137.6552903,7.943,1312849.1,1266564.94,1333278.175,2012,3,12,0
19,2012-03-30,0,1327139.35,A,203819,43.47,4.098,9356.36,134.4,6.75,2056.18,3420.94,137.7261935,7.943,1342254.55,1305950.22,1330724.29,2012,3,13,0
19,2012-04-06,0,1631737.68,A,203819,40.23,4.143,9337.26,,52.59,2949.23,5996.69,137.7970968,8.15,1327139.35,1419911.91,1335264.865,2012,4,14,0
19,2012-04-13,0,1365098.46,A,203819,44.42,4.187,5254.86,12590.76,22.55,1818.94,3264.93,137.868,8.15,1631737.68,1392093.04,1403495.17,2012,4,15,0
19,2012-04-20,0,1255087.26,A,203819,55.2,4.17,6304.48,5712.68,34.16,1321.97,3751.92,137.9230667,8.15,1365098.46,1514288.82,1416557.5100000002,2012,4,16,0
19,2012-04-27,0,1285897.24,A,203819,42.45,4.163,3735.3,-265.76,52.82,67.72,2959.27,137.9781333,8.15,1255087.26,1297237.7,1394765.6875,2012,4,17,0
20,2011-02-04,0,2351143.07,A,203742,28.58,3.231,,,,,,205.7329407,7.343,1761506.68,2401395.47,1817672.0749999997,2011,2,5,0
20,2011-02-11,1,2211388.14,A,203742,25.38,3.239,,,,,,206.0763862,7.343,2351143.07,2109107.9,1944700.105,2011,2,6,0
20,2011-02-18,0,2258616.24,A,203742,42.95,3.245,,,,,,206.3694701,7.343,2211388.14,2161549.7600000002,2026460.8875000002,2011,2,7,0
20,2011-02-25,0,1938608.52,A,203742,33.2,3.274,,,,,,206.6424093,7.343,2258616.24,1898193.95,2145663.5325,2011,2,8,0
20,2011-03-04,0,2143424.61,A,203742,37.33,3.433,,,,,,206.9153485,7.343,1938608.52,2119213.72,2189938.9925,2011,3,9,0
20,2011-03-11,0,1990932.77,A,203742,39.53,3.582,,,,,,207.1882876,7.343,2143424.61,2010974.84,2138009.3775,2011,3,10,0
20,2011-03-18,0,1931668.64,A,203742,44.8,3.631,,,,,,207.4283845,7.343,1990932.77,1951848.43,2082895.535,2011,3,11,0
20,2011-03-25,0,1824711.21,A,203742,44.83,3.625,,,,,,207.6553444,7.343,1931668.64,1894742.95,2001158.635,2011,3,12,0
20,2011-04-01,0,1927993.09,A,203742,32.43,3.638,,,,,,207.8823043,7.287,1824711.21,2405395.22,1972684.3074999999,2011,4,13,0
20,2011-04-08,0,2027056.3900000001,A,203742,47.09,3.72,,,,,,208.1092642,7.287,1927993.09,2007796.26,1918826.4274999998,2011,4,14,0
20,2011-04-15,0,2057406.33,A,203742,55.0,3.821,,,,,,208.3172811,7.287,2027056.3900000001,1985784.59,1927857.3325,2011,4,15,0
20,2011-04-22,0,2313861.81,A,203742,52.56,3.892,,,,,,208.4779405,7.287,2057406.33,1878862.42,1959291.7550000001,2011,4,16,0
20,2011-04-29,0,1881788.19,A,203742,62.97,3.962,,,,,,208.6386,7.287,2313861.81,1919053.21,2081579.4050000003,2011,4,17,0
20,2011-05-06,0,2090838.44,A,203742,53.41,4.046,,,,,,208.7992595,7.287,1881788.19,2137202.38,2070028.1800000002,2011,5,18,0
20,2011-05-13,0,2036748.53,A,203742,62.26,4.066,,,,,,208.9599189,7.287,2090838.44,2033211.6199999999,2085973.6925,2011,5,19,0
20,2011-05-20,0,1953416.06,A,203742,59.01,4.062,,,,,,208.7583165,7.287,2036748.53,1893736.9,2080809.2425,2011,5,20,0
20,2011-05-27,0,1944433.17,A,203742,69.12,3.985,,,,,,208.556714,7.287,1953416.06,2065984.95,1990697.8050000002,2011,5,21,0
20,2011-06-03,0,2182246.69,A,203742,73.51,3.922,,,,,,208.3551116,7.287,1944433.17,2203619.35,2006359.05,2011,6,22,0
20,2011-06-10,0,2135062.04,A,203742,73.64,3.881,,,,,,208.1535092,7.287,2182246.69,2100489.79,2029211.1124999998,2011,6,23,0
20,2011-06-17,0,2065191.27,A,203742,66.41,3.842,,,,,,208.1265604,7.287,2135062.04,2091903.63,2053789.49,2011,6,24,0
20,2011-06-24,0,1950826.32,A,203742,72.4,3.804,,,,,,208.2306018,7.287,2065191.27,1973135.87,2081733.2925,2011,6,25,0
20,2011-07-01,0,2053165.4100000001,A,203742,69.66,3.748,,,,,,208.3346432,7.274,1950826.32,2143676.77,2083331.5799999998,2011,7,26,0
20,2011-07-08,0,2123787.79,A,203742,74.69,3.711,,,,,,208.4386847,7.274,2053165.4100000001,2107285.85,2051061.26,2011,7,27,0
20,2011-07-15,0,2039875.75,A,203742,74.88,3.76,,,,,,208.5309337,7.274,2123787.79,2031852.16,2048242.6975,2011,7,28,0
20,2011-07-22,0,1950904.84,A,203742,78.89,3.811,,,,,,208.5937018,7.274,2039875.75,1900535.9,2041913.8175,2011,7,29,0
20,2011-07-29,0,1858440.92,A,203742,77.47,3.829,,,,,,208.6564699,7.274,1950904.84,1955896.59,2041933.4475,2011,7,30,0
20,2011-08-05,0,2189353.63,A,203742,77.8,3.842,,,,,,208.719238,7.274,1858440.92,1910177.38,1993252.325,2011,8,31,0
20,2011-08-12,0,2052246.4,A,203742,73.52,3.812,,,,,,208.7820061,7.274,2189353.63,2071022.45,2009643.785,2011,8,32,0
20,2011-08-19,0,1990017.93,A,203742,71.25,3.747,,,,,,208.8424359,7.274,2052246.4,1975374.56,2012736.4474999998,2011,8,33,0
20,2011-08-26,0,1933577.2,A,203742,70.15,3.704,,,,,,208.902476,7.274,1990017.93,1946369.57,2022514.72,2011,8,34,0
20,2011-09-02,0,2141765.98,A,203742,70.82,3.703,,,,,,208.9625161,7.274,1933577.2,2121561.41,2041298.79,2011,9,35,0
20,2011-09-09,1,2050542.56,A,203742,68.74,3.738,,,,,,209.0225562,7.274,2141765.98,2014954.79,2029401.8775,2011,9,36,0
20,2011-09-16,0,1979009.46,A,203742,64.02,3.742,,,,,,209.1893892,7.274,2050542.56,1948359.78,2028975.9175,2011,9,37,0
20,2011-09-23,0,1888119.7,A,203742,62.15,3.711,,,,,,209.4986126,7.274,1979009.46,1789687.65,2026223.7999999998,2011,9,38,0
20,2011-09-30,0,1945808.26,A,203742,63.44,3.645,,,,,,209.807836,7.274,1888119.7,1933719.21,2014859.425,2011,9,39,0
20,2011-10-07,0,2135982.79,A,203742,52.42,3.583,,,,,,210.1170595,7.082,1945808.26,2060389.27,1965869.995,2011,10,40,0
20,2011-10-14,0,2010107.68,A,203742,62.54,3.541,,,,,,210.4027602,7.082,2135982.79,1950676.39,1987230.0524999998,2011,10,41,0
20,2011-10-21,0,2104241.9,A,203742,53.69,3.57,,,,,,210.5473252,7.082,2010107.68,1893955.27,1995004.6075000002,2011,10,42,0
20,2011-10-28,0,2065421.52,A,203742,49.36,3.569,,,,,,210.6918901,7.082,2104241.9,1891816.0,2049035.1575,2011,10,43,0
20,2011-11-04,0,2284106.6,A,203742,43.88,3.551,,,,,,210.8364551,7.082,2065421.52,2184316.64,2078938.4724999997,2011,11,44,0
20,2011-11-11,0,2269975.85,A,203742,47.27,3.53,34348.14,11652.84,549.25,9606.11,5472.37,210.9810201,7.082,2284106.6,2187765.28,2115969.425,2011,11,45,0
20,2011-11-18,0,2169933.82,A,203742,49.3,3.53,4817.96,1673.96,658.55,1043.37,6545.16,211.1847207,7.082,2269975.85,2105058.91,2180936.4675,2011,11,46,0
20,2011-11-25,1,2906233.25,A,203742,46.38,3.492,335.66,80.0,101378.79,64.46,2251.98,211.4120757,7.082,2169933.82,2811634.04,2197359.4475,2011,11,47,0
20,2011-12-02,0,2298776.83,A,203742,46.32,3.452,10007.34,60.0,25959.98,6140.65,35675.62,211.6394306,7.082,2906233.25,2416051.17,2407562.38,2011,12,48,0
20,2011-12-09,0,2546123.78,A,203742,41.64,3.415,9458.19,81.5,791.04,5254.23,11447.14,211.8667856,7.082,2298776.83,2752122.08,2411229.9375,2011,12,49,0
20,2011-12-16,0,2762816.65,A,203742,37.16,3.413,5488.56,217.03,1776.71,466.19,4535.27,212.0685039,7.082,2546123.78,2819193.17,2480266.92,2011,12,50,0
20,2011-12-23,0,3555371.03,A,203742,40.19,3.389,1483.17,80.15,2145.46,38.97,4180.29,212.2360401,7.082,2762816.65,3766687.43,2628487.6275,2011,12,51,0
20,2011-12-30,1,2043245.0,A,203742,36.35,3.389,6918.65,97740.99,270.38,1648.03,2852.19,212.4035763,7.082,3555371.03,1799737.79,2790772.0725,2011,12,52,0
20,2012-01-06,0,1964701.94,A,203742,33.42,3.422,9273.46,45971.43,207.6,1365.38,5460.86,212.5711125,6.961,2043245.0,1843030.95,2726889.1149999998,2012,1,1,0
20,2012-01-13,0,1911510.64,A,203742,37.79,3.513,3627.81,18632.14,108.48,847.7,3614.04,212.7386486,6.961,1964701.94,1884345.01,2581533.6550000003,2012,1,2,0
20,2012-01-20,0,1892775.94,A,203742,27.65,3.533,2465.98,5030.4,106.54,999.54,3380.92,212.8336399,6.961,1911510.64,1781805.66,2368707.1525,2012,1,3,0
20,2012-01-27,0,1761016.51,A,203742,37.19,3.567,1023.6,3044.15,106.08,52.87,2447.73,212.9286312,6.961,1892775.94,1761506.68,1953058.3800000001,2012,1,4,0
20,2012-02-03,0,2203523.2,A,203742,39.93,3.617,58928.52,8766.77,226.27,53603.99,8301.25,213.0236225,6.961,1761016.51,2351143.07,1882501.2574999998,2012,2,5,0
20,2012-02-10,1,2462978.2800000003,A,203742,33.47,3.64,9804.0,13171.55,132.42,16864.33,7535.63,213.1186138,6.961,2203523.2,2211388.14,1942206.5725,2012,2,6,0
20,2012-02-17,0,2309025.16,A,203742,31.11,3.695,27400.95,19179.87,10.5,11087.4,10204.37,213.2732106,6.961,2462978.2800000003,2258616.24,2080073.4825000002,2012,2,7,0
20,2012-02-24,0,2045837.55,A,203742,39.79,3.739,11230.85,10561.94,12.2,1457.31,21024.39,213.4725116,6.961,2309025.16,1938608.52,2184135.7875,2012,2,8,0
20,2012-03-02,0,2148822.7600000002,A,203742,39.98,3.816,34117.01,3200.31,6.0,22275.03,4989.3,213.6718127,6.961,2045837.55,2143424.61,2255341.0475000003,2012,3,9,0
20,2012-03-09,0,2139265.4,A,203742,41.14,3.848,10686.42,750.14,3.67,3867.16,3518.62,213.8711137,6.961,2148822.7600000002,1990932.77,2241665.9375,2012,3,10,0
20,2012-03-16,0,2064991.71,A,203742,53.73,3.862,6745.04,310.32,6.94,3282.4,2895.89,214.0167132,6.961,2139265.4,1931668.64,2160737.7175000003,2012,3,11,0
20,2012-03-23,0,1992436.96,A,203742,66.11,3.9,3580.87,612.11,7.01,332.11,4032.81,214.0907105,6.961,2064991.71,1824711.21,2099729.355,2012,3,12,0
20,2012-03-30,0,2074721.74,A,203742,51.52,3.953,9569.49,116.47,7.75,1285.42,3908.61,214.1647079,6.961,1992436.96,1927993.09,2086379.2075,2012,3,13,0
20,2012-04-06,0,2565259.92,A,203742,50.06,3.996,8408.31,12.57,50.79,4289.46,7382.25,214.2387053,7.139,2074721.74,2027056.3900000001,2067853.9525,2012,4,14,0
20,2012-04-13,0,2045396.06,A,203742,45.68,4.044,9671.84,7934.59,68.02,2515.97,2667.15,214.3127027,7.139,2565259.92,2057406.33,2174352.5825,2012,4,15,0
20,2012-04-20,0,1884427.84,A,203742,60.11,4.027,7522.16,5650.88,67.26,1066.17,4006.0,214.3675045,7.139,2045396.06,2313861.81,2169453.67,2012,4,16,0
20,2012-04-27,0,1886503.93,A,203742,47.64,4.004,2332.34,2.82,41.39,28.04,3318.17,214.4223063,7.139,1884427.84,1881788.19,2142451.39,2012,4,17,0
21,2011-02-04,0,596218.24,B,140167,36.33,2.989,,,,,,212.2240646,8.028,649878.29,798593.88,648440.3025,2011,2,5,1
21,2011-02-11,1,771908.51,B,140167,34.61,3.022,,,,,,212.5928624,8.028,596218.24,809321.44,640206.8474999999,2011,2,6,1
21,2011-02-18,0,884701.92,B,140167,59.87,3.045,,,,,,212.9033115,8.028,771908.51,867283.25,670486.6925,2011,2,7,1
21,2011-02-25,0,768313.85,B,140167,61.27,3.065,,,,,,213.190421,8.028,884701.92,749597.24,725676.74,2011,2,8,1
21,2011-03-04,0,796277.72,B,140167,59.52,3.288,,,,,,213.4775305,8.028,768313.85,747444.32,755285.63,2011,3,9,1
21,2011-03-11,0,763479.9,B,140167,54.69,3.459,,,,,,213.7646401,8.028,796277.72,712312.89,805300.5,2011,3,10,1
21,2011-03-18,0,793569.0,B,140167,63.26,3.488,,,,,,214.0156238,8.028,763479.9,727070.0,803193.3475,2011,3,11,1
21,2011-03-25,0,753711.32,B,140167,70.33,3.473,,,,,,214.2521573,8.028,793569.0,686497.53,780410.1175,2011,3,12,1
21,2011-04-01,0,732056.37,B,140167,56.36,3.524,,,,,,214.4886908,7.931,753711.32,753664.12,776759.485,2011,4,13,1
21,2011-04-08,0,744782.89,B,140167,68.62,3.622,,,,,,214.7252242,7.931,732056.37,751181.4,760704.1475,2011,4,14,1
21,2011-04-15,0,768390.05,B,140167,71.01,3.743,,,,,,214.9420631,7.931,744782.89,716026.51,756029.895,2011,4,15,1
21,2011-04-22,0,801302.01,B,140167,70.79,3.807,,,,,,215.1096657,7.931,768390.05,718780.59,749735.1575,2011,4,16,1
21,2011-04-29,0,783250.75,B,140167,70.19,3.81,,,,,,215.2772683,7.931,801302.01,680532.69,761632.8300000001,2011,4,17,1
21,2011-05-06,0,718898.33,B,140167,61.87,3.906,,,,,,215.4448709,7.931,783250.75,744969.42,774431.425,2011,5,18,1
21,2011-05-13,0,754236.7000000001,B,140167,75.04,3.899,,,,,,215.6124735,7.931,718898.33,723559.88,767960.285,2011,5,19,1
21,2011-05-20,0,744836.56,B,140167,68.36,3.907,,,,,,215.3834778,7.931,754236.7000000001,753361.72,764421.9475,2011,5,20,1
21,2011-05-27,0,744389.8099999999,B,140167,76.86,3.786,,,,,,215.1544822,7.931,744836.56,755214.26,750305.5850000001,2011,5,21,1
21,2011-06-03,0,773878.58,B,140167,83.82,3.699,,,,,,214.9254865,7.931,744389.8099999999,806012.48,740590.35,2011,6,22,1
21,2011-06-10,0,794397.89,B,140167,84.71,3.648,,,,,,214.6964908,7.931,773878.58,784305.55,754335.4125000001,2011,6,23,1
21,2011-06-17,0,823220.43,B,140167,87.54,3.637,,,,,,214.6513538,7.931,794397.89,785104.29,764375.71,2011,6,24,1
21,2011-06-24,0,771298.98,B,140167,85.72,3.594,,,,,,214.7441108,7.931,823220.43,769848.75,783971.6775,2011,6,25,1
21,2011-07-01,0,784639.12,B,140167,87.57,3.524,,,,,,214.8368678,7.852,771298.98,711470.8,790698.97,2011,7,26,1
21,2011-07-08,0,734099.4,B,140167,89.16,3.48,,,,,,214.9296249,7.852,784639.12,714677.47,793389.105,2011,7,27,1
21,2011-07-15,0,728311.15,B,140167,91.05,3.575,,,,,,215.0134426,7.852,734099.4,755098.41,778314.4825,2011,7,28,1
21,2011-07-22,0,784490.67,B,140167,90.27,3.651,,,,,,215.0749122,7.852,728311.15,765823.48,754587.1625,2011,7,29,1
21,2011-07-29,0,751167.12,B,140167,91.56,3.682,,,,,,215.1363819,7.852,784490.67,715876.27,757885.085,2011,7,30,1
21,2011-08-05,0,783614.89,B,140167,94.22,3.684,,,,,,215.1978515,7.852,751167.12,739279.1900000001,749517.085,2011,8,31,1
21,2011-08-12,0,776933.37,B,140167,92.32,3.638,,,,,,215.2593211,7.852,783614.89,793589.18,761895.9575,2011,8,32,1
21,2011-08-19,0,855546.5,B,140167,90.11,3.554,,,,,,215.3229307,7.852,776933.37,848873.28,774051.5125000001,2011,8,33,1
21,2011-08-26,0,821127.53,B,140167,92.07,3.523,,,,,,215.386897,7.852,855546.5,855882.57,791815.47,2011,8,34,1
21,2011-09-02,0,705557.8,B,140167,91.94,3.533,,,,,,215.4508632,7.852,821127.53,727772.8,809305.5725,2011,9,35,1
21,2011-09-09,1,653989.65,B,140167,78.87,3.546,,,,,,215.5148295,7.852,705557.8,674055.81,789791.3,2011,9,36,1
21,2011-09-16,0,653525.84,B,140167,80.62,3.526,,,,,,215.6944378,7.852,653989.65,684340.86,759055.37,2011,9,37,1
21,2011-09-23,0,681913.29,B,140167,75.68,3.467,,,,,,216.0282356,7.852,653525.84,671688.06,708550.205,2011,9,38,1
21,2011-09-30,0,651970.48,B,140167,78.91,3.355,,,,,,216.3620333,7.852,681913.29,677158.39,673746.645,2011,9,39,1
21,2011-10-07,0,663452.46,B,140167,71.64,3.285,,,,,,216.6958311,7.441,651970.48,680579.49,660349.815,2011,10,40,1
21,2011-10-14,0,671379.44,B,140167,69.79,3.274,,,,,,217.0048261,7.441,663452.46,693412.05,662715.5175,2011,10,41,1
21,2011-10-21,0,729036.0599999999,B,140167,65.16,3.353,,,,,,217.1650042,7.441,671379.44,710668.45,667178.9175,2011,10,42,1
21,2011-10-28,0,738812.0,B,140167,65.46,3.372,,,,,,217.3251824,7.441,729036.0599999999,731756.65,678959.61,2011,10,43,1
21,2011-11-04,0,767358.37,B,140167,56.01,3.332,,,,,,217.4853605,7.441,738812.0,719888.76,700669.99,2011,11,44,1
21,2011-11-11,0,757369.87,B,140167,59.8,3.297,5522.33,7898.33,11.1,2489.99,7562.52,217.6455387,7.441,767358.37,735796.38,726646.4675,2011,11,45,1
21,2011-11-18,0,737014.09,B,140167,61.9,3.308,8864.34,545.17,58.71,747.43,4961.44,217.8670218,7.441,757369.87,756288.89,748144.075,2011,11,46,1
21,2011-11-25,1,1219263.4,B,140167,56.43,3.236,233.85,206.36,40561.8,319.19,170.64,218.1130269,7.441,737014.09,1245628.61,750138.5825,2011,11,47,1
21,2011-12-02,0,793184.25,B,140167,48.72,3.172,3389.1,43.0,1258.32,325.35,8623.67,218.3590319,7.441,1219263.4,829210.73,870251.4325,2011,12,48,1
21,2011-12-09,0,897747.13,B,140167,41.44,3.158,6862.3,19.0,330.9,4746.58,17822.36,218.605037,7.441,793184.25,943891.64,876707.9025,2011,12,49,1
21,2011-12-16,0,1027584.51,B,140167,50.56,3.159,1846.83,65.06,163.18,393.58,2731.41,218.8217928,7.441,897747.13,1147556.83,911802.2175,2011,12,50,1
21,2011-12-23,0,1384552.17,B,140167,46.54,3.112,759.8,6.92,577.46,29.81,2830.92,218.9995495,7.441,1027584.51,1587257.78,984444.8225,2011,12,51,1
21,2011-12-30,1,804362.36,B,140167,45.16,3.129,2880.59,32642.96,124.32,419.61,3010.84,219.1773063,7.441,1384552.17,672903.23,1025767.015,2011,12,52,1
21,2012-01-06,0,640181.86,B,140167,48.1,3.157,2211.62,28369.34,7.74,753.62,3371.85,219.355063,7.057,804362.36,629152.0599999999,1028561.5425,2012,1,1,1
21,2012-01-13,0,631181.25,B,140167,45.0,3.261,4873.12,13367.98,0.46,396.66,1861.16,219.5328198,7.057,640181.86,650789.13,964170.2250000001,2012,1,2,1
21,2012-01-20,0,651178.2,B,140167,52.21,3.268,4436.0,1092.91,3.46,387.92,3943.31,219.6258417,7.057,631181.25,663941.73,865069.4099999999,2012,1,3,1
21,2012-01-27,0,611258.71,B,140167,50.79,3.29,714.08,602.88,,18.42,2562.85,219.7188636,7.057,651178.2,649878.29,681725.9175,2012,1,4,1
21,2012-02-03,0,680725.43,B,140167,55.83,3.36,24617.88,1598.17,41.45,25134.87,3110.22,219.8118854,7.057,611258.71,596218.24,633450.005,2012,2,5,1
21,2012-02-10,1,770652.7899999999,B,140167,46.52,3.409,26115.19,3985.95,13.1,16646.38,7628.83,219.9049073,7.057,680725.43,771908.51,643585.8975,2012,2,6,1
21,2012-02-17,0,834663.52,B,140167,45.03,3.51,12365.91,7922.13,1.38,7862.71,5348.94,220.0651993,7.057,770652.7899999999,884701.92,678453.7825,2012,2,7,1
21,2012-02-24,0,747099.0700000001,B,140167,54.81,3.555,7012.83,5600.94,0.5,2229.25,4606.24,220.275944,7.057,834663.52,768313.85,724325.1125,2012,2,8,1
21,2012-03-02,0,764385.4,B,140167,59.3,3.63,14017.62,1076.98,7.07,8891.83,3182.63,220.4866886,7.057,747099.0700000001,796277.72,758285.2025,2012,3,9,1
21,2012-03-09,0,755084.4,B,140167,57.16,3.669,7379.46,190.49,4.79,479.87,7489.48,220.6974332,7.057,764385.4,763479.9,779200.195,2012,3,10,1
21,2012-03-16,0,767338.32,B,140167,63.39,3.734,6510.79,158.12,5.86,2972.55,6576.96,220.8498468,7.057,755084.4,793569.0,775308.0975000001,2012,3,11,1
21,2012-03-23,0,729759.97,B,140167,62.96,3.787,4713.76,155.09,2.38,534.23,4878.22,220.9244858,7.057,767338.32,753711.32,758476.7975,2012,3,12,1
21,2012-03-30,0,724798.76,B,140167,67.87,3.845,12592.65,180.02,,1101.6,11593.14,220.9991248,7.057,729759.97,732056.37,754142.0225,2012,3,13,1
21,2012-04-06,0,761956.5800000001,B,140167,69.02,3.891,14207.85,,6.99,3662.26,1615.27,221.0737638,6.891,724798.76,744782.89,744245.3625,2012,4,14,1
21,2012-04-13,0,769319.04,B,140167,69.03,3.891,6932.19,4118.13,2.79,983.98,1285.54,221.1484028,6.891,761956.5800000001,768390.05,745963.4075,2012,4,15,1
21,2012-04-20,0,734858.91,B,140167,66.97,3.877,3738.69,3287.37,0.77,894.38,2882.6,221.2021074,6.891,769319.04,801302.01,746458.5875,2012,4,16,1
21,2012-04-27,0,674829.58,B,140167,69.21,3.814,2262.49,4.23,2.77,14.0,2289.63,221.255812,6.891,734858.91,783250.75,747733.3225,2012,4,17,1
22,2011-02-04,0,946060.98,B,119557,26.39,3.24,,,,,,137.0542431,8.458,799369.15,1033017.37,833965.0975,2011,2,5,1
22,2011-02-11,1,1009206.33,B,119557,28.89,3.255,,,,,,137.1378318,8.458,946060.98,1022571.25,851991.6675,2011,2,6,1
22,2011-02-18,0,975964.86,B,119557,35.34,3.263,,,,,,137.2511849,8.458,1009206.33,988467.61,902409.37,2011,2,7,1
22,2011-02-25,0,911245.43,B,119557,30.23,3.281,,,,,,137.3764439,8.458,975964.86,899761.48,932650.33,2011,2,8,1
22,2011-03-04,0,997353.15,B,119557,33.52,3.437,,,,,,137.5017028,8.458,911245.43,1009201.24,960619.4,2011,3,9,1
22,2011-03-11,0,944587.23,B,119557,41.42,3.6,,,,,,137.6269617,8.458,997353.15,967187.37,973442.4425,2011,3,10,1
22,2011-03-18,0,926427.12,B,119557,43.38,3.634,,,,,,137.7398929,8.458,944587.23,966145.09,957287.6675,2011,3,11,1
22,2011-03-25,0,933528.39,B,119557,38.77,3.624,,,,,,137.8478929,8.458,926427.12,1012075.12,944903.2325,2011,3,12,1
22,2011-04-01,0,951588.37,B,119557,36.04,3.638,,,,,,137.9558929,8.252,933528.39,1177340.99,950473.9725,2011,4,13,1
22,2011-04-08,0,969046.6900000001,B,119557,44.42,3.72,,,,,,138.0638929,8.252,951588.37,1033171.07,939032.7775000001,2011,4,14,1
22,2011-04-15,0,1008557.04,B,119557,48.88,3.823,,,,,,138.1646952,8.252,969046.6900000001,1000968.67,945147.6425000001,2011,4,15,1
22,2011-04-22,0,1152781.9,B,119557,47.76,3.919,,,,,,138.2475036,8.252,1008557.04,969594.47,965680.1225,2011,4,16,1
22,2011-04-29,0,926133.8,B,119557,57.2,3.988,,,,,,138.3303119,8.252,1152781.9,977683.06,1020493.5,2011,4,17,1
22,2011-05-06,0,1032076.06,B,119557,53.63,4.078,,,,,,138.4131202,8.252,926133.8,1052973.28,1014129.8574999999,2011,5,18,1
22,2011-05-13,0,1001558.74,B,119557,57.71,4.095,,,,,,138.4959286,8.252,1032076.06,973585.33,1029887.2,2011,5,19,1
22,2011-05-20,0,970307.83,B,119557,58.56,4.101,,,,,,138.587106,8.252,1001558.74,979977.89,1028137.625,2011,5,20,1
22,2011-05-27,0,1021568.34,B,119557,62.59,4.034,,,,,,138.6782834,8.252,970307.83,1103740.4,982519.1075,2011,5,21,1
22,2011-06-03,0,1125169.92,B,119557,70.09,3.973,,,,,,138.7694608,8.252,1021568.34,1095539.1300000001,1006377.7424999999,2011,6,22,1
22,2011-06-10,0,1060868.49,B,119557,69.53,3.924,,,,,,138.8606382,8.252,1125169.92,1061196.47,1029651.2075,2011,6,23,1
22,2011-06-17,0,1042454.61,B,119557,63.97,3.873,,,,,,139.0028333,8.252,1060868.49,1052895.25,1044478.645,2011,6,24,1
22,2011-06-24,0,1012584.2,B,119557,68.53,3.851,,,,,,139.1832917,8.252,1042454.61,1095020.33,1062515.3399999999,2011,6,25,1
22,2011-07-01,0,1077491.68,B,119557,70.8,3.815,,,,,,139.36375,8.023,1012584.2,1120259.71,1060269.305,2011,7,26,1
22,2011-07-08,0,1017050.65,B,119557,74.22,3.784,,,,,,139.5442083,8.023,1077491.68,1092654.26,1048349.745,2011,7,27,1
22,2011-07-15,0,961953.57,B,119557,75.2,3.827,,,,,,139.7006325,8.023,1017050.65,988392.99,1037395.285,2011,7,28,1
22,2011-07-22,0,964683.8,B,119557,77.79,3.882,,,,,,139.7969712,8.023,961953.57,974123.2,1017270.0249999999,2011,7,29,1
22,2011-07-29,0,944958.69,B,119557,75.32,3.898,,,,,,139.8933099,8.023,964683.8,970773.64,1005294.925,2011,7,30,1
22,2011-08-05,0,983232.96,B,119557,75.33,3.903,,,,,,139.9896486,8.023,944958.69,1010326.14,972161.6775,2011,8,31,1
22,2011-08-12,0,991779.2,B,119557,74.69,3.88,,,,,,140.0859873,8.023,983232.96,993097.4299999999,963707.255,2011,8,32,1
22,2011-08-19,0,973004.91,B,119557,71.3,3.82,,,,,,140.1289205,8.023,991779.2,1017045.4400000001,971163.6625000001,2011,8,33,1
22,2011-08-26,0,1181815.31,B,119557,72.22,3.796,,,,,,140.1629528,8.023,973004.91,1081420.96,973243.94,2011,8,34,1
22,2011-09-02,0,912762.76,B,119557,69.16,3.784,,,,,,140.196985,8.023,1181815.31,1074535.88,1032458.095,2011,9,35,1
22,2011-09-09,1,1004434.54,B,119557,69.14,3.809,,,,,,140.2310173,8.023,912762.76,924174.4,1014840.5449999999,2011,9,36,1
22,2011-09-16,0,937420.65,B,119557,68.08,3.809,,,,,,140.2735,8.023,1004434.54,918285.97,1018004.3799999999,2011,9,37,1
22,2011-09-23,0,899834.75,B,119557,62.36,3.758,,,,,,140.32725,8.023,937420.65,902779.25,1009108.3150000001,2011,9,38,1
22,2011-09-30,0,953314.16,B,119557,69.78,3.684,,,,,,140.381,8.023,899834.75,905987.17,938613.175,2011,9,39,1
22,2011-10-07,0,993436.67,B,119557,56.44,3.633,,,,,,140.43475,7.706,953314.16,1015051.62,948751.0250000001,2011,10,40,1
22,2011-10-14,0,944337.32,B,119557,62.63,3.583,,,,,,140.4784194,7.706,993436.67,954401.46,946001.5575000001,2011,10,41,1
22,2011-10-21,0,981567.22,B,119557,59.3,3.618,,,,,,140.4616048,7.706,944337.32,960998.52,947730.725,2011,10,42,1
22,2011-10-28,0,1099351.68,B,119557,49.31,3.604,,,,,,140.4447903,7.706,981567.22,1025766.27,968163.8425,2011,10,43,1
22,2011-11-04,0,1106575.59,B,119557,42.81,3.586,,,,,,140.4279758,7.706,1099351.68,1006888.16,1004673.2224999999,2011,11,44,1
22,2011-11-11,0,1051740.29,B,119557,47.8,3.57,12691.27,16756.86,435.92,3159.94,6275.41,140.4111613,7.706,1106575.59,1043698.64,1032957.9524999999,2011,11,45,1
22,2011-11-18,0,1007579.4400000001,B,119557,50.62,3.571,16544.63,659.84,88.86,747.89,6846.81,140.4127857,7.706,1051740.29,985896.4400000001,1059808.695,2011,11,46,1
22,2011-11-25,1,1535857.49,B,119557,46.28,3.536,1649.31,,70087.94,7.5,5266.9,140.4217857,7.706,1007579.4400000001,1564502.26,1066311.75,2011,11,47,1
22,2011-12-02,0,1167621.14,B,119557,49.11,3.501,10739.64,,926.79,3397.08,29944.71,140.4307857,7.706,1535857.49,1230514.58,1175438.2025000001,2011,12,48,1
22,2011-12-09,0,1308967.44,B,119557,45.35,3.47,3311.44,,125.93,2499.81,16837.64,140.4397857,7.706,1167621.14,1367202.84,1190699.59,2011,12,49,1
22,2011-12-16,0,1453153.33,B,119557,39.11,3.445,5083.51,,463.79,423.22,4590.08,140.4700795,7.706,1308967.44,1527682.99,1255006.3775,2011,12,50,1
22,2011-12-23,0,1863195.68,B,119557,39.83,3.413,963.24,5.39,936.62,5.0,4250.08,140.528765,7.706,1453153.33,1962445.04,1366399.8499999999,2011,12,51,1
22,2011-12-30,1,982661.14,B,119557,36.28,3.402,6840.65,55072.53,35.75,388.44,5826.4,140.5874505,7.706,1863195.68,774262.28,1448234.3975,2011,12,52,1
22,2012-01-06,0,895358.2,B,119557,34.61,3.439,5803.25,34453.8,22.94,1777.64,8239.01,140.6461359,7.503,982661.14,873954.7,1401994.3975,2012,1,1,1
22,2012-01-13,0,855437.5700000001,B,119557,39.0,3.523,2325.12,19455.8,6.06,520.21,5824.45,140.7048214,7.503,895358.2,807535.52,1298592.0875,2012,1,2,1
22,2012-01-20,0,897027.44,B,119557,29.16,3.542,1697.47,7401.88,2.73,1934.2,7147.3,140.8086118,7.503,855437.5700000001,855001.02,1149163.1475,2012,1,3,1
22,2012-01-27,0,786459.23,B,119557,35.68,3.568,1048.86,4022.06,,9.88,2507.98,140.9124021,7.503,897027.44,799369.15,907621.0875,2012,1,4,1
22,2012-02-03,0,958487.75,B,119557,40.58,3.633,88646.76,5196.77,27.71,57815.43,8823.94,141.0161924,7.503,786459.23,946060.98,858570.61,2012,2,5,1
22,2012-02-10,1,1034448.0700000001,B,119557,35.68,3.655,10155.75,6392.28,3.34,9811.63,5448.98,141.1199827,7.503,958487.75,1009206.33,874352.9975,2012,2,6,1
22,2012-02-17,0,1004749.41,B,119557,36.25,3.703,14910.44,10572.12,2.0,10409.34,5499.8,141.2140357,7.503,1034448.0700000001,975964.86,919105.6224999999,2012,2,7,1
22,2012-02-24,0,912958.95,B,119557,39.0,3.751,10045.03,7913.38,,8695.83,3361.36,141.3007857,7.503,1004749.41,911245.43,946036.115,2012,2,8,1
22,2012-03-02,0,974866.65,B,119557,37.47,3.827,28298.18,3333.76,89.58,25615.48,3141.76,141.3875357,7.503,912958.95,997353.15,977661.0449999999,2012,3,9,1
22,2012-03-09,0,991127.01,B,119557,41.72,3.876,7634.61,348.71,0.5,1351.75,5563.8,141.4742857,7.503,974866.65,944587.23,981755.77,2012,3,10,1
22,2012-03-16,0,966780.01,B,119557,46.06,3.867,8463.01,51.31,11.36,3719.23,4895.18,141.55478,7.503,991127.01,926427.12,970925.505,2012,3,11,1
22,2012-03-23,0,992774.4,B,119557,54.68,3.889,5667.37,96.9,8.73,511.14,2598.98,141.6269332,7.503,966780.01,933528.39,961433.155,2012,3,12,1
22,2012-03-30,0,965769.93,B,119557,46.4,3.921,11628.21,29.6,3.59,1653.46,3327.97,141.6990864,7.503,992774.4,951588.37,981387.0175,2012,3,13,1
22,2012-04-06,0,1197489.66,B,119557,46.38,3.957,8593.09,,17.67,1946.99,5729.6,141.7712396,7.671,965769.93,969046.6900000001,979112.8375,2012,4,14,1
22,2012-04-13,0,939118.24,B,119557,49.89,4.025,5981.5,10877.85,9.5,1633.96,1932.86,141.8433929,7.671,1197489.66,1008557.04,1030703.5,2012,4,15,1
22,2012-04-20,0,1000342.87,B,119557,58.81,4.046,7200.16,6519.27,14.55,54.25,3897.67,141.9015262,7.671,939118.24,1152781.9,1023788.0574999999,2012,4,16,1
22,2012-04-27,0,922539.94,B,119557,51.42,4.023,2573.49,0.18,6.31,247.76,2140.08,141.9596595,7.671,1000342.87,926133.8,1025680.1749999999,2012,4,17,1
23,2011-02-04,0,1159438.53,B,114533,14.5,3.24,,,,,,133.1834194,5.114,1083657.6099999999,1364721.58,1083288.5625,2011,2,5,1
23,2011-02-11,1,1249786.4,B,114533,21.52,3.255,,,,,,133.260871,5.114,1159438.53,1380892.08,1092639.575,2011,2,6,1
23,2011-02-18,0,1369971.57,B,114533,26.6,3.263,,,,,,133.3701429,5.114,1249786.4,1319588.04,1150897.15,2011,2,7,1
23,2011-02-25,0,1206917.2,B,114533,17.0,3.281,,,,,,133.4921429,5.114,1369971.57,1198709.65,1215713.5274999999,2011,2,8,1
23,2011-03-04,0,1301185.28,B,114533,20.67,3.437,,,,,,133.6141429,5.114,1206917.2,1311175.93,1246528.425,2011,3,9,1
23,2011-03-11,0,1042043.55,B,114533,29.36,3.6,,,,,,133.7361429,5.114,1301185.28,1408082.96,1281965.1124999998,2011,3,10,1
23,2011-03-18,0,1203682.6199999999,B,114533,37.28,3.634,,,,,,133.8492258,5.114,1042043.55,1229008.32,1230029.4000000001,2011,3,11,1
23,2011-03-25,0,1148624.83,B,114533,29.11,3.624,,,,,,133.9587419,5.114,1203682.6199999999,1310701.8,1188457.1625,2011,3,12,1
23,2011-04-01,0,1182694.95,B,114533,29.44,3.638,,,,,,134.0682581,4.781,1148624.83,1556627.6199999999,1173884.0699999998,2011,4,13,1
23,2011-04-08,0,1248901.98,B,114533,36.74,3.72,,,,,,134.1777742,4.781,1182694.95,1264434.7,1144261.4875,2011,4,14,1
23,2011-04-15,0,1263680.51,B,114533,45.51,3.823,,,,,,134.2784667,4.781,1248901.98,1288823.72,1195976.095,2011,4,15,1
23,2011-04-22,0,1447301.24,B,114533,39.62,3.919,,,,,,134.3571,4.781,1263680.51,1315023.08,1210975.5675,2011,4,16,1
23,2011-04-29,0,1173307.4,B,114533,54.2,3.988,,,,,,134.4357333,4.781,1447301.24,1259414.52,1285644.67,2011,4,17,1
23,2011-05-06,0,1359921.1300000001,B,114533,50.07,4.078,,,,,,134.5143667,4.781,1173307.4,1365552.28,1283297.7825,2011,5,18,1
23,2011-05-13,0,1254914.8699999999,B,114533,55.12,4.095,,,,,,134.593,4.781,1359921.1300000001,1303055.09,1311052.57,2011,5,19,1
23,2011-05-20,0,1337617.55,B,114533,56.67,4.101,,,,,,134.6803871,4.781,1254914.8699999999,1327424.28,1308861.16,2011,5,20,1
23,2011-05-27,0,1361945.18,B,114533,63.27,4.034,,,,,,134.7677742,4.781,1337617.55,1571158.56,1281440.2374999998,2011,5,21,1
23,2011-06-03,0,1562161.97,B,114533,67.21,3.973,,,,,,134.8551613,4.781,1361945.18,1514435.51,1328599.6825,2011,6,22,1
23,2011-06-10,0,1447028.06,B,114533,65.23,3.924,,,,,,134.9425484,4.781,1562161.97,1439432.06,1379159.8925,2011,6,23,1
23,2011-06-17,0,1470520.83,B,114533,61.06,3.873,,,,,,135.0837333,4.781,1447028.06,1507708.93,1427188.19,2011,6,24,1
23,2011-06-24,0,1434036.18,B,114533,63.8,3.851,,,,,,135.2652667,4.781,1470520.83,1415204.88,1460414.01,2011,6,25,1
23,2011-07-01,0,1492507.44,B,114533,65.65,3.815,,,,,,135.4468,4.584,1434036.18,1549113.18,1478436.76,2011,7,26,1
23,2011-07-08,0,1379488.05,B,114533,69.92,3.784,,,,,,135.6283333,4.584,1492507.44,1417535.78,1461023.1275000002,2011,7,27,1
23,2011-07-15,0,1360520.56,B,114533,69.8,3.827,,,,,,135.7837419,4.584,1379488.05,1413124.11,1444138.125,2011,7,28,1
23,2011-07-22,0,1362144.0,B,114533,76.74,3.882,,,,,,135.8738387,4.584,1360520.56,1333634.45,1416638.0575,2011,7,29,1
23,2011-07-29,0,1319767.55,B,114533,69.55,3.898,,,,,,135.9639355,4.584,1362144.0,1319773.55,1398665.0125000002,2011,7,30,1
23,2011-08-05,0,1416344.68,B,114533,69.53,3.903,,,,,,136.0540323,4.584,1319767.55,1417013.07,1355480.04,2011,8,31,1
23,2011-08-12,0,1380952.05,B,114533,69.86,3.88,,,,,,136.144129,4.584,1416344.68,1346345.97,1364694.1975,2011,8,32,1
23,2011-08-19,0,1453416.53,B,114533,67.09,3.82,,,,,,136.183129,4.584,1380952.05,1439901.05,1369802.07,2011,8,33,1
23,2011-08-26,0,1637266.29,B,114533,67.04,3.796,,,,,,136.2136129,4.584,1453416.53,1584623.3599999999,1392620.2025000001,2011,8,34,1
23,2011-09-02,0,1464295.69,B,114533,65.33,3.784,,,,,,136.2440968,4.584,1637266.29,1405119.23,1471994.8875000002,2011,9,35,1
23,2011-09-09,1,1423289.9,B,114533,66.04,3.809,,,,,,136.2745806,4.584,1464295.69,1272842.85,1483982.6400000001,2011,9,36,1
23,2011-09-16,0,1253329.17,B,114533,60.52,3.809,,,,,,136.3145,4.584,1423289.9,1159132.58,1494567.1025,2011,9,37,1
23,2011-09-23,0,1289082.81,B,114533,57.14,3.758,,,,,,136.367,4.584,1253329.17,1099055.65,1444545.2625000002,2011,9,38,1
23,2011-09-30,0,1275597.85,B,114533,64.76,3.684,,,,,,136.4195,4.584,1289082.81,1129909.44,1357499.3925,2011,9,39,1
23,2011-10-07,0,1463501.99,B,114533,49.0,3.633,,,,,,136.472,4.42,1275597.85,1179851.68,1310324.9325,2011,10,40,1
23,2011-10-14,0,1257778.34,B,114533,56.79,3.583,,,,,,136.5150968,4.42,1463501.99,1119809.71,1320377.955,2011,10,41,1
23,2011-10-21,0,1441032.59,B,114533,52.12,3.618,,,,,,136.5017742,4.42,1257778.34,1147503.92,1321490.2475,2011,10,42,1
23,2011-10-28,0,1407191.96,B,114533,42.57,3.604,,,,,,136.4884516,4.42,1441032.59,1112871.23,1359477.6925000001,2011,10,43,1
23,2011-11-04,0,1428436.33,B,114533,39.18,3.586,,,,,,136.475129,4.42,1407191.96,1203119.96,1392376.22,2011,11,44,1
23,2011-11-11,0,1436940.78,B,114533,44.04,3.57,9157.72,9619.31,286.88,3834.44,3543.37,136.4618065,4.42,1428436.33,1387953.75,1383609.805,2011,11,45,1
23,2011-11-18,0,1345631.96,B,114533,45.48,3.571,3761.33,206.48,140.88,529.68,5284.63,136.4666667,4.42,1436940.78,1314994.32,1428400.415,2011,11,46,1
23,2011-11-25,1,2057059.53,B,114533,35.23,3.536,70.24,47.47,103991.94,7.0,677.31,136.4788,4.42,1345631.96,2072685.05,1404550.2575,2011,11,47,1
23,2011-12-02,0,1552886.59,B,114533,43.6,3.501,6134.68,50.47,8734.68,5080.3,20441.81,136.4909333,4.42,2057059.53,1617025.41,1567017.1500000001,2011,12,48,1
23,2011-12-09,0,1841173.6,B,114533,36.4,3.47,5491.42,,611.34,4318.8,13208.67,136.5030667,4.42,1552886.59,1872365.99,1598129.715,2011,12,49,1
23,2011-12-16,0,2173621.2,B,114533,32.99,3.445,6112.33,19.18,738.38,591.22,4241.95,136.5335161,4.42,1841173.6,2238573.48,1699187.92,2011,12,50,1
23,2011-12-23,0,2587953.32,B,114533,27.8,3.413,1003.58,14.2,1683.17,2.0,570.74,136.5883871,4.42,2173621.2,2734277.1,1906185.23,2011,12,51,1
23,2011-12-30,1,1213486.95,B,114533,22.3,3.402,3895.97,50366.6,237.87,1099.12,2573.14,136.6432581,4.42,2587953.32,1169773.85,2038908.6775,2011,12,52,1
23,2012-01-06,0,1150662.55,B,114533,24.29,3.439,4230.07,34854.95,38.18,2408.34,3931.61,136.698129,4.261,1213486.95,1122034.48,1954058.7675,2012,1,1,1
23,2012-01-13,0,1031451.35,B,114533,28.49,3.523,2766.24,15216.56,4.84,807.22,2273.23,136.753,4.261,1150662.55,1016756.1,1781431.0050000001,2012,1,2,1
23,2012-01-20,0,1146992.13,B,114533,15.33,3.542,2437.41,4576.79,,2251.32,1848.96,136.8564194,4.261,1031451.35,1110706.06,1495888.5425,2012,1,3,1
23,2012-01-27,0,1037476.38,B,114533,25.71,3.568,957.2,3319.68,,9.0,1709.6,136.9598387,4.261,1146992.13,1083657.6099999999,1135648.245,2012,1,4,1
23,2012-02-03,0,1261872.67,B,114533,29.71,3.633,35688.59,6055.11,132.8,43218.61,5335.65,137.0632581,4.261,1037476.38,1159438.53,1091645.6025,2012,2,5,1
23,2012-02-10,1,1358444.07,B,114533,26.6,3.655,8770.83,8403.67,56.54,9800.67,6133.9,137.1666774,4.261,1261872.67,1249786.4,1119448.1324999998,2012,2,6,1
23,2012-02-17,0,1365546.69,B,114533,27.01,3.703,8924.48,10140.32,1.88,6699.65,2236.81,137.2583103,4.261,1358444.07,1369971.57,1201196.3125,2012,2,7,1
23,2012-02-24,0,1272948.27,B,114533,31.12,3.751,18500.67,10478.33,,7541.62,7320.47,137.3411034,4.261,1365546.69,1206917.2,1255834.9525,2012,2,8,1
23,2012-03-02,0,1322852.2,B,114533,25.91,3.827,29917.01,4311.34,32.93,23421.73,2723.0,137.4238966,4.261,1272948.27,1301185.28,1314702.925,2012,3,9,1
23,2012-03-09,0,1292724.9,B,114533,33.11,3.876,8575.57,1125.61,5.08,4365.63,2742.87,137.5066897,4.261,1322852.2,1042043.55,1329947.8075,2012,3,10,1
23,2012-03-16,0,1258364.31,B,114533,41.19,3.867,5739.62,110.48,6.03,3380.28,838.7,137.5843871,4.261,1292724.9,1203682.6199999999,1313518.015,2012,3,11,1
23,2012-03-23,0,1288154.1,B,114533,57.82,3.889,3502.06,72.5,6.97,276.39,1541.93,137.6552903,4.261,1258364.31,1148624.83,1286722.42,2012,3,12,1
23,2012-03-30,0,1261964.96,B,114533,36.71,3.921,8920.01,116.41,7.09,1010.3,3025.4,137.7261935,4.261,1288154.1,1182694.95,1290523.8775,2012,3,13,1
23,2012-04-06,0,1604605.69,B,114533,37.43,3.957,8261.41,,60.0,3647.54,3494.82,137.7970968,4.125,1261964.96,1248901.98,1275302.0675,2012,4,14,1
23,2012-04-13,0,1231752.54,B,114533,41.81,4.025,4460.9,4852.66,25.17,2064.48,1879.86,137.868,4.125,1604605.69,1263680.51,1353272.2650000001,2012,4,15,1
23,2012-04-20,0,1287899.41,B,114533,56.55,4.046,2438.53,6551.03,30.84,502.31,4874.16,137.9230667,4.125,1231752.54,1447301.24,1346619.3225,2012,4,16,1
23,2012-04-27,0,1277758.76,B,114533,44.62,4.023,2622.72,1325.48,27.04,2.0,2132.69,137.9781333,4.125,1287899.41,1173307.4,1346555.65,2012,4,17,1
24,2011-02-04,0,1225182.04,A,203819,23.83,3.4,,,,,,133.1834194,8.252,1126921.34,1388725.63,1145118.4100000001,2011,2,5,0
24,2011-02-11,1,1341240.6199999999,A,203819,26.51,3.416,,,,,,133.260871,8.252,1225182.04,1414107.1,1156753.4925000002,2011,2,6,0
24,2011-02-18,0,1360150.12,A,203819,34.04,3.42,,,,,,133.3701429,8.252,1341240.6199999999,1385362.49,1200128.5975,2011,2,7,0
24,2011-02-25,0,1235121.33,A,203819,26.09,3.452,,,,,,133.4921429,8.252,1360150.12,1158722.74,1263373.53,2011,2,8,0
24,2011-03-04,0,1346994.53,A,203819,31.36,3.605,,,,,,133.6141429,8.252,1235121.33,1412387.3699999999,1290423.5275,2011,3,9,0
24,2011-03-11,0,1253218.7,A,203819,39.51,3.752,,,,,,133.7361429,8.252,1346994.53,1309340.16,1320876.65,2011,3,10,0
24,2011-03-18,0,1168397.26,A,203819,43.39,3.796,,,,,,133.8492258,8.252,1253218.7,1222511.29,1298871.17,2011,3,11,0
24,2011-03-25,0,1158693.1199999999,A,203819,36.88,3.789,,,,,,133.9587419,8.252,1168397.26,1258311.56,1250932.955,2011,3,12,0
24,2011-04-01,0,1163803.3,A,203819,35.73,3.811,,,,,,134.0682581,8.212,1158693.1199999999,1478321.26,1231825.9024999999,2011,4,13,0
24,2011-04-08,0,1273670.32,A,203819,44.7,3.895,,,,,,134.1777742,8.212,1163803.3,1379579.63,1186028.095,2011,4,14,0
24,2011-04-15,0,1245576.65,A,203819,52.36,3.981,,,,,,134.2784667,8.212,1273670.32,1268266.72,1191141.0,2011,4,15,0
24,2011-04-22,0,1372484.9000000001,A,203819,46.0,4.061,,,,,,134.3571,8.212,1245576.65,1264117.01,1210435.8475,2011,4,16,0
24,2011-04-29,0,1197761.17,A,203819,60.48,4.117,,,,,,134.4357333,8.212,1372484.9000000001,1259877.19,1263883.7925,2011,4,17,0
24,2011-05-06,0,1339630.35,A,203819,55.75,4.192,,,,,,134.5143667,8.212,1197761.17,1409705.03,1272373.26,2011,5,18,0
24,2011-05-13,0,1311950.16,A,203819,58.49,4.211,,,,,,134.593,8.212,1339630.35,1346783.35,1288863.2675,2011,5,19,0
24,2011-05-20,0,1234281.7,A,203819,59.84,4.202,,,,,,134.6803871,8.212,1311950.16,1283482.85,1305456.645,2011,5,20,0
24,2011-05-27,0,1311153.72,A,203819,65.74,4.134,,,,,,134.7677742,8.212,1234281.7,1473868.15,1270905.845,2011,5,21,0
24,2011-06-03,0,1554837.62,A,203819,73.12,4.069,,,,,,134.8551613,8.212,1311153.72,1566668.91,1299253.9825,2011,6,22,0
24,2011-06-10,0,1373841.91,A,203819,70.02,4.025,,,,,,134.9425484,8.212,1554837.62,1375458.21,1353055.8,2011,6,23,0
24,2011-06-17,0,1320359.23,A,203819,64.34,3.989,,,,,,135.0837333,8.212,1373841.91,1354168.18,1368528.7374999998,2011,6,24,0
24,2011-06-24,0,1304850.67,A,203819,68.88,3.964,,,,,,135.2652667,8.212,1320359.23,1399073.75,1390048.12,2011,6,25,0
24,2011-07-01,0,1445596.61,A,203819,70.27,3.916,,,,,,135.4468,8.358,1304850.67,1563387.94,1388472.3575,2011,7,26,0
24,2011-07-08,0,1567340.07,A,203819,72.56,3.886,,,,,,135.6283333,8.358,1445596.61,1665502.55,1361162.105,2011,7,27,0
24,2011-07-15,0,1356938.95,A,203819,74.43,3.915,,,,,,135.7837419,8.358,1567340.07,1418697.05,1409536.645,2011,7,28,0
24,2011-07-22,0,1357672.24,A,203819,79.29,3.972,,,,,,135.8738387,8.358,1356938.95,1333740.35,1418681.575,2011,7,29,0
24,2011-07-29,0,1310973.06,A,203819,74.84,4.004,,,,,,135.9639355,8.358,1357672.24,1387517.63,1431886.9675000003,2011,7,30,0
24,2011-08-05,0,1417616.81,A,203819,74.64,4.02,,,,,,136.0540323,8.358,1310973.06,1442819.28,1398231.08,2011,8,31,0
24,2011-08-12,0,1402818.01,A,203819,72.52,3.995,,,,,,136.144129,8.358,1417616.81,1384243.75,1360800.2650000001,2011,8,32,0
24,2011-08-19,0,1352039.88,A,203819,69.93,3.942,,,,,,136.183129,8.358,1402818.01,1375307.54,1372270.03,2011,8,33,0
24,2011-08-26,0,1402372.09,A,203819,69.94,3.906,,,,,,136.2136129,8.358,1352039.88,1350059.35,1370861.94,2011,8,34,0
24,2011-09-02,0,1196105.44,A,203819,68.14,3.879,,,,,,136.2440968,8.358,1402372.09,1366381.6,1393711.6975,2011,9,35,0
24,2011-09-09,1,1527455.19,A,203819,68.32,3.93,,,,,,136.2745806,8.358,1196105.44,1474498.59,1338333.855,2011,9,36,0
24,2011-09-16,0,1227535.97,A,203819,65.56,3.937,,,,,,136.3145,8.358,1527455.19,1273295.46,1369493.15,2011,9,37,0
24,2011-09-23,0,1232376.49,A,203819,60.61,3.899,,,,,,136.367,8.358,1227535.97,1169413.27,1338367.1725,2011,9,38,0
24,2011-09-30,0,1246242.61,A,203819,68.0,3.858,,,,,,136.4195,8.358,1232376.49,1215273.2,1295868.2725,2011,9,39,0
24,2011-10-07,0,1405914.39,A,203819,53.87,3.775,,,,,,136.472,8.454,1246242.61,1361944.94,1308402.565,2011,10,40,0
24,2011-10-14,0,1333315.03,A,203819,60.21,3.744,,,,,,136.5150968,8.454,1405914.39,1300806.74,1278017.365,2011,10,41,0
24,2011-10-21,0,1283563.43,A,203819,56.6,3.757,,,,,,136.5017742,8.454,1333315.03,1234875.33,1304462.1300000001,2011,10,42,0
24,2011-10-28,0,1307142.75,A,203819,48.0,3.757,,,,,,136.4884516,8.454,1283563.43,1244925.94,1317258.865,2011,10,43,0
24,2011-11-04,0,1385860.38,A,203819,39.87,3.738,,,,,,136.475129,8.454,1307142.75,1285358.01,1332483.9,2011,11,44,0
24,2011-11-11,0,1425078.59,A,203819,46.78,3.719,9391.17,20595.49,686.11,5950.16,6034.65,136.4618065,8.454,1385860.38,1312877.01,1327470.3975,2011,11,45,0
24,2011-11-18,0,1297535.69,A,203819,48.17,3.717,9025.52,794.02,198.98,2629.75,5364.55,136.4666667,8.454,1425078.59,1277150.6,1350411.2874999999,2011,11,46,0
24,2011-11-25,1,1761235.67,A,203819,41.83,3.689,2571.98,66.94,64304.51,221.93,3661.62,136.4788,8.454,1297535.69,1779276.51,1353904.3525,2011,11,47,0
24,2011-12-02,0,1335647.1,A,203819,47.21,3.666,4825.79,126.88,1601.23,6002.36,19966.73,136.4909333,8.454,1761235.67,1413302.7,1467427.5825,2011,12,48,0
24,2011-12-09,0,1529615.54,A,203819,42.3,3.627,8915.25,,209.71,2399.76,23368.58,136.5030667,8.454,1335647.1,1593012.75,1454874.2625,2011,12,49,0
24,2011-12-16,0,1624994.43,A,203819,36.0,3.611,6244.37,9.09,143.42,1766.33,5516.14,136.5335161,8.454,1529615.54,1663525.77,1481008.5,2011,12,50,0
24,2011-12-23,0,2168344.23,A,203819,36.93,3.587,1813.06,632.93,1633.67,51.66,1309.54,136.5883871,8.454,1624994.43,2386015.75,1562873.185,2011,12,51,0
24,2011-12-30,1,1363973.16,A,203819,33.45,3.566,5743.34,44499.08,228.23,1242.49,4310.79,136.6432581,8.454,2168344.23,1208600.05,1664650.325,2011,12,52,0
24,2012-01-06,0,1251581.8900000001,A,203819,32.86,3.585,7325.68,25367.9,203.51,1745.2,3261.35,136.698129,8.659,1363973.16,1178641.71,1671731.84,2012,1,1,0
24,2012-01-13,0,1155594.2,A,203819,36.5,3.666,3545.34,8743.62,127.43,819.74,4434.08,136.753,8.659,1251581.8900000001,1167740.2,1602223.4275,2012,1,2,0
24,2012-01-20,0,1151993.85,A,203819,25.73,3.705,2809.05,7169.67,171.45,730.64,3663.25,136.8564194,8.659,1155594.2,1107170.39,1484873.3699999999,2012,1,3,0
24,2012-01-27,0,1057290.41,A,203819,31.92,3.737,755.78,4142.75,190.3,90.5,2594.66,136.9598387,8.659,1151993.85,1126921.34,1230785.775,2012,1,4,0
24,2012-02-03,0,1249696.97,A,203819,38.61,3.796,65021.23,4189.09,254.01,47452.43,7146.25,137.0632581,8.659,1057290.41,1225182.04,1154115.0875,2012,2,5,0
24,2012-02-10,1,1403460.87,A,203819,33.82,3.826,11788.06,6777.04,73.29,11571.69,4451.85,137.1666774,8.659,1249696.97,1341240.6199999999,1153643.8575,2012,2,6,0
24,2012-02-17,0,1326370.08,A,203819,33.92,3.874,12244.57,10925.86,25.52,15725.51,5533.12,137.2583103,8.659,1403460.87,1360150.12,1215610.525,2012,2,7,0
24,2012-02-24,0,1303233.15,A,203819,37.35,3.917,10065.77,10556.73,2.2,6791.1,9440.12,137.3411034,8.659,1326370.08,1235121.33,1259204.5825,2012,2,8,0
24,2012-03-02,0,1213994.39,A,203819,35.36,3.983,5903.53,3495.48,18.15,110.37,3688.64,137.4238966,8.659,1303233.15,1346994.53,1320690.2675,2012,3,9,0
24,2012-03-09,0,1325835.7,A,203819,41.5,4.021,21306.54,1190.23,2.49,34839.93,3932.94,137.5066897,8.659,1213994.39,1253218.7,1311764.6225,2012,3,10,0
24,2012-03-16,0,1239299.1199999999,A,203819,48.68,4.021,10310.26,920.9,1.02,3250.66,1844.03,137.5843871,8.659,1325835.7,1168397.26,1292358.33,2012,3,11,0
24,2012-03-23,0,1221723.94,A,203819,59.51,4.054,5283.83,652.04,3.4,552.16,3402.95,137.6552903,8.659,1239299.1199999999,1158693.1199999999,1270590.5899999999,2012,3,12,0
24,2012-03-30,0,1230106.1300000001,A,203819,47.28,4.098,11314.86,475.99,4.0,5456.51,1749.37,137.7261935,8.659,1221723.94,1163803.3,1250213.2874999999,2012,3,13,0
24,2012-04-06,0,1524734.29,A,203819,45.25,4.143,24195.01,,59.68,3082.34,5170.39,137.7970968,8.983,1230106.1300000001,1273670.32,1254241.2225000001,2012,4,14,0
24,2012-04-13,0,1285783.87,A,203819,48.65,4.187,4765.31,5896.55,57.4,1204.7,3980.37,137.868,8.983,1524734.29,1245576.65,1303965.87,2012,4,15,0
24,2012-04-20,0,1208654.4,A,203819,61.05,4.17,10959.96,3425.69,79.48,1682.87,4506.82,137.9230667,8.983,1285783.87,1372484.9000000001,1315587.0575,2012,4,16,0
24,2012-04-27,0,1194334.65,A,203819,49.26,4.163,12968.26,729.55,39.25,1121.45,15101.9,137.9781333,8.983,1208654.4,1197761.17,1312319.6725,2012,4,17,0
25,2011-02-04,0,639830.45,B,128107,23.94,3.231,,,,,,205.7329407,7.343,600448.6900000001,677231.63,574924.4299999999,2011,2,5,1
25,2011-02-11,1,615666.78,B,128107,21.18,3.239,,,,,,206.0763862,7.343,639830.45,583364.02,595183.385,2011,2,6,1
25,2011-02-18,0,634637.03,B,128107,38.42,3.245,,,,,,206.3694701,7.343,615666.78,676260.67,606009.8725,2011,2,7,1
25,2011-02-25,0,570816.34,B,128107,28.36,3.274,,,,,,206.6424093,7.343,634637.03,628516.5700000001,622645.7375,2011,2,8,1
25,2011-03-04,0,640912.1799999999,B,128107,31.59,3.433,,,,,,206.9153485,7.343,570816.34,665750.0599999999,615237.65,2011,3,9,1
25,2011-03-11,0,599828.39,B,128107,36.73,3.582,,,,,,207.1882876,7.343,640912.1799999999,660619.99,615508.0825,2011,3,10,1
25,2011-03-18,0,603393.64,B,128107,40.94,3.631,,,,,,207.4283845,7.343,599828.39,659795.84,611548.485,2011,3,11,1
25,2011-03-25,0,616324.24,B,128107,38.51,3.625,,,,,,207.6553444,7.343,603393.64,696687.6,603737.6375,2011,3,12,1
25,2011-04-01,0,618377.79,B,128107,28.5,3.638,,,,,,207.8823043,7.287,616324.24,822486.37,615114.6125,2011,4,13,1
25,2011-04-08,0,648606.13,B,128107,42.11,3.72,,,,,,208.1092642,7.287,618377.79,712647.97,609481.015,2011,4,14,1
25,2011-04-15,0,674562.45,B,128107,51.43,3.821,,,,,,208.3172811,7.287,648606.13,715311.6,621675.45,2011,4,15,1
25,2011-04-22,0,756588.42,B,128107,45.87,3.892,,,,,,208.4779405,7.287,674562.45,694531.72,639467.6525,2011,4,16,1
25,2011-04-29,0,649245.0,B,128107,58.43,3.962,,,,,,208.6386,7.287,756588.42,706924.02,674533.6975,2011,4,17,1
25,2011-05-06,0,659446.55,B,128107,49.5,4.046,,,,,,208.7992595,7.287,649245.0,724468.97,682250.5,2011,5,18,1
25,2011-05-13,0,684783.15,B,128107,60.1,4.066,,,,,,208.9599189,7.287,659446.55,698073.95,684960.605,2011,5,19,1
25,2011-05-20,0,677971.33,B,128107,56.56,4.062,,,,,,208.7583165,7.287,684783.15,704113.22,687515.78,2011,5,20,1
25,2011-05-27,0,718373.9400000001,B,128107,67.18,3.985,,,,,,208.556714,7.287,677971.33,792442.54,667861.5075000001,2011,5,21,1
25,2011-06-03,0,737551.74,B,128107,70.69,3.922,,,,,,208.3551116,7.287,718373.9400000001,764155.44,685143.7425,2011,6,22,1
25,2011-06-10,0,740259.63,B,128107,71.45,3.881,,,,,,208.1535092,7.287,737551.74,737163.2,704670.04,2011,6,23,1
25,2011-06-17,0,717373.43,B,128107,63.58,3.842,,,,,,208.1265604,7.287,740259.63,780444.94,718539.16,2011,6,24,1
25,2011-06-24,0,699270.1,B,128107,70.71,3.804,,,,,,208.2306018,7.287,717373.43,737569.14,728389.685,2011,6,25,1
25,2011-07-01,0,706206.86,B,128107,66.61,3.748,,,,,,208.3346432,7.274,699270.1,759407.87,723613.725,2011,7,26,1
25,2011-07-08,0,698529.64,B,128107,71.64,3.711,,,,,,208.4386847,7.274,706206.86,719591.13,715777.5050000001,2011,7,27,1
25,2011-07-15,0,680510.23,B,128107,72.67,3.76,,,,,,208.5309337,7.274,698529.64,726997.84,705345.0075,2011,7,28,1
25,2011-07-22,0,670854.96,B,128107,78.1,3.811,,,,,,208.5937018,7.274,680510.23,665290.93,696129.2074999999,2011,7,29,1
25,2011-07-29,0,668390.82,B,128107,74.72,3.829,,,,,,208.6564699,7.274,670854.96,682124.34,689025.4225,2011,7,30,1
25,2011-08-05,0,679706.01,B,128107,74.0,3.842,,,,,,208.719238,7.274,668390.82,699464.4299999999,679571.4125,2011,8,31,1
25,2011-08-12,0,667130.48,B,128107,70.93,3.812,,,,,,208.7820061,7.274,679706.01,686072.39,674865.5049999999,2011,8,32,1
25,2011-08-19,0,688958.75,B,128107,68.09,3.747,,,,,,208.8424359,7.274,667130.48,724499.8099999999,671520.5674999999,2011,8,33,1
25,2011-08-26,0,726422.55,B,128107,66.8,3.704,,,,,,208.902476,7.274,688958.75,711461.95,676046.5149999999,2011,8,34,1
25,2011-09-02,0,699779.0,B,128107,67.2,3.703,,,,,,208.9625161,7.274,726422.55,685700.08,690554.4475,2011,9,35,1
25,2011-09-09,1,673248.48,B,128107,67.51,3.738,,,,,,209.0225562,7.274,699779.0,655811.9500000001,695572.6950000001,2011,9,36,1
25,2011-09-16,0,628720.46,B,128107,62.05,3.742,,,,,,209.1893892,7.274,673248.48,628989.88,697102.1950000001,2011,9,37,1
25,2011-09-23,0,620885.93,B,128107,60.28,3.711,,,,,,209.4986126,7.274,628720.46,607819.33,682042.6225,2011,9,38,1
25,2011-09-30,0,639160.24,B,128107,60.7,3.645,,,,,,209.807836,7.274,620885.93,658640.14,655658.4675,2011,9,39,1
25,2011-10-07,0,671522.87,B,128107,50.82,3.583,,,,,,210.1170595,7.082,639160.24,674283.86,640503.7775,2011,10,40,1
25,2011-10-14,0,646915.47,B,128107,58.95,3.541,,,,,,210.4027602,7.082,671522.87,616094.72,640072.375,2011,10,41,1
25,2011-10-21,0,690675.5,B,128107,50.22,3.57,,,,,,210.5473252,7.082,646915.47,661644.19,644621.1275,2011,10,42,1
25,2011-10-28,0,724443.97,B,128107,46.28,3.569,,,,,,210.6918901,7.082,690675.5,674458.03,662068.52,2011,10,43,1
25,2011-11-04,0,718393.61,B,128107,40.88,3.551,,,,,,210.8364551,7.082,724443.97,696314.53,683389.4525,2011,11,44,1
25,2011-11-11,0,719235.07,B,128107,44.81,3.53,7642.65,8851.65,196.09,3286.86,3287.36,210.9810201,7.082,718393.61,713250.08,695107.1375,2011,11,45,1
25,2011-11-18,0,728525.6,B,128107,46.41,3.53,6165.27,168.82,94.85,267.01,3687.92,211.1847207,7.082,719235.07,718056.73,713187.0375000001,2011,11,46,1
25,2011-11-25,1,1116211.3900000001,B,128107,43.49,3.492,208.47,65.0,58539.77,6.47,926.72,211.4120757,7.082,728525.6,1115240.61,722649.5625,2011,11,47,1
25,2011-12-02,0,878314.5700000001,B,128107,42.85,3.452,3425.95,34.0,1200.12,4106.92,15164.5,211.6394306,7.082,1116211.3900000001,885572.96,820591.4175,2011,12,48,1
25,2011-12-09,0,916446.02,B,128107,38.69,3.415,5549.98,64.0,256.97,2761.65,8753.69,211.8667856,7.082,878314.5700000001,964729.18,860571.6575,2011,12,49,1
25,2011-12-16,0,997502.47,B,128107,33.09,3.413,4548.64,61.0,602.21,282.11,1932.2,212.0685039,7.082,916446.02,1047707.59,909874.395,2011,12,50,1
25,2011-12-23,0,1290532.97,B,128107,36.56,3.389,2729.99,80.12,1689.22,26.97,3547.38,212.2360401,7.082,997502.47,1295391.19,977118.6125,2011,12,51,1
25,2011-12-30,1,683665.37,B,128107,32.42,3.389,4624.26,49913.53,177.05,407.17,2515.09,212.4035763,7.082,1290532.97,623092.54,1020699.0075000001,2011,12,52,1
25,2012-01-06,0,636419.12,B,128107,30.23,3.422,8642.2,26833.97,25.94,1092.98,3714.33,212.5711125,6.961,683665.37,558794.63,972036.7074999999,2012,1,1,1
25,2012-01-13,0,614764.31,B,128107,34.6,3.513,2459.51,10718.26,0.92,506.45,3277.12,212.7386486,6.961,636419.12,572360.83,902029.9824999999,2012,1,2,1
25,2012-01-20,0,594744.89,B,128107,23.87,3.533,577.2,3417.28,4.0,5.85,1684.31,212.8336399,6.961,614764.31,568093.57,806345.4425,2012,1,3,1
25,2012-01-27,0,589554.29,B,128107,32.24,3.567,2683.99,2193.97,,901.08,2783.8,212.9286312,6.961,594744.89,600448.6900000001,632398.4225,2012,1,4,1
25,2012-02-03,0,642776.4,B,128107,34.98,3.617,38223.59,4566.23,21.92,42448.94,5621.09,213.0236225,6.961,589554.29,639830.45,608870.6525,2012,2,5,1
25,2012-02-10,1,658984.38,B,128107,32.47,3.64,17655.4,5620.25,12.82,16909.35,6645.05,213.1186138,6.961,642776.4,615666.78,610459.9725,2012,2,6,1
25,2012-02-17,0,654088.02,B,128107,32.23,3.695,25926.69,9583.33,1.0,8768.42,6263.7,213.2732106,6.961,658984.38,634637.03,621514.99,2012,2,7,1
25,2012-02-24,0,613501.05,B,128107,35.51,3.739,10504.05,7242.9,,5556.78,3596.69,213.4725116,6.961,654088.02,570816.34,636350.7725,2012,2,8,1
25,2012-03-02,0,643155.89,B,128107,36.01,3.816,14860.09,3050.12,21.38,12085.01,1327.97,213.6718127,6.961,613501.05,640912.1799999999,642337.4625,2012,3,9,1
25,2012-03-09,0,643711.53,B,128107,37.44,3.848,11412.9,944.64,0.7,13264.83,3951.01,213.8711137,6.961,643155.89,599828.39,642432.335,2012,3,10,1
25,2012-03-16,0,638204.27,B,128107,50.64,3.862,5366.06,185.14,4.18,845.05,1221.53,214.0167132,6.961,643711.53,603393.64,638614.1225,2012,3,11,1
25,2012-03-23,0,672831.78,B,128107,62.7,3.9,3406.88,247.61,0.93,2689.25,1301.78,214.0907105,6.961,638204.27,616324.24,634643.185,2012,3,12,1
25,2012-03-30,0,684348.92,B,128107,47.92,3.953,10660.1,225.11,1.5,2560.04,4748.1,214.1647079,6.961,672831.78,618377.79,649475.8674999999,2012,3,13,1
25,2012-04-06,0,791356.9,B,128107,44.73,3.996,10782.56,,25.79,1973.99,4389.28,214.2387053,7.139,684348.92,648606.13,659774.125,2012,4,14,1
25,2012-04-13,0,658691.56,B,128107,42.46,4.044,5432.06,4239.57,8.35,789.18,1044.74,214.3127027,7.139,791356.9,674562.45,696685.4675,2012,4,15,1
25,2012-04-20,0,661566.48,B,128107,57.1,4.027,4862.43,2190.68,9.16,787.22,2870.05,214.3675045,7.139,658691.56,756588.42,701807.29,2012,4,16,1
25,2012-04-27,0,655157.32,B,128107,44.2,4.004,4318.51,5.24,5.83,62.58,1828.28,214.4223063,7.139,661566.48,649245.0,698990.965,2012,4,17,1
26,2011-02-04,0,911807.02,A,152513,11.17,3.24,,,,,,133.1834194,7.907,817485.14,1034119.21,844447.7125,2011,2,5,0
26,2011-02-11,1,1010711.08,A,152513,15.12,3.255,,,,,,133.260871,7.907,911807.02,1015684.0900000001,837862.1649999999,2011,2,6,0
26,2011-02-18,0,981978.02,A,152513,19.63,3.263,,,,,,133.3701429,7.907,1010711.08,999348.55,887459.1125,2011,2,7,0
26,2011-02-25,0,910298.44,A,152513,16.3,3.281,,,,,,133.4921429,7.907,981978.02,855385.01,930495.3150000001,2011,2,8,0
26,2011-03-04,0,945643.17,A,152513,14.31,3.437,,,,,,133.6141429,7.907,910298.44,1005669.58,953698.64,2011,3,9,0
26,2011-03-11,0,946614.55,A,152513,28.13,3.6,,,,,,133.7361429,7.907,945643.17,963382.09,962157.6775,2011,3,10,0
26,2011-03-18,0,887426.12,A,152513,31.76,3.634,,,,,,133.8492258,7.907,946614.55,903366.55,946133.545,2011,3,11,0
26,2011-03-25,0,866566.5399999999,A,152513,22.99,3.624,,,,,,133.9587419,7.907,887426.12,893613.0,922495.5700000001,2011,3,12,0
26,2011-04-01,0,849231.61,A,152513,22.99,3.638,,,,,,134.0682581,7.818,866566.5399999999,1029849.2,911562.595,2011,4,13,0
26,2011-04-08,0,985229.8099999999,A,152513,29.09,3.72,,,,,,134.1777742,7.818,849231.61,1022293.81,887459.7050000001,2011,4,14,0
26,2011-04-15,0,863266.12,A,152513,39.46,3.823,,,,,,134.2784667,7.818,985229.8099999999,905548.38,897113.5199999999,2011,4,15,0
26,2011-04-22,0,921700.61,A,152513,33.81,3.919,,,,,,134.3571,7.818,863266.12,881930.87,891073.52,2011,4,16,0
26,2011-04-29,0,873450.29,A,152513,47.17,3.988,,,,,,134.4357333,7.818,921700.61,904503.85,904857.0375,2011,4,17,0
26,2011-05-06,0,1024778.23,A,152513,45.0,4.078,,,,,,134.5143667,7.818,873450.29,1074479.73,910911.7075,2011,5,18,0
26,2011-05-13,0,941008.85,A,152513,48.2,4.095,,,,,,134.593,7.818,1024778.23,972663.59,920798.8125,2011,5,19,0
26,2011-05-20,0,938334.62,A,152513,48.86,4.101,,,,,,134.6803871,7.818,941008.85,986765.01,940234.495,2011,5,20,0
26,2011-05-27,0,996723.58,A,152513,56.74,4.034,,,,,,134.7677742,7.818,938334.62,1069851.59,944392.9975,2011,5,21,0
26,2011-06-03,0,1054454.4,A,152513,60.49,3.973,,,,,,134.8551613,7.818,996723.58,1003202.66,975211.3200000001,2011,6,22,0
26,2011-06-10,0,1094058.68,A,152513,59.85,3.924,,,,,,134.9425484,7.818,1054454.4,1073862.59,982630.3625,2011,6,23,0
26,2011-06-17,0,981646.46,A,152513,54.5,3.873,,,,,,135.0837333,7.818,1094058.68,1001286.67,1020892.82,2011,6,24,0
26,2011-06-24,0,997474.93,A,152513,56.94,3.851,,,,,,135.2652667,7.818,981646.46,976242.09,1031720.7799999999,2011,6,25,0
26,2011-07-01,0,1070119.09,A,152513,59.89,3.815,,,,,,135.4468,7.767,997474.93,1078455.48,1031908.6175,2011,7,26,0
26,2011-07-08,0,1133807.03,A,152513,63.34,3.784,,,,,,135.6283333,7.767,1070119.09,1122356.53,1035824.79,2011,7,27,0
26,2011-07-15,0,1021534.7,A,152513,64.43,3.827,,,,,,135.7837419,7.767,1133807.03,1028151.72,1045761.8775,2011,7,28,0
26,2011-07-22,0,1017867.8,A,152513,69.52,3.882,,,,,,135.8738387,7.767,1021534.7,971615.62,1055733.9375,2011,7,29,0
26,2011-07-29,0,1005360.5,A,152513,63.32,3.898,,,,,,135.9639355,7.767,1017867.8,1005324.28,1060832.155,2011,7,30,0
26,2011-08-05,0,1107552.43,A,152513,63.16,3.903,,,,,,136.0540323,7.767,1005360.5,1125329.77,1044642.5075000001,2011,8,31,0
26,2011-08-12,0,1087644.5,A,152513,62.99,3.88,,,,,,136.144129,7.767,1107552.43,1011938.29,1038078.8574999999,2011,8,32,0
26,2011-08-19,0,1021766.75,A,152513,60.58,3.82,,,,,,136.183129,7.767,1087644.5,1007385.36,1054606.3075,2011,8,33,0
26,2011-08-26,0,1064617.6199999999,A,152513,61.1,3.796,,,,,,136.2136129,7.767,1021766.75,977322.52,1055581.045,2011,8,34,0
26,2011-09-02,0,1040143.14,A,152513,59.67,3.784,,,,,,136.2440968,7.767,1064617.6199999999,1037549.7100000001,1070395.325,2011,9,35,0
26,2011-09-09,1,1069710.97,A,152513,60.98,3.809,,,,,,136.2745806,7.767,1040143.14,1042226.2999999999,1053543.0025,2011,9,36,0
26,2011-09-16,0,951569.84,A,152513,55.19,3.809,,,,,,136.3145,7.767,1069710.97,923473.7,1049059.62,2011,9,37,0
26,2011-09-23,0,923644.6,A,152513,50.72,3.758,,,,,,136.367,7.767,951569.84,868636.3,1031510.3925,2011,9,38,0
26,2011-09-30,0,959339.51,A,152513,59.42,3.684,,,,,,136.4195,7.767,923644.6,923221.52,996267.1375000001,2011,9,39,0
26,2011-10-07,0,1130022.99,A,152513,46.84,3.633,,,,,,136.472,7.598,959339.51,1001069.52,976066.23,2011,10,40,0
26,2011-10-14,0,987886.08,A,152513,53.91,3.583,,,,,,136.5150968,7.598,1130022.99,937956.89,991144.235,2011,10,41,0
26,2011-10-21,0,974907.28,A,152513,45.23,3.618,,,,,,136.5017742,7.598,987886.08,916522.66,1000223.295,2011,10,42,0
26,2011-10-28,0,972256.98,A,152513,35.06,3.604,,,,,,136.4884516,7.598,974907.28,895069.88,1013038.965,2011,10,43,0
26,2011-11-04,0,988950.75,A,152513,31.7,3.586,,,,,,136.475129,7.598,972256.98,970224.51,1016268.3324999999,2011,11,44,0
26,2011-11-11,0,1077640.13,A,152513,40.08,3.57,7174.09,6889.46,292.44,1581.44,2399.33,136.4618065,7.598,988950.75,971193.01,981000.2725,2011,11,45,0
26,2011-11-18,0,946091.79,A,152513,37.78,3.571,5590.39,226.18,61.08,345.45,4332.53,136.4666667,7.598,1077640.13,901972.7000000001,1003438.7849999999,2011,11,46,0
26,2011-11-25,1,1282320.05,A,152513,31.07,3.536,362.32,9.0,44999.94,,660.57,136.4788,7.598,946091.79,1286833.6199999999,996234.9125,2011,11,47,0
26,2011-12-02,0,1012498.49,A,152513,36.74,3.501,3343.0,9.0,955.74,1187.26,14774.79,136.4909333,7.598,1282320.05,1016143.64,1073750.68,2011,12,48,0
26,2011-12-09,0,1148987.46,A,152513,34.24,3.47,4980.07,19.0,144.13,1669.69,6055.33,136.5030667,7.598,1012498.49,1149612.04,1079637.615,2011,12,49,0
26,2011-12-16,0,1204807.83,A,152513,28.24,3.445,2698.03,,494.72,533.84,2670.1,136.5335161,7.598,1148987.46,1196813.33,1097474.4475,2011,12,50,0
26,2011-12-23,0,1515175.01,A,152513,22.53,3.413,699.47,0.09,1018.94,9.0,2816.25,136.5883871,7.598,1204807.83,1573982.47,1162153.4575,2011,12,51,0
26,2011-12-30,1,972834.42,A,152513,18.8,3.402,4124.23,34472.24,159.04,799.85,2194.68,136.6432581,7.598,1515175.01,877268.29,1220367.1975,2011,12,52,0
26,2012-01-06,0,971557.62,A,152513,22.94,3.439,3352.77,17442.27,117.1,468.31,6344.32,136.698129,7.467,972834.42,938149.21,1210451.18,2012,1,1,0
26,2012-01-13,0,836305.65,A,152513,25.55,3.523,2153.82,6050.57,62.24,275.03,2511.4,136.753,7.467,971557.62,812323.29,1166093.72,2012,1,2,0
26,2012-01-20,0,838751.5,A,152513,15.22,3.542,1673.31,3004.75,27.82,153.3,2092.05,136.8564194,7.467,836305.65,809833.21,1073968.175,2012,1,3,0
26,2012-01-27,0,820059.89,A,152513,24.16,3.568,812.2,1267.64,32.5,13.76,1914.38,136.9598387,7.467,838751.5,817485.14,904862.2975000001,2012,1,4,0
26,2012-02-03,0,939158.25,A,152513,25.24,3.633,35421.34,1596.92,74.14,20234.78,6541.84,137.0632581,7.467,820059.89,911807.02,866668.665,2012,2,5,0
26,2012-02-10,1,1081005.6400000001,A,152513,23.89,3.655,5858.94,2569.2,13.42,5936.74,5874.01,137.1666774,7.467,939158.25,1010711.08,858568.8225,2012,2,6,0
26,2012-02-17,0,965788.76,A,152513,23.9,3.703,11524.93,6005.06,1.04,3417.87,7086.22,137.2583103,7.467,1081005.6400000001,981978.02,919743.8200000001,2012,2,7,0
26,2012-02-24,0,917924.47,A,152513,28.06,3.751,7373.92,5211.81,3.2,2716.45,4114.28,137.3411034,7.467,965788.76,910298.44,951503.135,2012,2,8,0
26,2012-03-02,0,955641.74,A,152513,22.49,3.827,20215.36,1400.8,7.35,15485.84,2581.11,137.4238966,7.467,917924.47,945643.17,975969.28,2012,3,9,0
26,2012-03-09,0,1028569.01,A,152513,29.03,3.876,4540.15,480.42,1.98,387.57,3900.33,137.5066897,7.467,955641.74,946614.55,980090.1525000001,2012,3,10,0
26,2012-03-16,0,919503.4,A,152513,35.06,3.867,6977.12,161.0,3.99,1535.17,2084.52,137.5843871,7.467,1028569.01,887426.12,966980.9949999999,2012,3,11,0
26,2012-03-23,0,874790.6799999999,A,152513,49.97,3.889,4336.7,150.86,4.59,199.78,2239.64,137.6552903,7.467,919503.4,866566.5399999999,955409.655,2012,3,12,0
26,2012-03-30,0,922018.43,A,152513,33.33,3.921,8827.14,169.73,12.75,981.6,3196.41,137.7261935,7.467,874790.6799999999,849231.61,944626.2075,2012,3,13,0
26,2012-04-06,0,1116829.23,A,152513,33.35,3.957,8674.08,,33.85,1128.16,3852.6,137.7970968,7.489,922018.43,985229.8099999999,936220.38,2012,4,14,0
26,2012-04-13,0,889670.29,A,152513,36.9,4.025,3766.78,2941.14,24.34,1103.96,2536.7,137.868,7.489,1116829.23,863266.12,958285.4349999999,2012,4,15,0
26,2012-04-20,0,923600.02,A,152513,50.81,4.046,3275.87,865.21,36.58,154.69,3169.48,137.9230667,7.489,889670.29,921700.61,950827.1575,2012,4,16,0
26,2012-04-27,0,911969.0,A,152513,43.6,4.023,1946.7,32.65,21.62,24.1,2152.4,137.9781333,7.489,923600.02,873450.29,963029.4925,2012,4,17,0
27,2011-02-04,0,1628100.79,A,204184,28.7,3.4,,,,,,137.0542431,7.827,1421111.55,1874289.79,1509652.3875000002,2011,2,5,0
27,2011-02-11,1,1636224.77,A,204184,30.45,3.416,,,,,,137.1378318,7.827,1628100.79,1745362.72,1524637.7149999999,2011,2,6,0
27,2011-02-18,0,1709365.19,A,204184,39.32,3.42,,,,,,137.2511849,7.827,1636224.77,1945070.33,1550616.7525,2011,2,7,0
27,2011-02-25,0,1688935.71,A,204184,33.05,3.452,,,,,,137.3764439,7.827,1709365.19,1390934.27,1598700.5750000002,2011,2,8,0
27,2011-03-04,0,1656130.67,A,204184,36.99,3.605,,,,,,137.5017028,7.827,1688935.71,1313729.72,1665656.6149999998,2011,3,9,0
27,2011-03-11,0,1613259.77,A,204184,43.64,3.752,,,,,,137.6269617,7.827,1656130.67,1925113.1199999999,1672664.085,2011,3,10,0
27,2011-03-18,0,1624539.21,A,204184,46.65,3.796,,,,,,137.7398929,7.827,1613259.77,1700627.97,1666922.835,2011,3,11,0
27,2011-03-25,0,1554651.0799999998,A,204184,40.11,3.789,,,,,,137.8478929,7.827,1624539.21,1836714.84,1645716.34,2011,3,12,0
27,2011-04-01,0,1628868.28,A,204184,37.27,3.811,,,,,,137.9558929,7.725,1554651.0799999998,2053952.97,1612145.1825,2011,4,13,0
27,2011-04-08,0,1689844.18,A,204184,46.87,3.895,,,,,,138.0638929,7.725,1628868.28,1955814.13,1605329.585,2011,4,14,0
27,2011-04-15,0,1727175.6099999999,A,204184,52.24,3.981,,,,,,138.1646952,7.725,1689844.18,1857500.96,1624475.6875,2011,4,15,0
27,2011-04-22,0,1921655.48,A,204184,50.02,4.061,,,,,,138.2475036,7.725,1727175.6099999999,1850205.47,1650134.7874999999,2011,4,16,0
27,2011-04-29,0,1642074.64,A,204184,61.71,4.117,,,,,,138.3303119,7.725,1921655.48,1805885.04,1741885.8875,2011,4,17,0
27,2011-05-06,0,1757041.96,A,204184,56.48,4.192,,,,,,138.4131202,7.725,1642074.64,1939458.84,1745187.4774999998,2011,5,18,0
27,2011-05-13,0,1763545.32,A,204184,60.07,4.211,,,,,,138.4959286,7.725,1757041.96,1842465.78,1761986.9224999999,2011,5,19,0
27,2011-05-20,0,1725268.56,A,204184,60.22,4.202,,,,,,138.587106,7.725,1763545.32,1836595.58,1771079.35,2011,5,20,0
27,2011-05-27,0,1820723.17,A,204184,66.43,4.134,,,,,,138.6782834,7.725,1725268.56,1962468.67,1721982.6199999999,2011,5,21,0
27,2011-06-03,0,2053708.01,A,204184,74.17,4.069,,,,,,138.7694608,7.725,1820723.17,2073102.59,1766644.7525,2011,6,22,0
27,2011-06-10,0,1817914.71,A,204184,73.26,4.025,,,,,,138.8606382,7.725,2053708.01,1873812.93,1840811.2650000001,2011,6,23,0
27,2011-06-17,0,1814740.09,A,204184,67.03,3.989,,,,,,139.0028333,7.725,1817914.71,1887182.27,1854403.6124999998,2011,6,24,0
27,2011-06-24,0,1811455.15,A,204184,72.02,3.964,,,,,,139.1832917,7.725,1814740.09,1962625.01,1876771.495,2011,6,25,0
27,2011-07-01,0,1949983.93,A,204184,73.76,3.916,,,,,,139.36375,7.85,1811455.15,2024554.1,1874454.49,2011,7,26,0
27,2011-07-08,0,2000055.27,A,204184,76.87,3.886,,,,,,139.5442083,7.85,1949983.93,2119163.01,1848523.4699999997,2011,7,27,0
27,2011-07-15,0,1762155.79,A,204184,77.83,3.915,,,,,,139.7006325,7.85,2000055.27,1880691.64,1894058.61,2011,7,28,0
27,2011-07-22,0,1754879.45,A,204184,82.28,3.972,,,,,,139.7969712,7.85,1762155.79,1808250.71,1880912.535,2011,7,29,0
27,2011-07-29,0,1744879.06,A,204184,79.41,4.004,,,,,,139.8933099,7.85,1754879.45,1816489.53,1866768.61,2011,7,30,0
27,2011-08-05,0,1747289.53,A,204184,78.14,4.02,,,,,,139.9896486,7.85,1744879.06,1908036.68,1815492.3924999998,2011,8,31,0
27,2011-08-12,0,1758437.96,A,204184,76.67,3.995,,,,,,140.0859873,7.85,1747289.53,1864436.12,1752300.9575,2011,8,32,0
27,2011-08-19,0,1781905.24,A,204184,72.97,3.942,,,,,,140.1289205,7.85,1758437.96,1936878.46,1751371.5,2011,8,33,0
27,2011-08-26,0,2034400.78,A,204184,72.88,3.906,,,,,,140.1629528,7.85,1781905.24,1870684.21,1758127.9475,2011,8,34,0
27,2011-09-02,0,1511717.53,A,204184,71.44,3.879,,,,,,140.196985,7.85,2034400.78,1908110.9,1830508.3775,2011,9,35,0
27,2011-09-09,1,1911470.84,A,204184,70.93,3.93,,,,,,140.2310173,7.85,1511717.53,1913494.81,1771615.3775,2011,9,36,0
27,2011-09-16,0,1613773.9,A,204184,69.65,3.937,,,,,,140.2735,7.85,1911470.84,1629978.46,1809873.5975000001,2011,9,37,0
27,2011-09-23,0,1606208.68,A,204184,63.61,3.899,,,,,,140.32725,7.85,1613773.9,1597002.71,1767840.7625,2011,9,38,0
27,2011-09-30,0,1599626.26,A,204184,70.92,3.858,,,,,,140.381,7.85,1606208.68,1543532.83,1660792.7374999998,2011,9,39,0
27,2011-10-07,0,1672339.27,A,204184,56.91,3.775,,,,,,140.43475,7.906,1599626.26,1707662.87,1682769.92,2011,10,40,0
27,2011-10-14,0,1682652.51,A,204184,64.78,3.744,,,,,,140.4784194,7.906,1672339.27,1728388.2,1622987.0275,2011,10,41,0
27,2011-10-21,0,1689591.44,A,204184,59.62,3.757,,,,,,140.4616048,7.906,1682652.51,1693935.29,1640206.68,2011,10,42,0
27,2011-10-28,0,1710372.4,A,204184,51.81,3.757,,,,,,140.4447903,7.906,1689591.44,1688955.49,1661052.37,2011,10,43,0
27,2011-11-04,0,1621109.3,A,204184,44.46,3.738,,,,,,140.4279758,7.906,1710372.4,1686010.02,1688738.905,2011,11,44,0
27,2011-11-11,0,1800728.07,A,204184,49.69,3.719,10710.56,44021.61,475.3,4235.07,4920.65,140.4111613,7.906,1621109.3,1828010.25,1675931.4125,2011,11,45,0
27,2011-11-18,0,1723739.44,A,204184,51.42,3.717,32812.24,5487.82,143.88,567.08,14703.26,140.4127857,7.906,1800728.07,1704785.74,1705450.3025,2011,11,46,0
27,2011-11-25,1,2504400.71,A,204184,47.88,3.689,164.01,27.47,73934.06,24.22,540.56,140.4217857,7.906,1723739.44,2627910.75,1713987.3025,2011,11,47,0
27,2011-12-02,0,1806924.74,A,204184,50.55,3.666,5369.61,294.47,7008.02,3692.11,33247.0,140.4307857,7.906,2504400.71,1884343.67,1912494.3800000001,2011,12,48,0
27,2011-12-09,0,2014665.98,A,204184,46.28,3.627,4072.48,48.0,1800.87,1796.01,8867.17,140.4397857,7.906,1806924.74,2139733.68,1958948.2400000002,2011,12,49,0
27,2011-12-16,0,2205919.86,A,204184,40.68,3.611,7510.92,28.09,1049.3,1160.14,7853.48,140.4700795,7.906,2014665.98,2350098.36,2012432.7175,2011,12,50,0
27,2011-12-23,0,2739019.75,A,204184,41.59,3.587,2415.4,239.89,1438.33,209.34,2976.85,140.528765,7.906,2205919.86,3078162.08,2132977.8225,2011,12,51,0
27,2011-12-30,1,1650604.6,A,204184,37.85,3.566,3650.53,50076.68,271.89,1009.78,1773.53,140.5874505,7.906,2739019.75,1440963.0,2191632.5825,2011,12,52,0
27,2012-01-06,0,1535287.4,A,204184,35.8,3.585,9235.59,29675.22,526.36,2399.37,6290.52,140.6461359,8.009,1650604.6,1568159.48,2152552.5475,2012,1,1,0
27,2012-01-13,0,1492399.1300000001,A,204184,41.3,3.666,8081.05,16237.87,542.46,643.15,6238.31,140.7048214,8.009,1535287.4,1532308.6199999999,2032707.9025,2012,1,2,0
27,2012-01-20,0,1542131.05,A,204184,30.35,3.705,2754.17,9280.81,465.77,2567.91,1550.34,140.8086118,8.009,1492399.1300000001,1517029.9,1854327.72,2012,1,3,0
27,2012-01-27,0,1263534.86,A,204184,36.96,3.737,2789.03,4172.39,589.24,101.5,3857.29,140.9124021,8.009,1542131.05,1421111.55,1555105.545,2012,1,4,0
27,2012-02-03,0,1564246.02,A,204184,42.52,3.796,62172.73,6256.0,530.81,67474.85,6129.6,141.0161924,8.009,1263534.86,1628100.79,1458338.11,2012,2,5,0
27,2012-02-10,1,1651605.35,A,204184,37.86,3.826,15591.32,6206.22,249.82,14000.53,8024.91,141.1199827,8.009,1564246.02,1636224.77,1465577.7650000001,2012,2,6,0
27,2012-02-17,0,1606221.56,A,204184,37.24,3.874,14655.15,10670.84,162.82,11286.99,1595.8,141.2140357,8.009,1651605.35,1709365.19,1505379.32,2012,2,7,0
27,2012-02-24,0,1648602.3900000001,A,204184,41.74,3.917,16993.22,13384.32,9.6,8237.33,9045.21,141.3007857,8.009,1606221.56,1688935.71,1521401.9475000002,2012,2,8,0
27,2012-03-02,0,1509323.09,A,204184,40.07,3.983,28652.29,3088.37,109.25,35364.08,4464.45,141.3875357,8.009,1648602.3900000001,1656130.67,1617668.83,2012,3,9,0
27,2012-03-09,0,1607343.41,A,204184,44.32,4.021,14171.85,917.3,2.2,3614.57,4582.1,141.4742857,8.009,1509323.09,1613259.77,1603938.0975000001,2012,3,10,0
27,2012-03-16,0,1635984.07,A,204184,49.6,4.021,7275.48,175.65,2.96,5193.68,2366.04,141.55478,8.009,1607343.41,1624539.21,1592872.6125,2012,3,11,0
27,2012-03-23,0,1620839.34,A,204184,57.3,4.054,4142.06,506.34,5.17,917.38,3467.03,141.6269332,8.009,1635984.07,1554651.0799999998,1600313.24,2012,3,12,0
27,2012-03-30,0,1615494.14,A,204184,49.4,4.098,12705.56,180.11,7.59,2943.99,3495.93,141.6990864,8.009,1620839.34,1628868.28,1593372.4775,2012,3,13,0
27,2012-04-06,0,1899013.3399999999,A,204184,48.73,4.143,10800.82,,101.35,3079.87,5692.72,141.7712396,8.253,1615494.14,1689844.18,1619915.2400000002,2012,4,14,0
27,2012-04-13,0,1650405.21,A,204184,52.22,4.187,5139.48,4770.63,53.84,1532.47,4176.9,141.8433929,8.253,1899013.3399999999,1727175.6099999999,1692832.7225000001,2012,4,15,0
27,2012-04-20,0,1639999.47,A,204184,62.62,4.17,12507.63,2681.1,99.95,1433.43,3244.98,141.9015262,8.253,1650405.21,1921655.48,1696438.0074999998,2012,4,16,0
27,2012-04-27,0,1565498.84,A,204184,52.33,4.163,6408.19,901.65,58.56,51.97,2182.32,141.9596595,8.253,1639999.47,1642074.64,1701228.04,2012,4,17,0
28,2011-02-04,0,1564897.32,A,206302,45.14,3.348,,,,,,127.7195806,14.021,1127859.69,1672352.29,1177179.47,2011,2,5,0
28,2011-02-11,1,1397301.3800000001,A,206302,51.3,3.381,,,,,,127.859129,14.021,1564897.32,1558968.49,1217678.1825,2011,2,6,0
28,2011-02-18,0,1514828.82,A,206302,53.35,3.43,,,,,,127.99525,14.021,1397301.3800000001,1491300.42,1292431.875,2011,2,7,0
28,2011-02-25,0,1311796.91,A,206302,48.45,3.53,,,,,,128.13,14.021,1514828.82,1542173.33,1401221.8025,2011,2,8,0
28,2011-03-04,0,1723736.9100000001,A,206302,51.72,3.674,,,,,,128.26475,14.021,1311796.91,1608435.45,1447206.1075,2011,3,9,0
28,2011-03-11,0,1380836.35,A,206302,57.75,3.818,,,,,,128.3995,14.021,1723736.9100000001,1326877.11,1486916.0050000001,2011,3,10,0
28,2011-03-18,0,1286413.71,A,206302,64.21,3.692,,,,,,128.5121935,14.021,1380836.35,1279819.43,1482799.7475,2011,3,11,0
28,2011-03-25,0,1201059.72,A,206302,54.4,3.909,,,,,,128.6160645,14.021,1286413.71,1245268.77,1425695.9700000002,2011,3,12,0
28,2011-04-01,0,1336838.41,A,206302,63.63,3.772,,,,,,128.7199355,13.736,1201059.72,1441559.4,1398011.6725,2011,4,13,0
28,2011-04-08,0,1414713.5,A,206302,64.47,4.003,,,,,,128.8238065,13.736,1336838.41,1382359.21,1301287.0474999999,2011,4,14,0
28,2011-04-15,0,1240126.07,A,206302,57.63,3.868,,,,,,128.9107333,13.736,1414713.5,1268240.66,1309756.335,2011,4,15,0
28,2011-04-22,0,1297452.0,A,206302,72.12,4.134,,,,,,128.9553,13.736,1240126.07,1244177.21,1298184.425,2011,4,16,0
28,2011-04-29,0,1222367.9000000001,A,206302,68.27,4.151,,,,,,128.9998667,13.736,1297452.0,1186971.02,1322282.495,2011,4,17,0
28,2011-05-06,0,1515890.3800000001,A,206302,68.4,4.193,,,,,,129.0444333,13.736,1222367.9000000001,1532893.22,1293664.8675000002,2011,5,18,0
28,2011-05-13,0,1253316.3,A,206302,70.93,4.202,,,,,,129.089,13.736,1515890.3800000001,1245898.73,1318959.0875000001,2011,5,19,0
28,2011-05-20,0,1151282.31,A,206302,66.59,4.169,,,,,,129.0756774,13.736,1253316.3,1217923.71,1322256.645,2011,5,20,0
28,2011-05-27,0,1160043.98,A,206302,76.67,4.087,,,,,,129.0623548,13.736,1151282.31,1176588.25,1285714.2225000001,2011,5,21,0
28,2011-06-03,0,1403779.25,A,206302,71.81,4.031,,,,,,129.0490323,13.736,1160043.98,1543678.02,1270133.2425000002,2011,6,22,0
28,2011-06-10,0,1339972.83,A,206302,78.72,3.981,,,,,,129.0357097,13.736,1403779.25,1348995.17,1242105.46,2011,6,23,0
28,2011-06-17,0,1268503.49,A,206302,86.84,3.935,,,,,,129.0432,13.736,1339972.83,1267619.06,1263769.5925,2011,6,24,0
28,2011-06-24,0,1208809.34,A,206302,88.95,3.898,,,,,,129.0663,13.736,1268503.49,1231025.07,1293074.8875,2011,6,25,0
28,2011-07-01,0,1319054.57,A,206302,89.85,3.842,,,,,,129.0894,13.503,1208809.34,1399960.15,1305266.2275,2011,7,26,0
28,2011-07-08,0,1459655.8499999999,A,206302,89.9,3.705,,,,,,129.1125,13.503,1319054.57,1340293.87,1284085.0575,2011,7,27,0
28,2011-07-15,0,1197373.13,A,206302,88.1,3.692,,,,,,129.1338387,13.503,1459655.8499999999,1225336.41,1314005.8125,2011,7,28,0
28,2011-07-22,0,1165870.54,A,206302,91.17,3.794,,,,,,129.1507742,13.503,1197373.13,1205884.98,1296223.2225,2011,7,29,0
28,2011-07-29,0,1114530.29,A,206302,93.29,3.805,,,,,,129.1677097,13.503,1165870.54,1150204.71,1285488.5225,2011,7,30,0
28,2011-08-05,0,1523870.8900000001,A,206302,90.61,3.803,,,,,,129.1846452,13.503,1114530.29,1523101.3800000001,1234357.4525,2011,8,31,0
28,2011-08-12,0,1218764.94,A,206302,91.04,3.701,,,,,,129.2015806,13.503,1523870.8900000001,1218688.09,1250411.2125,2011,8,32,0
28,2011-08-19,0,1200019.74,A,206302,91.74,3.743,,,,,,129.2405806,13.503,1218764.94,1195897.6,1255759.165,2011,8,33,0
28,2011-08-26,0,1166479.51,A,206302,94.61,3.74,,,,,,129.2832581,13.503,1200019.74,1191585.92,1264296.465,2011,8,34,0
28,2011-09-02,0,1468871.49,A,206302,93.66,3.798,,,,,,129.3259355,13.503,1166479.51,1523410.71,1277283.77,2011,9,35,0
28,2011-09-09,1,1310087.0,A,206302,88.0,3.913,,,,,,129.3686129,13.503,1468871.49,1246062.17,1263533.92,2011,9,36,0
28,2011-09-16,0,1159212.1,A,206302,76.36,3.918,,,,,,129.4306,13.503,1310087.0,1159812.35,1286364.435,2011,9,37,0
28,2011-09-23,0,1109105.92,A,206302,82.95,3.789,,,,,,129.5183333,13.503,1159212.1,1111797.21,1276162.525,2011,9,38,0
28,2011-09-30,0,1120731.76,A,206302,83.26,3.877,,,,,,129.6060667,13.503,1109105.92,1203080.41,1261819.1275,2011,9,39,0
28,2011-10-07,0,1557314.58,A,206302,70.44,3.827,,,,,,129.6938,12.89,1120731.76,1334571.87,1174784.1949999998,2011,10,40,0
28,2011-10-14,0,1220984.94,A,206302,67.31,3.805,,,,,,129.7706452,12.89,1557314.58,1158062.99,1236591.0899999999,2011,10,41,0
28,2011-10-21,0,1203172.05,A,206302,73.05,3.842,,,,,,129.7821613,12.89,1220984.94,1120619.32,1252034.3,2011,10,42,0
28,2011-10-28,0,1242746.06,A,206302,67.41,3.727,,,,,,129.7936774,12.89,1203172.05,1231688.48,1275550.8325,2011,10,43,0
28,2011-11-04,0,1576654.67,A,206302,59.77,3.828,,,,,,129.8051935,12.89,1242746.06,1501663.26,1306054.4075,2011,11,44,0
28,2011-11-11,0,1402654.95,A,206302,48.76,3.824,22860.64,12223.82,343.77,20834.37,9895.33,129.8167097,12.89,1576654.67,1266460.45,1310889.43,2011,11,45,0
28,2011-11-18,0,1255081.22,A,206302,54.2,3.813,6772.46,1654.68,86.01,1068.35,9835.85,129.8268333,12.89,1402654.95,1179315.72,1356306.9325,2011,11,46,0
28,2011-11-25,1,1929738.27,A,206302,53.25,3.622,2232.08,179.73,61319.72,513.76,1790.89,129.8364,12.89,1255081.22,1937033.5,1369284.225,2011,11,47,0
28,2011-12-02,0,1368130.35,A,206302,52.5,3.701,10392.61,75.0,2241.11,6243.02,19374.19,129.8459667,12.89,1929738.27,1447916.29,1541032.2774999999,2011,12,48,0
28,2011-12-09,0,1467024.3,A,206302,42.17,3.644,6628.73,21.0,140.19,6168.78,14073.59,129.8555333,12.89,1368130.35,1466164.49,1488901.1975,2011,12,49,0
28,2011-12-16,0,1429954.66,A,206302,43.29,3.6,2429.88,18.24,347.78,573.31,6432.36,129.8980645,12.89,1467024.3,1510443.62,1504993.535,2011,12,50,0
28,2011-12-23,0,1796203.51,A,206302,45.4,3.541,2135.31,1.53,752.34,499.0,5674.11,129.9845484,12.89,1429954.66,2026026.39,1548711.895,2011,12,51,0
28,2011-12-30,1,1270036.53,A,206302,44.64,3.428,5218.93,49826.06,155.37,1011.54,7761.98,130.0710323,12.89,1796203.51,1090558.57,1515328.205,2011,12,52,0
28,2012-01-06,0,1466046.07,A,206302,50.43,3.599,5155.86,19549.51,218.29,636.73,5218.5,130.1575161,12.187,1270036.53,1402902.47,1490804.75,2012,1,1,0
28,2012-01-13,0,1161190.29,A,206302,48.07,3.657,4649.73,1843.24,45.3,869.64,7935.42,130.244,12.187,1466046.07,1098286.61,1490560.1925,2012,1,2,0
28,2012-01-20,0,1129540.48,A,206302,46.2,3.66,5177.01,1280.59,23.75,716.52,6009.03,130.2792258,12.187,1161190.29,1079669.11,1423369.1,2012,1,3,0
28,2012-01-27,0,1132948.48,A,206302,50.43,3.675,1657.67,887.0,30.97,222.42,4291.52,130.3144516,12.187,1129540.48,1127859.69,1256703.3425,2012,1,4,0
28,2012-02-03,0,1531599.44,A,206302,50.58,3.702,44998.1,3682.17,182.6,39241.63,16008.79,130.3496774,12.187,1132948.48,1564897.32,1222431.33,2012,2,5,0
28,2012-02-10,1,1572966.15,A,206302,52.27,3.722,20097.48,2774.5,66.42,16822.46,8228.86,130.3849032,12.187,1531599.44,1397301.3800000001,1238819.6724999999,2012,2,6,0
28,2012-02-17,0,1501503.68,A,206302,51.8,3.781,20868.41,6880.29,7.84,7685.11,11114.94,130.4546207,12.187,1572966.15,1514828.82,1341763.6375,2012,2,7,0
28,2012-02-24,0,1323487.91,A,206302,53.13,3.95,9687.54,3338.06,,847.07,6736.61,130.5502069,12.187,1501503.68,1311796.91,1434754.4375,2012,2,8,0
28,2012-03-02,0,1451740.57,A,206302,52.27,4.178,23765.08,872.4,3.5,12645.96,4736.14,130.6457931,12.187,1323487.91,1723736.9100000001,1482389.295,2012,3,9,0
28,2012-03-09,0,1680764.06,A,206302,54.54,4.25,11431.91,101.02,6.93,2060.55,9332.74,130.7413793,12.187,1451740.57,1380836.35,1462424.5775000001,2012,3,10,0
28,2012-03-16,0,1337875.49,A,206302,64.44,4.273,8243.42,44.26,6.68,3641.11,3645.65,130.8261935,12.187,1680764.06,1286413.71,1489374.055,2012,3,11,0
28,2012-03-23,0,1216059.41,A,206302,56.26,4.038,9066.75,48.94,5.91,1040.74,3796.72,130.8966452,12.187,1337875.49,1201059.72,1448467.0075,2012,3,12,0
28,2012-03-30,0,1209524.11,A,206302,64.36,4.294,11704.17,57.61,11.85,1537.38,2536.67,130.9670968,12.187,1216059.41,1336838.41,1421609.8825,2012,3,13,0
28,2012-04-06,0,1559592.79,A,206302,64.05,4.121,9368.15,,35.75,2580.09,8313.39,131.0375484,11.627,1209524.11,1414713.5,1361055.7675,2012,4,14,0
28,2012-04-13,0,1290684.95,A,206302,64.28,4.254,8478.14,5630.15,20.53,2457.88,9394.39,131.108,11.627,1559592.79,1240126.07,1330762.9500000002,2012,4,15,0
28,2012-04-20,0,1180797.2,A,206302,66.73,4.222,5343.29,3895.86,17.32,657.56,4674.67,131.1173333,11.627,1290684.95,1297452.0,1318965.315,2012,4,16,0
28,2012-04-27,0,1170456.16,A,206302,77.99,4.193,3003.61,564.36,16.11,35.54,3226.41,131.1266667,11.627,1180797.2,1222367.9000000001,1310149.7625,2012,4,17,0
29,2011-02-04,0,504126.89,B,93638,26.39,3.24,,,,,,133.1834194,10.256,410426.97,538634.46,434604.64,2011,2,5,1
29,2011-02-11,1,550387.78,B,93638,28.89,3.255,,,,,,133.260871,10.256,504126.89,529672.95,446648.3175,2011,2,6,1
29,2011-02-18,0,542529.21,B,93638,35.34,3.263,,,,,,133.3701429,10.256,550387.78,542399.07,477518.9475,2011,2,7,1
29,2011-02-25,0,483660.15,B,93638,30.23,3.281,,,,,,133.4921429,10.256,542529.21,488417.61,501867.7125,2011,2,8,1
29,2011-03-04,0,536031.67,B,93638,33.52,3.437,,,,,,133.6141429,10.256,483660.15,535087.91,520176.00749999995,2011,3,9,1
29,2011-03-11,0,493430.45,B,93638,41.42,3.6,,,,,,133.7361429,10.256,536031.67,519042.49,528152.2025,2011,3,10,1
29,2011-03-18,0,493653.43,B,93638,43.38,3.634,,,,,,133.8492258,10.256,493430.45,496851.6,513912.87,2011,3,11,1
29,2011-03-25,0,478773.05,B,93638,38.77,3.624,,,,,,133.9587419,10.256,493653.43,552985.34,501693.92500000005,2011,3,12,1
29,2011-04-01,0,475615.26,B,93638,36.04,3.638,,,,,,134.0682581,9.966,478773.05,599629.25,500472.15,2011,4,13,1
29,2011-04-08,0,505304.33,B,93638,44.42,3.72,,,,,,134.1777742,9.966,475615.26,569937.23,485368.0475,2011,4,14,1
29,2011-04-15,0,518245.97,B,93638,48.88,3.823,,,,,,134.2784667,9.966,505304.33,509100.84,488336.5175,2011,4,15,1
29,2011-04-22,0,589252.69,B,93638,47.76,3.919,,,,,,134.3571,9.966,518245.97,505329.66,494484.6525,2011,4,16,1
29,2011-04-29,0,493078.64,B,93638,57.2,3.988,,,,,,134.4357333,9.966,589252.69,501013.47000000003,522104.5625,2011,4,17,1
29,2011-05-06,0,534372.53,B,93638,53.63,4.078,,,,,,134.5143667,9.966,493078.64,568497.35,526470.4075,2011,5,18,1
29,2011-05-13,0,549551.02,B,93638,57.71,4.095,,,,,,134.593,9.966,534372.53,518940.88,533737.4575,2011,5,19,1
29,2011-05-20,0,492932.51,B,93638,58.56,4.101,,,,,,134.6803871,9.966,549551.02,502021.82,541563.72,2011,5,20,1
29,2011-05-27,0,550735.64,B,93638,62.59,4.034,,,,,,134.7677742,9.966,492932.51,577627.66,517483.67500000005,2011,5,21,1
29,2011-06-03,0,598251.5700000001,B,93638,70.09,3.973,,,,,,134.8551613,9.966,550735.64,588017.66,531897.925,2011,6,22,1
29,2011-06-10,0,558431.4400000001,B,93638,69.53,3.924,,,,,,134.9425484,9.966,598251.5700000001,540716.58,547867.685,2011,6,23,1
29,2011-06-17,0,536914.17,B,93638,63.97,3.873,,,,,,135.0837333,9.966,558431.4400000001,558731.74,550087.79,2011,6,24,1
29,2011-06-24,0,545368.17,B,93638,68.53,3.851,,,,,,135.2652667,9.966,536914.17,585548.79,561083.2050000001,2011,6,25,1
29,2011-07-01,0,567114.6,B,93638,70.8,3.815,,,,,,135.4468,9.863,545368.17,581473.55,559741.3375,2011,7,26,1
29,2011-07-08,0,547586.07,B,93638,74.22,3.784,,,,,,135.6283333,9.863,567114.6,563449.43,551957.095,2011,7,27,1
29,2011-07-15,0,505246.15,B,93638,75.2,3.827,,,,,,135.7837419,9.863,547586.07,512292.01,549245.7525000001,2011,7,28,1
29,2011-07-22,0,507335.75,B,93638,77.79,3.882,,,,,,135.8738387,9.863,505246.15,506502.09,541328.7475,2011,7,29,1
29,2011-07-29,0,474653.06,B,93638,75.32,3.898,,,,,,135.9639355,9.863,507335.75,509872.77,531820.6425000001,2011,7,30,1
29,2011-08-05,0,503486.37,B,93638,75.33,3.903,,,,,,136.0540323,9.863,474653.06,519787.93,508705.2575,2011,8,31,1
29,2011-08-12,0,471311.5,B,93638,74.69,3.88,,,,,,136.144129,9.863,503486.37,495269.0,497680.33249999996,2011,8,32,1
29,2011-08-19,0,498056.0,B,93638,71.3,3.82,,,,,,136.183129,9.863,471311.5,531640.1900000001,489196.67,2011,8,33,1
29,2011-08-26,0,608294.98,B,93638,72.22,3.796,,,,,,136.2136129,9.863,498056.0,545766.13,486876.7325,2011,8,34,1
29,2011-09-02,0,497085.91,B,93638,69.16,3.784,,,,,,136.2440968,9.863,608294.98,579272.38,520287.21249999997,2011,9,35,1
29,2011-09-09,1,505406.72000000003,B,93638,69.14,3.809,,,,,,136.2745806,9.863,497085.91,491290.37,518687.0975,2011,9,36,1
29,2011-09-16,0,474129.35,B,93638,68.08,3.809,,,,,,136.3145,9.863,505406.72000000003,463752.89,527210.9025,2011,9,37,1
29,2011-09-23,0,475696.37,B,93638,62.36,3.758,,,,,,136.367,9.863,474129.35,465338.41,521229.24,2011,9,38,1
29,2011-09-30,0,446516.26,B,93638,69.78,3.684,,,,,,136.4195,9.863,475696.37,474698.01,488079.5875,2011,9,39,1
29,2011-10-07,0,514993.0,B,93638,56.44,3.633,,,,,,136.472,9.357,446516.26,530059.06,475437.17500000005,2011,10,40,1
29,2011-10-14,0,475776.45,B,93638,62.63,3.583,,,,,,136.5150968,9.357,514993.0,483011.69,477833.745,2011,10,41,1
29,2011-10-21,0,505068.22000000003,B,93638,59.3,3.618,,,,,,136.5017742,9.357,475776.45,505221.17,478245.52,2011,10,42,1
29,2011-10-28,0,515119.64,B,93638,49.31,3.604,,,,,,136.4884516,9.357,505068.22000000003,527058.59,485588.4825,2011,10,43,1
29,2011-11-04,0,620735.72,B,93638,42.81,3.586,,,,,,136.475129,9.357,515119.64,521002.97,502739.3275,2011,11,44,1
29,2011-11-11,0,531600.62,B,93638,47.8,3.57,8394.65,7331.95,200.28,1292.58,2786.42,136.4618065,9.357,620735.72,524450.7,529175.0075,2011,11,45,1
29,2011-11-18,0,504601.29,B,93638,50.62,3.571,7021.01,967.62,15.97,392.25,5793.48,136.4666667,9.357,531600.62,508174.55,543131.05,2011,11,46,1
29,2011-11-25,1,913165.19,B,93638,46.28,3.536,122.33,0.0,47289.47,4.0,1179.49,136.4788,9.357,504601.29,975268.91,543014.3175,2011,11,47,1
29,2011-12-02,0,579874.22,B,93638,49.11,3.501,2167.06,,1457.99,820.49,6387.74,136.4909333,9.357,913165.19,642678.53,642525.705,2011,12,48,1
29,2011-12-09,0,633240.53,B,93638,45.35,3.47,2597.24,,614.02,499.88,5186.34,136.5030667,9.357,579874.22,713834.74,632310.3300000001,2011,12,49,1
29,2011-12-16,0,736805.66,B,93638,39.11,3.445,1779.72,,547.17,1211.18,6777.33,136.5335161,9.357,633240.53,850538.25,657720.3075,2011,12,50,1
29,2011-12-23,0,1016637.39,B,93638,39.83,3.413,373.34,5.21,676.82,10.5,1730.4,136.5883871,9.357,736805.66,1130926.79,715771.4,2011,12,51,1
29,2011-12-30,1,551743.05,B,93638,36.28,3.402,2168.59,17155.07,47.22,332.96,1792.92,136.6432581,9.357,1016637.39,465992.01999999996,741639.45,2011,12,52,1
29,2012-01-06,0,469773.85,B,93638,34.61,3.439,4557.94,13427.99,9.56,550.78,2053.68,136.698129,8.988,551743.05,455952.18,734606.6575000001,2012,1,1,1
29,2012-01-13,0,444756.37,B,93638,39.0,3.523,1789.85,7403.46,0.06,2.5,2512.9,136.753,8.988,469773.85,426905.26,693739.9875,2012,1,2,1
29,2012-01-20,0,446863.31,B,93638,29.16,3.542,2021.51,2502.83,4.65,383.01,2842.32,136.8564194,8.988,444756.37,445134.15,620727.665,2012,1,3,1
29,2012-01-27,0,395987.24,B,93638,35.68,3.568,961.63,2011.62,0.73,117.38,1504.22,136.9598387,8.988,446863.31,410426.97,478284.145,2012,1,4,1
29,2012-02-03,0,493159.35,B,93638,40.58,3.633,23656.27,2347.13,110.26,11641.23,2548.96,137.0632581,8.988,395987.24,504126.89,439345.1925,2012,2,5,1
29,2012-02-10,1,545840.05,B,93638,35.68,3.655,15679.67,2427.87,4.36,4775.31,4026.33,137.1666774,8.988,493159.35,550387.78,445191.56749999995,2012,2,6,1
29,2012-02-17,0,559606.91,B,93638,36.25,3.703,7180.13,5665.86,1.76,5185.35,3381.36,137.2583103,8.988,545840.05,542529.21,470462.4875,2012,2,7,1
29,2012-02-24,0,488782.63,B,93638,39.0,3.751,7623.6,3357.2,,3737.6,5024.43,137.3411034,8.988,559606.91,483660.15,498648.38749999995,2012,2,8,1
29,2012-03-02,0,500801.72,B,93638,37.47,3.827,12783.88,800.94,1.09,6884.75,1699.2,137.4238966,8.988,488782.63,536031.67,521847.235,2012,3,9,1
29,2012-03-09,0,504750.35,B,93638,41.72,3.876,5564.21,396.61,,531.23,1542.59,137.5066897,8.988,500801.72,493430.45,523757.8275,2012,3,10,1
29,2012-03-16,0,489293.72,B,93638,46.06,3.867,4383.29,94.3,0.99,642.33,1575.61,137.5843871,8.988,504750.35,493653.43,513485.40249999997,2012,3,11,1
29,2012-03-23,0,517408.48,B,93638,54.68,3.889,2826.57,69.69,2.31,538.94,1177.24,137.6552903,8.988,489293.72,478773.05,495907.105,2012,3,12,1
29,2012-03-30,0,504566.27999999997,B,93638,46.4,3.921,4713.53,42.04,1.5,266.03,915.19,137.7261935,8.988,517408.48,475615.26,503063.5675,2012,3,13,1
29,2012-04-06,0,633826.55,B,93638,46.38,3.957,9650.62,,10.77,1831.88,4732.84,137.7970968,9.14,504566.27999999997,505304.33,504004.70749999996,2012,4,14,1
29,2012-04-13,0,520493.83,B,93638,49.89,4.025,2015.59,4370.68,2.75,424.21,1595.7,137.868,9.14,633826.55,518245.97,536273.7575000001,2012,4,15,1
29,2012-04-20,0,525200.59,B,93638,58.81,4.046,2087.5,1908.99,9.68,234.05,1581.26,137.9230667,9.14,520493.83,589252.69,544073.7849999999,2012,4,16,1
29,2012-04-27,0,497250.22000000003,B,93638,51.42,4.023,1238.43,,6.62,58.84,1407.86,137.9781333,9.14,525200.59,493078.64,546021.8125,2012,4,17,1
30,2011-02-04,0,490970.95,C,42988,36.33,2.989,,,,,,212.2240646,8.028,425989.04,465108.52,445401.89749999996,2011,2,5,2
30,2011-02-11,1,470921.24,C,42988,34.61,3.022,,,,,,212.5928624,8.028,490970.95,497374.57,455375.3325,2011,2,6,2
30,2011-02-18,0,417070.51,C,42988,59.87,3.045,,,,,,212.9033115,8.028,470921.24,463513.26,456753.4625,2011,2,7,2
30,2011-02-25,0,432687.97000000003,C,42988,61.27,3.065,,,,,,213.190421,8.028,417070.51,472330.71,451237.935,2011,2,8,2
30,2011-03-04,0,443334.71,C,42988,59.52,3.288,,,,,,213.4775305,8.028,432687.97000000003,472591.07,452912.66750000004,2011,3,9,2
30,2011-03-11,0,438529.81,C,42988,54.69,3.459,,,,,,213.7646401,8.028,443334.71,468189.93,441003.6075,2011,3,10,2
30,2011-03-18,0,425470.83999999997,C,42988,63.26,3.488,,,,,,214.0156238,8.028,438529.81,445736.36,432905.75,2011,3,11,2
30,2011-03-25,0,431754.01,C,42988,70.33,3.473,,,,,,214.2521573,8.028,425470.83999999997,442457.35000000003,435005.8325,2011,3,12,2
30,2011-04-01,0,437926.79,C,42988,56.36,3.524,,,,,,214.4886908,7.931,431754.01,457884.06,434772.3425,2011,4,13,2
30,2011-04-08,0,443889.5,C,42988,68.62,3.622,,,,,,214.7252242,7.931,437926.79,454800.96,433420.3625,2011,4,14,2
30,2011-04-15,0,426666.92,C,42988,71.01,3.743,,,,,,214.9420631,7.931,443889.5,471054.16000000003,434760.285,2011,4,15,2
30,2011-04-22,0,445358.73,C,42988,70.79,3.807,,,,,,215.1096657,7.931,426666.92,462454.39,435059.30499999993,2011,4,16,2
30,2011-04-29,0,423687.2,C,42988,70.19,3.81,,,,,,215.2772683,7.931,445358.73,456140.34,438460.485,2011,4,17,2
30,2011-05-06,0,438789.52,C,42988,61.87,3.906,,,,,,215.4448709,7.931,423687.2,457883.94,434900.5875,2011,5,18,2
30,2011-05-13,0,424614.59,C,42988,75.04,3.899,,,,,,215.6124735,7.931,438789.52,461868.09,433625.5925,2011,5,19,2
30,2011-05-20,0,435102.2,C,42988,68.36,3.907,,,,,,215.3834778,7.931,424614.59,455751.84,433112.51,2011,5,20,2
30,2011-05-27,0,429305.82,C,42988,76.86,3.786,,,,,,215.1544822,7.931,435102.2,462474.16,430548.37750000006,2011,5,21,2
30,2011-06-03,0,432808.48,C,42988,83.82,3.699,,,,,,214.9254865,7.931,429305.82,458343.7,431953.0325,2011,6,22,2
30,2011-06-10,0,424697.05,C,42988,84.71,3.648,,,,,,214.6964908,7.931,432808.48,445530.16,430457.77249999996,2011,6,23,2
30,2011-06-17,0,435481.03,C,42988,87.54,3.637,,,,,,214.6513538,7.931,424697.05,447727.51999999996,430478.3875,2011,6,24,2
30,2011-06-24,0,422715.74,C,42988,85.72,3.594,,,,,,214.7441108,7.931,435481.03,453210.24,430573.095,2011,6,25,2
30,2011-07-01,0,428782.38,C,42988,87.57,3.524,,,,,,214.8368678,7.852,422715.74,450337.47,428925.575,2011,7,26,2
30,2011-07-08,0,419764.37,C,42988,89.16,3.48,,,,,,214.9296249,7.852,428782.38,436293.4,427919.05,2011,7,27,2
30,2011-07-15,0,420515.63,C,42988,91.05,3.575,,,,,,215.0134426,7.852,419764.37,438068.71,426685.88,2011,7,28,2
30,2011-07-22,0,423441.76,C,42988,90.27,3.651,,,,,,215.0749122,7.852,420515.63,440491.33,422944.53,2011,7,29,2
30,2011-07-29,0,414245.96,C,42988,91.56,3.682,,,,,,215.1363819,7.852,423441.76,437893.76,423126.03500000003,2011,7,30,2
30,2011-08-05,0,431798.64,C,42988,94.22,3.684,,,,,,215.1978515,7.852,414245.96,441407.06,419491.93,2011,8,31,2
30,2011-08-12,0,412224.67,C,42988,92.32,3.638,,,,,,215.2593211,7.852,431798.64,444160.07,422500.49750000006,2011,8,32,2
30,2011-08-19,0,414450.61000000004,C,42988,90.11,3.554,,,,,,215.3229307,7.852,412224.67,447139.8,420427.7575,2011,8,33,2
30,2011-08-26,0,387944.83,C,42988,92.07,3.523,,,,,,215.386897,7.852,414450.61000000004,443810.77999999997,418179.97,2011,8,34,2
30,2011-09-02,0,369722.32,C,42988,91.94,3.533,,,,,,215.4508632,7.852,387944.83,461548.98,411604.6875,2011,9,35,2
30,2011-09-09,1,370897.82,C,42988,78.87,3.546,,,,,,215.5148295,7.852,369722.32,455162.92,396085.6075,2011,9,36,2
30,2011-09-16,0,382914.66,C,42988,80.62,3.526,,,,,,215.6944378,7.852,370897.82,462058.19,385753.895,2011,9,37,2
30,2011-09-23,0,391837.56,C,42988,75.68,3.467,,,,,,216.0282356,7.852,382914.66,448392.17,377869.90750000003,2011,9,38,2
30,2011-09-30,0,387001.13,C,42988,78.91,3.355,,,,,,216.3620333,7.852,391837.56,445475.3,378843.09,2011,9,39,2
30,2011-10-07,0,417528.26,C,42988,71.64,3.285,,,,,,216.6958311,7.441,387001.13,462080.47000000003,383162.7925,2011,10,40,2
30,2011-10-14,0,410711.99,C,42988,69.79,3.274,,,,,,217.0048261,7.441,417528.26,453943.89,394820.40249999997,2011,10,41,2
30,2011-10-21,0,428958.53,C,42988,65.16,3.353,,,,,,217.1650042,7.441,410711.99,459631.74,401769.735,2011,10,42,2
30,2011-10-28,0,426151.88,C,42988,65.46,3.372,,,,,,217.3251824,7.441,428958.53,438334.39,411049.9775,2011,10,43,2
30,2011-11-04,0,432359.04000000004,C,42988,56.01,3.332,,,,,,217.4853605,7.441,426151.88,484661.87,420837.66500000004,2011,11,44,2
30,2011-11-11,0,409686.63,C,42988,59.8,3.297,42.28,276.94,14.54,,3508.88,217.6455387,7.441,432359.04000000004,431266.64,424545.36000000004,2011,11,45,2
30,2011-11-18,0,436462.63,C,42988,61.9,3.308,679.88,97.38,,38.35,1143.98,217.8670218,7.441,409686.63,423707.69,424289.02,2011,11,46,2
30,2011-11-25,1,452163.93,C,42988,56.43,3.236,19.97,,,,477.74,218.1130269,7.441,436462.63,462732.36,426165.04500000004,2011,11,47,2
30,2011-12-02,0,412385.75,C,42988,48.72,3.172,23.47,,4.7,,1257.19,218.3590319,7.441,452163.93,407112.22000000003,432668.0575,2011,12,48,2
30,2011-12-09,0,436741.02,C,42988,41.44,3.158,1.5,,3.41,,1774.78,218.605037,7.441,412385.75,428631.91,427674.735,2011,12,49,2
30,2011-12-16,0,441265.07999999996,C,42988,50.56,3.159,,,11.1,,602.44,218.8217928,7.441,436741.02,445332.27999999997,434438.3325,2011,12,50,2
30,2011-12-23,0,492022.68,C,42988,46.54,3.112,245.83,,12.5,2.52,2951.23,218.9995495,7.441,441265.07999999996,519354.88,435638.94499999995,2011,12,51,2
30,2011-12-30,1,376777.45,C,42988,45.16,3.129,782.67,2027.77,,35.28,239.99,219.1773063,7.441,492022.68,397631.02,445603.6325,2011,12,52,2
30,2012-01-06,0,457030.86,C,42988,48.1,3.157,594.21,1905.66,91.16,4.92,855.1,219.355063,7.057,376777.45,451077.21,436701.5575,2012,1,1,2
30,2012-01-13,0,447023.91,C,42988,45.0,3.261,157.23,452.88,51.64,,916.52,219.5328198,7.057,457030.86,465408.72,441774.01749999996,2012,1,2,2
30,2012-01-20,0,438760.62,C,42988,52.21,3.268,1084.35,3.47,36.96,,344.93,219.6258417,7.057,447023.91,439132.62,443213.725,2012,1,3,2
30,2012-01-27,0,433037.66000000003,C,42988,50.79,3.29,246.62,,49.06,42.84,421.39,219.7188636,7.057,438760.62,425989.04,429898.20999999996,2012,1,4,2
30,2012-02-03,0,434080.74,C,42988,55.83,3.36,843.22,2.82,64.81,192.66,2393.21,219.8118854,7.057,433037.66000000003,490970.95,443963.2625,2012,2,5,2
30,2012-02-10,1,451365.99,C,42988,46.52,3.409,2098.64,4.0,52.55,,1923.82,219.9049073,7.057,434080.74,470921.24,438225.7325,2012,2,6,2
30,2012-02-17,0,435109.11,C,42988,45.03,3.51,95.88,745.13,11.88,,2043.43,220.0651993,7.057,451365.99,417070.51,439311.2525,2012,2,7,2
30,2012-02-24,0,425215.71,C,42988,54.81,3.555,1192.83,557.62,,13.5,1342.2,220.275944,7.057,435109.11,432687.97000000003,438398.375,2012,2,8,2
30,2012-03-02,0,438640.61,C,42988,59.3,3.63,1080.76,0.02,1.39,63.5,1031.3,220.4866886,7.057,425215.71,443334.71,436442.88749999995,2012,3,9,2
30,2012-03-09,0,446617.89,C,42988,57.16,3.669,639.83,,0.49,144.18,3286.61,220.6974332,7.057,438640.61,438529.81,437582.855,2012,3,10,2
30,2012-03-16,0,413617.45,C,42988,63.39,3.734,301.14,,,,2536.55,220.8498468,7.057,446617.89,425470.83999999997,436395.82999999996,2012,3,11,2
30,2012-03-23,0,430222.97000000003,C,42988,62.96,3.787,349.9,0.5,0.34,,2099.05,220.9244858,7.057,413617.45,431754.01,431022.91500000004,2012,3,12,2
30,2012-03-30,0,449603.91,C,42988,67.87,3.845,380.37,0.5,,,1080.75,220.9991248,7.057,430222.97000000003,437926.79,432274.73000000004,2012,3,13,2
30,2012-04-06,0,461511.92,C,42988,69.02,3.891,21.39,,4.09,,2364.16,221.0737638,6.891,449603.91,443889.5,435015.555,2012,4,14,2
30,2012-04-13,0,428784.7,C,42988,69.03,3.891,48.96,856.15,12.0,,699.85,221.1484028,6.891,461511.92,426666.92,438739.0625,2012,4,15,2
30,2012-04-20,0,462909.41,C,42988,66.97,3.877,72.85,692.6,0.7,,369.74,221.2021074,6.891,428784.7,445358.73,442530.875,2012,4,16,2
30,2012-04-27,0,433744.83,C,42988,69.21,3.814,60.07,,3.21,,1112.14,221.255812,6.891,462909.41,423687.2,450702.485,2012,4,17,2
31,2011-02-04,0,1443206.46,A,203750,36.33,2.989,,,,,,212.2240646,8.028,1254955.68,1469252.05,1315459.9975,2011,2,5,0
31,2011-02-11,1,1539230.32,A,203750,34.61,3.022,,,,,,212.5928624,8.028,1443206.46,1543947.23,1348264.895,2011,2,6,0
31,2011-02-18,0,1539063.91,A,203750,59.87,3.045,,,,,,212.9033115,8.028,1539230.32,1473386.75,1395389.8975,2011,2,7,0
31,2011-02-25,0,1365678.22,A,203750,61.27,3.065,,,,,,213.190421,8.028,1539063.91,1344354.41,1444114.0925,2011,2,8,0
31,2011-03-04,0,1412721.18,A,203750,59.52,3.288,,,,,,213.4775305,8.028,1365678.22,1384870.51,1471794.7274999998,2011,3,9,0
31,2011-03-11,0,1405572.93,A,203750,54.69,3.459,,,,,,213.7646401,8.028,1412721.18,1366193.35,1464173.4074999997,2011,3,10,0
31,2011-03-18,0,1425559.02,A,203750,63.26,3.488,,,,,,214.0156238,8.028,1405572.93,1332261.01,1430759.06,2011,3,11,0
31,2011-03-25,0,1357036.1,A,203750,70.33,3.473,,,,,,214.2521573,8.028,1425559.02,1229635.7,1402382.8375,2011,3,12,0
31,2011-04-01,0,1344890.73,A,203750,56.36,3.524,,,,,,214.4886908,7.931,1357036.1,1357600.68,1400222.3075,2011,4,13,0
31,2011-04-08,0,1416790.17,A,203750,68.62,3.622,,,,,,214.7252242,7.931,1344890.73,1395710.09,1383264.695,2011,4,14,0
31,2011-04-15,0,1408464.08,A,203750,71.01,3.743,,,,,,214.9420631,7.931,1416790.17,1367448.28,1386069.0050000001,2011,4,15,0
31,2011-04-22,0,1461393.91,A,203750,70.79,3.807,,,,,,215.1096657,7.931,1408464.08,1280465.8,1381795.27,2011,4,16,0
31,2011-04-29,0,1331137.96,A,203750,70.19,3.81,,,,,,215.2772683,7.931,1461393.91,1243200.24,1407884.7225000001,2011,4,17,0
31,2011-05-06,0,1388755.6099999999,A,203750,61.87,3.906,,,,,,215.4448709,7.931,1331137.96,1381796.8,1404446.5299999998,2011,5,18,0
31,2011-05-13,0,1408118.22,A,203750,75.04,3.899,,,,,,215.6124735,7.931,1388755.6099999999,1287288.59,1397437.89,2011,5,19,0
31,2011-05-20,0,1387365.19,A,203750,68.36,3.907,,,,,,215.3834778,7.931,1408118.22,1337405.5999999999,1397351.4249999998,2011,5,20,0
31,2011-05-27,0,1342273.64,A,203750,76.86,3.786,,,,,,215.1544822,7.931,1387365.19,1309437.17,1378844.2449999999,2011,5,21,0
31,2011-06-03,0,1430348.1,A,203750,83.82,3.699,,,,,,214.9254865,7.931,1342273.64,1427624.5,1381628.165,2011,6,22,0
31,2011-06-10,0,1425299.37,A,203750,84.71,3.648,,,,,,214.6964908,7.931,1430348.1,1377092.33,1392026.2875,2011,6,23,0
31,2011-06-17,0,1491039.14,A,203750,87.54,3.637,,,,,,214.6513538,7.931,1425299.37,1368090.08,1396321.5750000002,2011,6,24,0
31,2011-06-24,0,1375962.46,A,203750,85.72,3.594,,,,,,214.7441108,7.931,1491039.14,1303523.73,1422240.0625,2011,6,25,0
31,2011-07-01,0,1371889.27,A,203750,87.57,3.524,,,,,,214.8368678,7.852,1375962.46,1311704.92,1430662.2675,2011,7,26,0
31,2011-07-08,0,1423144.47,A,203750,89.16,3.48,,,,,,214.9296249,7.852,1371889.27,1315118.4,1416047.56,2011,7,27,0
31,2011-07-15,0,1415473.91,A,203750,91.05,3.575,,,,,,215.0134426,7.852,1423144.47,1335433.72,1415508.835,2011,7,28,0
31,2011-07-22,0,1401944.8,A,203750,90.27,3.651,,,,,,215.0749122,7.852,1415473.91,1276031.84,1396617.5274999999,2011,7,29,0
31,2011-07-29,0,1308122.15,A,203750,91.56,3.682,,,,,,215.1363819,7.852,1401944.8,1231993.14,1403113.1124999998,2011,7,30,0
31,2011-08-05,0,1428993.33,A,203750,94.22,3.684,,,,,,215.1978515,7.852,1308122.15,1352401.08,1387171.3325,2011,8,31,0
31,2011-08-12,0,1443311.49,A,203750,92.32,3.638,,,,,,215.2593211,7.852,1428993.33,1327719.34,1388633.5474999999,2011,8,32,0
31,2011-08-19,0,1487542.53,A,203750,90.11,3.554,,,,,,215.3229307,7.852,1443311.49,1376571.21,1395592.9425,2011,8,33,0
31,2011-08-26,0,1417267.07,A,203750,92.07,3.523,,,,,,215.386897,7.852,1487542.53,1326621.98,1416992.375,2011,8,34,0
31,2011-09-02,0,1385769.03,A,203750,91.94,3.533,,,,,,215.4508632,7.852,1417267.07,1302047.48,1444278.605,2011,9,35,0
31,2011-09-09,1,1376670.27,A,203750,78.87,3.546,,,,,,215.5148295,7.852,1385769.03,1308179.02,1433472.5299999998,2011,9,36,0
31,2011-09-16,0,1363460.86,A,203750,80.62,3.526,,,,,,215.6944378,7.852,1376670.27,1294105.01,1416812.225,2011,9,37,0
31,2011-09-23,0,1347607.74,A,203750,75.68,3.467,,,,,,216.0282356,7.852,1363460.86,1230250.25,1385791.8075,2011,9,38,0
31,2011-09-30,0,1285534.74,A,203750,78.91,3.355,,,,,,216.3620333,7.852,1347607.74,1213981.6400000001,1368376.975,2011,9,39,0
31,2011-10-07,0,1427383.24,A,203750,71.64,3.285,,,,,,216.6958311,7.441,1285534.74,1300131.68,1343318.4025,2011,10,40,0
31,2011-10-14,0,1378340.18,A,203750,69.79,3.274,,,,,,217.0048261,7.441,1427383.24,1265852.43,1355996.645,2011,10,41,0
31,2011-10-21,0,1409310.4,A,203750,65.16,3.353,,,,,,217.1650042,7.441,1378340.18,1262289.29,1359716.4749999999,2011,10,42,0
31,2011-10-28,0,1346862.72,A,203750,65.46,3.372,,,,,,217.3251824,7.441,1409310.4,1257921.28,1375142.14,2011,10,43,0
31,2011-11-04,0,1426405.46,A,203750,56.01,3.332,,,,,,217.4853605,7.441,1346862.72,1324455.72,1390474.1349999998,2011,11,44,0
31,2011-11-11,0,1444783.6400000001,A,203750,59.8,3.297,25879.08,8716.86,163.33,3983.24,7898.07,217.6455387,7.441,1426405.46,1352780.76,1390229.69,2011,11,45,0
31,2011-11-18,0,1445174.79,A,203750,61.9,3.308,6756.03,591.76,71.38,462.18,12533.58,217.8670218,7.441,1444783.6400000001,1359158.57,1406840.5550000002,2011,11,46,0
31,2011-11-25,1,1934099.65,A,203750,56.43,3.236,403.7,92.35,40307.29,95.5,492.36,218.1130269,7.441,1445174.79,1858856.06,1415806.6524999999,2011,11,47,0
31,2011-12-02,0,1388809.43,A,203750,48.72,3.172,5425.3,96.94,1100.35,2779.95,24475.38,218.3590319,7.441,1934099.65,1338716.37,1562615.885,2011,12,48,0
31,2011-12-09,0,1556798.94,A,203750,41.44,3.158,2876.83,11.87,471.16,1915.49,11604.37,218.605037,7.441,1388809.43,1475685.1,1553216.8775,2011,12,49,0
31,2011-12-16,0,1611196.61,A,203750,50.56,3.159,1263.97,47.0,477.99,566.44,5199.2,218.8217928,7.441,1556798.94,1714667.0,1581220.7025,2011,12,50,0
31,2011-12-23,0,2026176.14,A,203750,46.54,3.112,2240.27,18.26,974.28,86.0,6207.39,218.9995495,7.441,1611196.61,2068942.97,1622726.1574999997,2011,12,51,0
31,2011-12-30,1,1355405.95,A,203750,45.16,3.129,6123.19,24716.69,114.74,845.42,3413.9,219.1773063,7.441,2026176.14,1198071.6,1645745.28,2011,12,52,0
31,2012-01-06,0,1401232.52,A,203750,48.1,3.157,6105.78,25953.41,91.69,1254.6,6256.02,219.355063,7.057,1355405.95,1311986.87,1637394.4100000001,2012,1,1,0
31,2012-01-13,0,1377485.12,A,203750,45.0,3.261,4371.53,14136.14,54.52,719.85,3942.03,219.5328198,7.057,1401232.52,1350730.31,1598502.805,2012,1,2,0
31,2012-01-20,0,1372504.9,A,203750,52.21,3.268,3918.1,2626.22,74.41,167.56,3302.94,219.6258417,7.057,1377485.12,1344167.13,1540074.9324999999,2012,1,3,0
31,2012-01-27,0,1259941.48,A,203750,50.79,3.29,2391.52,1189.61,50.82,313.76,4791.34,219.7188636,7.057,1372504.9,1254955.68,1376657.1225,2012,1,4,0
31,2012-02-03,0,1391479.9100000001,A,203750,55.83,3.36,60394.73,2578.65,128.54,33529.14,7737.46,219.8118854,7.057,1259941.48,1443206.46,1352791.005,2012,2,5,0
31,2012-02-10,1,1527688.58,A,203750,46.52,3.409,16946.96,3789.56,83.24,11187.79,8316.25,219.9049073,7.057,1391479.9100000001,1539230.32,1350352.8525,2012,2,6,0
31,2012-02-17,0,1570813.52,A,203750,45.03,3.51,13158.2,6689.78,10.34,6529.43,7435.73,220.0651993,7.057,1527688.58,1539063.91,1387903.7175,2012,2,7,0
31,2012-02-24,0,1392543.37,A,203750,54.81,3.555,12329.67,4657.57,5.3,1538.63,5781.58,220.275944,7.057,1570813.52,1365678.22,1437480.8725,2012,2,8,0
31,2012-03-02,0,1427881.22,A,203750,59.3,3.63,21236.34,1039.56,26.38,11668.85,7948.31,220.4866886,7.057,1392543.37,1412721.18,1470631.345,2012,3,9,0
31,2012-03-09,0,1439034.86,A,203750,57.16,3.669,6284.13,768.91,2.69,1051.13,8527.38,220.6974332,7.057,1427881.22,1405572.93,1479731.6725,2012,3,10,0
31,2012-03-16,0,1481728.1300000001,A,203750,63.39,3.734,6738.65,801.74,8.13,2047.38,7905.67,220.8498468,7.057,1439034.86,1425559.02,1457568.2425,2012,3,11,0
31,2012-03-23,0,1365824.97,A,203750,62.96,3.787,4783.0,70.51,2.38,837.58,6900.79,220.9244858,7.057,1481728.1300000001,1357036.1,1435296.895,2012,3,12,0
31,2012-03-30,0,1318854.22,A,203750,67.87,3.845,9546.49,584.62,-1.0,1334.23,3691.1,220.9991248,7.057,1365824.97,1344890.73,1428617.295,2012,3,13,0
31,2012-04-06,0,1496169.81,A,203750,69.02,3.891,12625.17,399.0,21.86,3623.01,16629.1,221.0737638,6.891,1318854.22,1416790.17,1401360.5450000002,2012,4,14,0
31,2012-04-13,0,1407842.91,A,203750,69.03,3.891,6352.11,4720.65,13.89,1482.03,3076.8,221.1484028,6.891,1496169.81,1408464.08,1415644.2825,2012,4,15,0
31,2012-04-20,0,1407036.59,A,203750,66.97,3.877,8373.31,645.86,16.05,311.94,7709.86,221.2021074,6.891,1407842.91,1461393.91,1397172.9775,2012,4,16,0
31,2012-04-27,0,1311352.25,A,203750,69.21,3.814,2973.44,-0.91,10.16,542.5,9196.82,221.255812,6.891,1407036.59,1331137.96,1407475.8824999998,2012,4,17,0
32,2011-02-04,0,1070457.8,A,203007,15.47,3.011,,,,,,191.7625895,8.818,1006814.85,1087616.19,1039946.61,2011,2,5,0
32,2011-02-11,1,1124357.2,A,203007,18.51,3.037,,,,,,191.8572881,8.818,1070457.8,1123566.1199999999,1045957.0175,2011,2,6,0
32,2011-02-18,0,1183528.58,A,203007,42.09,3.051,,,,,,191.9178331,8.818,1124357.2,1082559.06,1069994.69,2011,2,7,0
32,2011-02-25,0,1054754.67,A,203007,33.0,3.101,,,,,,191.9647167,8.818,1183528.58,1053247.1,1096289.6075,2011,2,8,0
32,2011-03-04,0,1106847.62,A,203007,39.17,3.232,,,,,,192.0116004,8.818,1054754.67,1066566.74,1108274.5625,2011,3,9,0
32,2011-03-11,0,1101458.21,A,203007,36.51,3.372,,,,,,192.058484,8.818,1106847.62,1093319.3699999999,1117372.0175,2011,3,10,0
32,2011-03-18,0,1100765.5,A,203007,45.25,3.406,,,,,,192.1237981,8.818,1101458.21,1059781.78,1111647.27,2011,3,11,0
32,2011-03-25,0,1068719.22,A,203007,46.7,3.414,,,,,,192.1964844,8.818,1100765.5,1076021.58,1090956.5,2011,3,12,0
32,2011-04-01,0,1051121.02,A,203007,44.83,3.461,,,,,,192.2691707,8.595,1068719.22,1131732.94,1094447.6375,2011,4,13,0
32,2011-04-08,0,1102975.59,A,203007,48.81,3.532,,,,,,192.3418571,8.595,1051121.02,1095889.22,1080515.9874999998,2011,4,14,0
32,2011-04-15,0,1120508.1400000001,A,203007,45.97,3.611,,,,,,192.4225954,8.595,1102975.59,1082763.27,1080895.3325,2011,4,15,0
32,2011-04-22,0,1210602.91,A,203007,48.69,3.636,,,,,,192.5234638,8.595,1120508.1400000001,1072474.8,1085830.9925,2011,4,16,0
32,2011-04-29,0,1107494.55,A,203007,44.86,3.663,,,,,,192.6243322,8.595,1210602.91,1066792.63,1121301.915,2011,4,17,0
32,2011-05-06,0,1181793.55,A,203007,46.65,3.735,,,,,,192.7252006,8.595,1107494.55,1133657.58,1135395.2975,2011,5,18,0
32,2011-05-13,0,1138162.76,A,203007,56.09,3.767,,,,,,192.826069,8.595,1181793.55,1079314.52,1155099.7875,2011,5,19,0
32,2011-05-20,0,1145084.76,A,203007,45.71,3.828,,,,,,192.831317,8.595,1138162.76,1143819.35,1159513.4425,2011,5,20,0
32,2011-05-27,0,1175447.49,A,203007,55.13,3.795,,,,,,192.8365651,8.595,1145084.76,1205662.85,1143133.905,2011,5,21,0
32,2011-06-03,0,1167757.0,A,203007,61.25,3.763,,,,,,192.8418131,8.595,1175447.49,1149234.96,1160122.1400000001,2011,6,22,0
32,2011-06-10,0,1239741.34,A,203007,65.49,3.735,,,,,,192.8470612,8.595,1167757.0,1192074.09,1156613.0025,2011,6,23,0
32,2011-06-17,0,1192031.38,A,203007,67.38,3.697,,,,,,192.9034759,8.595,1239741.34,1150191.72,1182007.6475,2011,6,24,0
32,2011-06-24,0,1163869.52,A,203007,65.06,3.661,,,,,,192.9982655,8.595,1192031.38,1124763.74,1193744.3025,2011,6,25,0
32,2011-07-01,0,1199845.29,A,203007,72.86,3.597,,,,,,193.0930552,8.622,1163869.52,1187988.64,1190849.81,2011,7,26,0
32,2011-07-08,0,1110244.52,A,203007,72.56,3.54,,,,,,193.1878448,8.622,1199845.29,1077253.67,1198871.8824999998,2011,7,27,0
32,2011-07-15,0,1144254.26,A,203007,70.55,3.532,,,,,,193.3125484,8.622,1110244.52,1120172.24,1166497.6775,2011,7,28,0
32,2011-07-22,0,1185674.48,A,203007,76.0,3.545,,,,,,193.5120367,8.622,1144254.26,1109574.11,1154553.3975,2011,7,29,0
32,2011-07-29,0,1169988.62,A,203007,75.91,3.547,,,,,,193.711525,8.622,1185674.48,1065350.56,1160004.6375,2011,7,30,0
32,2011-08-05,0,1201694.1400000001,A,203007,74.83,3.554,,,,,,193.9110133,8.622,1169988.62,1144552.09,1152540.47,2011,8,31,0
32,2011-08-12,0,1206795.74,A,203007,74.2,3.542,,,,,,194.1105017,8.622,1201694.1400000001,1157975.68,1175402.875,2011,8,32,0
32,2011-08-19,0,1221318.17,A,203007,73.72,3.499,,,,,,194.2500634,8.622,1206795.74,1189887.8599999999,1191038.245,2011,8,33,0
32,2011-08-26,0,1183740.91,A,203007,75.64,3.485,,,,,,194.3796374,8.622,1221318.17,1140501.03,1199949.1675,2011,8,34,0
32,2011-09-02,0,1152117.5,A,203007,74.6,3.511,,,,,,194.5092113,8.622,1183740.91,1095932.51,1203387.24,2011,9,35,0
32,2011-09-09,1,1128237.3,A,203007,61.24,3.566,,,,,,194.6387853,8.622,1152117.5,1028635.39,1190993.08,2011,9,36,0
32,2011-09-16,0,1142499.25,A,203007,60.88,3.596,,,,,,194.7419707,8.622,1128237.3,1043962.36,1171353.47,2011,9,37,0
32,2011-09-23,0,1116140.29,A,203007,58.66,3.581,,,,,,194.8099713,8.622,1142499.25,1067432.1,1151648.74,2011,9,38,0
32,2011-09-30,0,1088943.98,A,203007,65.04,3.538,,,,,,194.8779718,8.622,1116140.29,1061089.56,1134748.585,2011,9,39,0
32,2011-10-07,0,1149448.02,A,203007,62.62,3.498,,,,,,194.9459724,8.513,1088943.98,1085483.44,1118955.205,2011,10,40,0
32,2011-10-14,0,1175420.26,A,203007,50.15,3.491,,,,,,195.0261012,8.513,1149448.02,1096692.88,1124257.885,2011,10,41,0
32,2011-10-21,0,1151258.74,A,203007,48.87,3.548,,,,,,195.1789994,8.513,1175420.26,1102185.0,1132488.1375,2011,10,42,0
32,2011-10-28,0,1185391.96,A,203007,42.76,3.55,,,,,,195.3318977,8.513,1151258.74,1115138.51,1141267.75,2011,10,43,0
32,2011-11-04,0,1204628.28,A,203007,37.95,3.527,,,,,,195.4847959,8.513,1185391.96,1063056.21,1165379.745,2011,11,44,0
32,2011-11-11,0,1182733.0,A,203007,38.1,3.505,21104.84,7842.47,47.56,3908.03,4246.86,195.6376941,8.513,1204628.28,1141019.1099999999,1179174.81,2011,11,45,0
32,2011-11-18,0,1181651.55,A,203007,42.61,3.479,4971.23,662.96,48.08,556.43,6452.61,195.7184713,8.513,1182733.0,1150729.89,1181002.995,2011,11,46,0
32,2011-11-25,1,1684468.66,A,203007,40.22,3.424,292.46,443.76,71845.76,9.0,1787.07,195.7704,8.513,1181651.55,1634635.8599999999,1188601.1975,2011,11,47,0
32,2011-12-02,0,1179773.88,A,203007,33.8,3.378,5261.51,65.0,1075.86,4742.55,25961.21,195.8223287,8.513,1684468.66,1200892.56,1313370.3725,2011,12,48,0
32,2011-12-09,0,1415746.91,A,203007,17.94,3.331,6397.72,63.0,303.02,2813.68,9856.66,195.8742575,8.513,1179773.88,1377322.73,1307156.7725,2011,12,49,0
32,2011-12-16,0,1556017.91,A,203007,26.23,3.266,5519.01,79.0,572.44,493.58,4074.52,195.9841685,8.513,1415746.91,1557776.1,1365410.25,2011,12,50,0
32,2011-12-23,0,1959526.96,A,203007,25.97,3.173,1211.62,10.3,1255.26,33.0,4932.34,196.1713893,8.513,1556017.91,1949183.14,1459001.8399999999,2011,12,51,0
32,2011-12-30,1,1102367.65,A,203007,32.99,3.119,5886.08,51732.49,211.5,1183.24,3017.63,196.3586101,8.513,1959526.96,955463.84,1527766.4149999998,2011,12,52,0
32,2012-01-06,0,1099937.25,A,203007,36.75,3.095,4323.27,33209.84,208.29,1848.9,6197.53,196.5458309,8.256,1102367.65,1046416.17,1508414.8575,2012,1,1,0
32,2012-01-13,0,1071598.36,A,203007,28.99,3.077,2682.32,14928.54,211.06,1049.44,3137.59,196.7330517,8.256,1099937.25,1028206.51,1429462.4425,2012,1,2,0
32,2012-01-20,0,1080012.04,A,203007,36.86,3.055,1856.91,6229.68,214.77,887.78,5684.68,196.7796652,8.256,1071598.36,1078348.91,1308357.5550000002,2012,1,3,0
32,2012-01-27,0,1051864.6,A,203007,36.67,3.038,1212.68,2986.04,177.27,69.87,2324.48,196.8262786,8.256,1080012.04,1006814.85,1088478.8250000002,2012,1,4,0
32,2012-02-03,0,1156826.31,A,203007,35.89,3.031,31506.24,4740.74,306.03,42702.46,7920.93,196.8728921,8.256,1051864.6,1070457.8,1075853.0625,2012,2,5,0
32,2012-02-10,1,1129422.86,A,203007,23.34,3.103,19784.57,9309.88,225.85,29483.81,5473.82,196.9195056,8.256,1156826.31,1124357.2,1090075.3275000001,2012,2,6,0
32,2012-02-17,0,1243812.59,A,203007,24.26,3.113,9434.94,12371.88,39.2,5880.54,7373.13,196.9432711,8.256,1129422.86,1183528.58,1104531.4525000001,2012,2,7,0
32,2012-02-24,0,1091822.72,A,203007,33.41,3.129,18765.64,7738.97,7.6,8914.56,6028.36,196.9499007,8.256,1243812.59,1054754.67,1145481.59,2012,2,8,0
32,2012-03-02,0,1153332.89,A,203007,33.4,3.191,11929.81,4330.7,10.1,14296.7,2785.63,196.9565303,8.256,1091822.72,1106847.62,1155471.12,2012,3,9,0
32,2012-03-09,0,1124537.97,A,203007,39.9,3.286,16322.3,1206.5,4.97,17697.9,4305.36,196.9631599,8.256,1153332.89,1101458.21,1154597.7650000001,2012,3,10,0
32,2012-03-16,0,1138101.18,A,203007,51.51,3.486,4050.92,207.8,1.19,72.65,1741.07,197.0457208,8.256,1124537.97,1100765.5,1153376.5425,2012,3,11,0
32,2012-03-23,0,1146632.46,A,203007,47.64,3.664,6403.49,147.83,4.54,3324.67,3312.99,197.2295234,8.256,1138101.18,1068719.22,1126948.69,2012,3,12,0
32,2012-03-30,0,1108686.87,A,203007,56.09,3.75,10428.62,144.83,7.84,1505.63,3306.98,197.4133259,8.256,1146632.46,1051121.02,1140651.125,2012,3,13,0
32,2012-04-06,0,1270577.01,A,203007,51.49,3.854,9335.48,,33.85,2211.09,4133.57,197.5971285,8.09,1108686.87,1102975.59,1129489.62,2012,4,14,0
32,2012-04-13,0,1171834.47,A,203007,52.1,3.901,5599.64,5969.12,25.75,1440.58,4523.31,197.780931,8.09,1270577.01,1120508.1400000001,1165999.3800000001,2012,4,15,0
32,2012-04-20,0,1121405.91,A,203007,49.15,3.936,7666.76,2726.52,30.46,1330.36,2578.3,197.7227385,8.09,1171834.47,1210602.91,1174432.7025000001,2012,4,16,0
32,2012-04-27,0,1126962.44,A,203007,61.76,3.927,4162.67,126.71,45.62,382.41,2146.94,197.664546,8.09,1121405.91,1107494.55,1168126.065,2012,4,17,0
33,2011-02-04,0,234218.03,A,39690,49.26,3.348,,,,,,127.7195806,8.951,231155.9,274593.43,244872.22749999998,2011,2,5,0
33,2011-02-11,1,276198.74,A,39690,53.35,3.381,,,,,,127.859129,8.951,234218.03,294882.83,242439.53,2011,2,6,0
33,2011-02-18,0,252349.6,A,39690,62.03,3.43,,,,,,127.99525,8.951,276198.74,296850.83,246607.2775,2011,2,7,0
33,2011-02-25,0,242901.21,A,39690,54.89,3.398,,,,,,128.13,8.951,252349.6,284052.77,248480.56749999998,2011,2,8,0
33,2011-03-04,0,245435.80000000002,A,39690,59.51,3.674,,,,,,128.26475,8.951,242901.21,291484.89,251416.89500000002,2011,3,9,0
33,2011-03-11,0,270921.44,A,39690,66.51,3.63,,,,,,128.3995,8.951,245435.80000000002,312161.0,254221.3375,2011,3,10,0
33,2011-03-18,0,247234.47,A,39690,72.72,3.892,,,,,,128.5121935,8.951,270921.44,282235.73,252902.0125,2011,3,11,0
33,2011-03-25,0,238084.08,A,39690,63.34,3.716,,,,,,128.6160645,8.951,247234.47,262893.76,251623.23,2011,3,12,0
33,2011-04-01,0,232769.09,A,39690,71.41,3.772,,,,,,128.7199355,8.687,238084.08,274634.52,250418.9475,2011,4,13,0
33,2011-04-08,0,271924.73,A,39690,75.11,3.818,,,,,,128.8238065,8.687,232769.09,325201.05,247252.27000000002,2011,4,14,0
33,2011-04-15,0,275749.56,A,39690,64.64,4.089,,,,,,128.9107333,8.687,271924.73,307779.64,247503.0925,2011,4,15,0
33,2011-04-22,0,248603.3,A,39690,79.46,3.917,,,,,,128.9553,8.687,275749.56,263263.02,254631.865,2011,4,16,0
33,2011-04-29,0,248561.86,A,39690,77.44,4.151,,,,,,128.9998667,8.687,248603.3,275883.23,257261.66999999998,2011,4,17,0
33,2011-05-06,0,257031.19,A,39690,77.92,4.193,,,,,,129.0444333,8.687,248561.86,326870.13,261209.8625,2011,5,18,0
33,2011-05-13,0,279466.87,A,39690,78.24,4.202,,,,,,129.089,8.687,257031.19,331173.51,257486.47749999998,2011,5,19,0
33,2011-05-20,0,239206.26,A,39690,76.07,3.99,,,,,,129.0756774,8.687,279466.87,294264.2,258415.805,2011,5,20,0
33,2011-05-27,0,239431.85,A,39690,82.32,3.933,,,,,,129.0623548,8.687,239206.26,279246.33,256066.54499999998,2011,5,21,0
33,2011-06-03,0,243477.03,A,39690,82.93,3.893,,,,,,129.0490323,8.687,239431.85,285100.0,253784.0425,2011,6,22,0
33,2011-06-10,0,258427.38999999998,A,39690,87.02,3.981,,,,,,129.0357097,8.687,243477.03,310800.79,250395.5025,2011,6,23,0
33,2011-06-17,0,238172.66,A,39690,91.11,3.935,,,,,,129.0432,8.687,258427.38999999998,272399.08,245135.6325,2011,6,24,0
33,2011-06-24,0,238433.53,A,39690,94.11,3.807,,,,,,129.0663,8.687,238172.66,259419.91,244877.2325,2011,6,25,0
33,2011-07-01,0,226702.36000000002,A,39690,98.43,3.842,,,,,,129.0894,8.442,238433.53,267495.76,244627.6525,2011,7,26,0
33,2011-07-08,0,262717.71,A,39690,96.44,3.793,,,,,,129.1125,8.442,226702.36000000002,302423.93,240433.98500000002,2011,7,27,0
33,2011-07-15,0,265003.47,A,39690,92.83,3.779,,,,,,129.1338387,8.442,262717.71,280937.84,241506.565,2011,7,28,0
33,2011-07-22,0,238915.05000000002,A,39690,97.17,3.697,,,,,,129.1507742,8.442,265003.47,252734.31,248214.26750000002,2011,7,29,0
33,2011-07-29,0,224806.96,A,39690,95.28,3.694,,,,,,129.1677097,8.442,238915.05000000002,242047.03,248334.6475,2011,7,30,0
33,2011-08-05,0,242456.39,A,39690,96.93,3.803,,,,,,129.1846452,8.442,224806.96,262789.95,247860.7975,2011,8,31,0
33,2011-08-12,0,274721.85,A,39690,96.0,3.794,,,,,,129.2015806,8.442,242456.39,265367.51,242795.46750000003,2011,8,32,0
33,2011-08-19,0,242771.37,A,39690,95.89,3.743,,,,,,129.2405806,8.442,274721.85,230519.49,245225.0625,2011,8,33,0
33,2011-08-26,0,237095.82,A,39690,99.66,3.663,,,,,,129.2832581,8.442,242771.37,224031.19,246189.14250000002,2011,8,34,0
33,2011-09-02,0,239198.36,A,39690,99.2,3.798,,,,,,129.3259355,8.442,237095.82,237405.82,249261.3575,2011,9,35,0
33,2011-09-09,1,281842.27999999997,A,39690,96.22,3.771,,,,,,129.3686129,8.442,239198.36,272834.88,248446.85,2011,9,36,0
33,2011-09-16,0,262407.57,A,39690,85.79,3.784,,,,,,129.4306,8.442,281842.27999999997,246277.18,250226.95750000002,2011,9,37,0
33,2011-09-23,0,234793.12,A,39690,88.93,3.789,,,,,,129.5183333,8.442,262407.57,231976.84,255136.00749999998,2011,9,38,0
33,2011-09-30,0,229731.98,A,39690,89.1,3.877,,,,,,129.6060667,8.442,234793.12,224294.39,254560.3325,2011,9,39,0
33,2011-10-07,0,262159.13,A,39690,81.16,3.827,,,,,,129.6938,8.01,229731.98,266484.19,252193.7375,2011,10,40,0
33,2011-10-14,0,272487.33,A,39690,76.49,3.698,,,,,,129.7706452,8.01,262159.13,251732.91999999998,247272.94999999998,2011,10,41,0
33,2011-10-21,0,233543.08000000002,A,39690,81.74,3.842,,,,,,129.7821613,8.01,272487.33,234175.92,249792.89,2011,10,42,0
33,2011-10-28,0,231319.96,A,39690,76.73,3.843,,,,,,129.7936774,8.01,233543.08000000002,213538.32,249480.38,2011,10,43,0
33,2011-11-04,0,236157.12,A,39690,71.91,3.828,,,,,,129.8051935,8.01,231319.96,246124.61,249877.375,2011,11,44,0
33,2011-11-11,0,271961.04,A,39690,58.75,3.677,105.63,126.28,5.06,,27754.23,129.8167097,8.01,236157.12,272803.94,243376.8725,2011,11,45,0
33,2011-11-18,0,251294.5,A,39690,63.35,3.669,86.59,6.0,,,3220.86,129.8268333,8.01,271961.04,224639.76,243245.3,2011,11,46,0
33,2011-11-25,1,255996.47,A,39690,62.35,3.76,11.94,6.0,,,1641.91,129.8364,8.01,251294.5,240044.57,247683.155,2011,11,47,0
33,2011-12-02,0,220060.35,A,39690,59.12,3.701,0.5,,4.0,,1280.77,129.8459667,8.01,255996.47,209986.25,253852.2825,2011,12,48,0
33,2011-12-09,0,270373.05,A,39690,47.7,3.644,9.88,,6.93,,1580.88,129.8555333,8.01,220060.35,253050.1,249828.09000000003,2011,12,49,0
33,2011-12-16,0,259638.35,A,39690,53.18,3.489,258.31,,3.67,,1065.06,129.8980645,8.01,270373.05,238875.26,249431.0925,2011,12,50,0
33,2011-12-23,0,256235.19,A,39690,53.39,3.541,123.82,,2.78,,950.77,129.9845484,8.01,259638.35,249246.8,251517.055,2011,12,51,0
33,2011-12-30,1,215359.21,A,39690,51.6,3.428,384.37,1919.79,4.95,25.2,556.38,130.0710323,8.01,256235.19,219804.85,251576.73500000002,2011,12,52,0
33,2012-01-06,0,267058.08,A,39690,60.92,3.443,42.92,1279.42,2.55,,246.46,130.1575161,7.603,215359.21,243948.82,250401.45,2012,1,1,0
33,2012-01-13,0,279447.22000000003,A,39690,54.61,3.477,370.06,70.73,7.02,,671.89,130.244,7.603,267058.08,259527.75,249572.70750000002,2012,1,2,0
33,2012-01-20,0,244899.19999999998,A,39690,55.99,3.66,234.48,61.51,3.64,,317.59,130.2792258,7.603,279447.22000000003,244856.44,254524.92500000002,2012,1,3,0
33,2012-01-27,0,236920.49,A,39690,56.33,3.675,12.6,12.47,3.38,,375.54,130.3144516,7.603,244899.19999999998,231155.9,251690.9275,2012,1,4,0
33,2012-02-03,0,256091.32,A,39690,59.53,3.543,653.33,7.4,3.38,,773.27,130.3496774,7.603,236920.49,234218.03,257081.2475,2012,2,5,0
33,2012-02-10,1,282552.58,A,39690,59.94,3.722,1437.28,1.5,4.94,,1244.96,130.3849032,7.603,256091.32,276198.74,254339.5575,2012,2,6,0
33,2012-02-17,0,266300.98,A,39690,57.8,3.781,99.4,262.95,3.9,0.46,1005.65,130.4546207,7.603,282552.58,252349.6,255115.8975,2012,2,7,0
33,2012-02-24,0,242526.7,A,39690,59.41,3.95,577.17,268.61,,2.61,1653.57,130.5502069,7.603,266300.98,242901.21,260466.3425,2012,2,8,0
33,2012-03-02,0,248051.53,A,39690,60.91,3.882,460.73,24.96,,,2045.14,130.6457931,7.603,242526.7,245435.80000000002,261867.89500000002,2012,3,9,0
33,2012-03-09,0,287346.29,A,39690,62.2,3.963,128.45,3.68,0.99,,1640.64,130.7413793,7.603,248051.53,270921.44,259857.94749999998,2012,3,10,0
33,2012-03-16,0,278067.73,A,39690,65.99,4.273,128.46,3.0,,,538.44,130.8261935,7.603,287346.29,247234.47,261056.375,2012,3,11,0
33,2012-03-23,0,246970.97,A,39690,60.82,4.288,,3.68,0.34,,227.12,130.8966452,7.603,278067.73,238084.08,263998.0625,2012,3,12,0
33,2012-03-30,0,251327.67,A,39690,71.34,4.294,215.97,,,,923.99,130.9670968,7.603,246970.97,232769.09,265109.13,2012,3,13,0
33,2012-04-06,0,275911.97000000003,A,39690,70.75,4.282,228.1,,,,321.7,131.0375484,7.396,251327.67,271924.73,265928.16500000004,2012,4,14,0
33,2012-04-13,0,312698.67,A,39690,73.17,4.254,492.15,335.84,,,1369.05,131.108,7.396,275911.97000000003,275749.56,263069.585,2012,4,15,0
33,2012-04-20,0,261837.2,A,39690,72.94,4.111,470.51,119.92,,128.87,284.28,131.1173333,7.396,312698.67,248603.3,271727.32,2012,4,16,0
33,2012-04-27,0,249798.75,A,39690,83.07,4.088,476.96,8.97,,0.87,537.58,131.1266667,7.396,261837.2,248561.86,275443.8775,2012,4,17,0
34,2011-02-04,0,971932.87,A,158114,23.82,2.996,,,,,,127.7195806,10.398,836717.75,956228.96,881750.1025,2011,2,5,0
34,2011-02-11,1,1015654.6,A,158114,28.66,3.033,,,,,,127.859129,10.398,971932.87,994610.99,899571.585,2011,2,6,0
34,2011-02-18,0,1062629.3,A,158114,45.12,3.058,,,,,,127.99525,10.398,1015654.6,983963.07,928832.6525,2011,2,7,0
34,2011-02-25,0,953331.45,A,158114,44.57,3.087,,,,,,128.13,10.398,1062629.3,905756.13,971733.63,2011,2,8,0
34,2011-03-04,0,963910.8099999999,A,158114,46.21,3.305,,,,,,128.26475,10.398,953331.45,918295.79,1000887.0549999999,2011,3,9,0
34,2011-03-11,0,943951.67,A,158114,45.87,3.461,,,,,,128.3995,10.398,963910.8099999999,921247.88,998881.5399999999,2011,3,10,0
34,2011-03-18,0,1014218.8,A,158114,55.58,3.495,,,,,,128.5121935,10.398,943951.67,892070.82,980955.8075000001,2011,3,11,0
34,2011-03-25,0,922898.38,A,158114,53.11,3.48,,,,,,128.6160645,10.398,1014218.8,880742.35,968853.1825,2011,3,12,0
34,2011-04-01,0,884233.67,A,158114,55.46,3.521,,,,,,128.7199355,10.581,922898.38,979428.66,961244.915,2011,4,13,0
34,2011-04-08,0,975479.83,A,158114,58.59,3.605,,,,,,128.8238065,10.581,884233.67,950684.2,941325.6300000001,2011,4,14,0
34,2011-04-15,0,941829.0,A,158114,53.3,3.724,,,,,,128.9107333,10.581,975479.83,923344.54,949207.67,2011,4,15,0
34,2011-04-22,0,1051518.45,A,158114,63.83,3.781,,,,,,128.9553,10.581,941829.0,910240.68,931110.22,2011,4,16,0
34,2011-04-29,0,895973.02,A,158114,57.73,3.781,,,,,,128.9998667,10.581,1051518.45,859922.19,963265.2375,2011,4,17,0
34,2011-05-06,0,965853.58,A,158114,54.4,3.866,,,,,,129.0444333,10.581,895973.02,953495.48,966200.0750000001,2011,5,18,0
34,2011-05-13,0,966232.6900000001,A,158114,63.05,3.872,,,,,,129.089,10.581,965853.58,933924.4400000001,963793.5125000001,2011,5,19,0
34,2011-05-20,0,945018.83,A,158114,61.47,3.881,,,,,,129.0756774,10.581,966232.6900000001,913616.3200000001,969894.435,2011,5,20,0
34,2011-05-27,0,941311.83,A,158114,65.99,3.771,,,,,,129.0623548,10.581,945018.83,942868.38,943269.53,2011,5,21,0
34,2011-06-03,0,947229.24,A,158114,74.64,3.683,,,,,,129.0490323,10.581,941311.83,966187.51,954604.2324999999,2011,6,22,0
34,2011-06-10,0,943912.77,A,158114,74.57,3.64,,,,,,129.0357097,10.581,947229.24,954681.56,949948.1475,2011,6,23,0
34,2011-06-17,0,968258.0900000001,A,158114,76.58,3.618,,,,,,129.0432,10.581,943912.77,941612.04,944368.1675,2011,6,24,0
34,2011-06-24,0,923795.04,A,158114,77.16,3.57,,,,,,129.0663,10.581,968258.0900000001,895800.0700000001,950177.9824999999,2011,6,25,0
34,2011-07-01,0,911106.22,A,158114,81.96,3.504,,,,,,129.0894,10.641,923795.04,919229.36,945798.7849999999,2011,7,26,0
34,2011-07-08,0,926934.5700000001,A,158114,80.84,3.469,,,,,,129.1125,10.641,911106.22,911210.81,936768.03,2011,7,27,0
34,2011-07-15,0,903882.96,A,158114,78.09,3.563,,,,,,129.1338387,10.641,926934.5700000001,930269.79,932523.48,2011,7,28,0
34,2011-07-22,0,913236.62,A,158114,80.75,3.627,,,,,,129.1507742,10.641,903882.96,902050.9500000001,916429.6975,2011,7,29,0
34,2011-07-29,0,851461.9,A,158114,78.04,3.659,,,,,,129.1677097,10.641,913236.62,875976.83,913790.0925,2011,7,30,0
34,2011-08-05,0,942236.45,A,158114,76.71,3.662,,,,,,129.1846452,10.641,851461.9,987435.35,898879.0125,2011,8,31,0
34,2011-08-12,0,956251.18,A,158114,80.23,3.617,,,,,,129.2015806,10.641,942236.45,951208.65,902704.4824999999,2011,8,32,0
34,2011-08-19,0,960418.54,A,158114,77.08,3.55,,,,,,129.2405806,10.641,956251.18,985152.9400000001,915796.5375,2011,8,33,0
34,2011-08-26,0,871404.6,A,158114,77.27,3.523,,,,,,129.2832581,10.641,960418.54,855421.39,927592.0175000001,2011,8,34,0
34,2011-09-02,0,926455.64,A,158114,78.24,3.533,,,,,,129.3259355,10.641,871404.6,964356.74,932577.6924999999,2011,9,35,0
34,2011-09-09,1,930506.14,A,158114,70.05,3.554,,,,,,129.3686129,10.641,926455.64,932240.96,928632.49,2011,9,36,0
34,2011-09-16,0,927249.61,A,158114,64.94,3.532,,,,,,129.4306,10.641,930506.14,885445.47,922196.23,2011,9,37,0
34,2011-09-23,0,902852.73,A,158114,66.23,3.473,,,,,,129.5183333,10.641,927249.61,867539.07,913903.9974999999,2011,9,38,0
34,2011-09-30,0,871847.85,A,158114,69.44,3.371,,,,,,129.6060667,10.641,902852.73,865709.11,921766.0299999999,2011,9,39,0
34,2011-10-07,0,954069.45,A,158114,60.42,3.299,,,,,,129.6938,10.148,871847.85,931710.67,908114.0825,2011,10,40,0
34,2011-10-14,0,911788.79,A,158114,54.72,3.283,,,,,,129.7706452,10.148,954069.45,888703.62,914004.9099999999,2011,10,41,0
34,2011-10-21,0,953693.23,A,158114,58.93,3.361,,,,,,129.7821613,10.148,911788.79,936293.6,910139.7050000001,2011,10,42,0
34,2011-10-28,0,958063.87,A,158114,54.56,3.362,,,,,,129.7936774,10.148,953693.23,926294.02,922849.8300000001,2011,10,43,0
34,2011-11-04,0,992621.9299999999,A,158114,48.04,3.322,,,,,,129.8051935,10.148,958063.87,972292.3099999999,944403.835,2011,11,44,0
34,2011-11-11,0,991570.02,A,158114,41.04,3.286,10860.98,6524.97,65.95,4082.99,4814.43,129.8167097,10.148,992621.9299999999,979730.78,954041.955,2011,11,45,0
34,2011-11-18,0,947552.4400000001,A,158114,46.0,3.294,4673.94,1014.27,132.18,799.24,5734.11,129.8268333,10.148,991570.02,955766.33,973987.2625000001,2011,11,46,0
34,2011-11-25,1,1345595.82,A,158114,45.99,3.225,32.5,317.08,42455.51,6.0,1438.09,129.8364,10.148,947552.4400000001,1309476.68,972452.0650000001,2011,11,47,0
34,2011-12-02,0,988742.08,A,158114,39.75,3.176,4611.57,70.94,1109.59,1307.67,17316.01,129.8459667,10.148,1345595.82,1001512.21,1069335.0525,2011,12,48,0
34,2011-12-09,0,1084243.91,A,158114,24.69,3.153,3131.47,3.0,127.58,479.79,4102.57,129.8555333,10.148,988742.08,1086661.02,1068365.09,2011,12,49,0
34,2011-12-16,0,1151052.86,A,158114,32.31,3.149,824.88,300.0,226.35,573.1,2966.73,129.8980645,10.148,1084243.91,1227148.13,1091533.5625,2011,12,50,0
34,2011-12-23,0,1593655.96,A,158114,32.45,3.103,1200.1,0.18,1108.23,37.22,2109.3,129.9845484,10.148,1151052.86,1620748.25,1142408.6675,2011,12,51,0
34,2011-12-30,1,965512.36,A,158114,28.84,3.119,3312.59,21909.93,210.22,146.1,3299.3,130.0710323,10.148,1593655.96,902109.69,1204423.7025,2011,12,52,0
34,2012-01-06,0,953844.85,A,158114,36.39,3.158,5998.79,18094.69,104.92,351.55,2890.32,130.1575161,9.653,965512.36,900646.9400000001,1198616.2725,2012,1,1,0
34,2012-01-13,0,913755.12,A,158114,33.99,3.263,2514.23,8431.82,48.38,186.59,4699.39,130.244,9.653,953844.85,898610.33,1166016.5075,2012,1,2,0
34,2012-01-20,0,910899.05,A,158114,39.28,3.273,1358.95,3015.89,27.49,255.88,2402.57,130.2792258,9.653,913755.12,891025.39,1106692.0725,2012,1,3,0
34,2012-01-27,0,872450.37,A,158114,39.81,3.29,387.48,1594.36,18.98,13.35,769.52,130.3144516,9.653,910899.05,836717.75,936002.845,2012,1,4,0
34,2012-02-03,0,939367.14,A,158114,38.64,3.354,24118.77,1767.26,91.24,14240.58,3833.23,130.3496774,9.653,872450.37,971932.87,912737.3474999999,2012,2,5,0
34,2012-02-10,1,1047658.0900000001,A,158114,36.7,3.411,16191.24,4394.52,58.87,11972.11,6375.39,130.3849032,9.653,939367.14,1015654.6,909117.92,2012,2,6,0
34,2012-02-17,0,1123446.51,A,158114,37.25,3.493,8386.11,4644.97,16.48,2748.66,6015.47,130.4546207,9.653,1047658.0900000001,1062629.3,942593.6625000001,2012,2,7,0
34,2012-02-24,0,950154.24,A,158114,39.89,3.541,5674.77,3367.59,2.6,1389.89,3919.46,130.5502069,9.653,1123446.51,953331.45,995730.5275,2012,2,8,0
34,2012-03-02,0,990263.7,A,158114,42.74,3.619,9511.41,469.84,2.8,6593.25,4281.12,130.6457931,9.653,950154.24,963910.8099999999,1015156.4950000001,2012,3,9,0
34,2012-03-09,0,976393.43,A,158114,42.7,3.667,6150.33,209.07,,124.83,4638.14,130.7413793,9.653,990263.7,943951.67,1027880.635,2012,3,10,0
34,2012-03-16,0,999298.43,A,158114,48.09,3.707,6104.24,94.31,2.7,479.7,1656.98,130.8261935,9.653,976393.43,1014218.8,1010064.47,2012,3,11,0
34,2012-03-23,0,945143.33,A,158114,47.93,3.759,3662.39,107.42,0.59,941.47,1934.93,130.8966452,9.653,999298.43,922898.38,979027.45,2012,3,12,0
34,2012-03-30,0,938861.77,A,158114,59.29,3.82,7866.57,104.84,5.59,28.76,1979.96,130.9670968,9.653,945143.33,884233.67,977774.7224999999,2012,3,13,0
34,2012-04-06,0,1091020.3699999999,A,158114,54.42,3.864,6570.6,,37.31,2558.69,5479.81,131.0375484,9.575,938861.77,975479.83,964924.24,2012,4,14,0
34,2012-04-13,0,987353.65,A,158114,59.12,3.881,5146.78,3729.58,14.82,799.06,1563.6,131.108,9.575,1091020.3699999999,941829.0,993580.975,2012,4,15,0
34,2012-04-20,0,977628.78,A,158114,55.34,3.864,1397.43,2573.19,18.46,70.76,2761.17,131.1173333,9.575,987353.65,1051518.45,990594.7799999999,2012,4,16,0
34,2012-04-27,0,940299.87,A,158114,66.49,3.81,5573.52,886.23,8.87,338.1,2014.84,131.1266667,9.575,977628.78,895973.02,998716.1425000001,2012,4,17,0
35,2011-02-04,0,747577.0499999999,B,103681,28.7,3.231,,,,,,137.0542431,8.549,633289.78,1230613.5,657538.095,2011,2,5,1
35,2011-02-11,1,859258.17,B,103681,30.45,3.239,,,,,,137.1378318,8.549,747577.0499999999,1168815.31,682109.9199999999,2011,2,6,1
35,2011-02-18,0,865305.88,B,103681,39.32,3.245,,,,,,137.2511849,8.549,859258.17,1270658.64,725006.7675,2011,2,7,1
35,2011-02-25,0,841129.26,B,103681,33.05,3.274,,,,,,137.3764439,8.549,865305.88,1020651.74,776357.72,2011,2,8,1
35,2011-03-04,0,850448.54,B,103681,36.99,3.433,,,,,,137.5017028,8.549,841129.26,1162610.27,828317.59,2011,3,9,1
35,2011-03-11,0,830601.39,B,103681,43.64,3.582,,,,,,137.6269617,8.549,850448.54,1150344.39,854035.4625,2011,3,10,1
35,2011-03-18,0,800662.82,B,103681,46.65,3.631,,,,,,137.7398929,8.549,830601.39,1117536.09,846871.2675000001,2011,3,11,1
35,2011-03-25,0,762184.1,B,103681,40.11,3.625,,,,,,137.8478929,8.549,800662.82,1078900.44,830710.5025000001,2011,3,12,1
35,2011-04-01,0,762620.9400000001,B,103681,37.27,3.638,,,,,,137.9558929,8.512,762184.1,1189556.47,810974.2125,2011,4,13,1
35,2011-04-08,0,813352.41,B,103681,46.87,3.72,,,,,,138.0638929,8.512,762620.9400000001,1198014.97,789017.3125,2011,4,14,1
35,2011-04-15,0,795157.2,B,103681,52.24,3.821,,,,,,138.1646952,8.512,813352.41,1084487.55,784705.0675,2011,4,15,1
35,2011-04-22,0,841778.34,B,103681,50.02,3.892,,,,,,138.2475036,8.512,795157.2,1110827.48,783328.6625,2011,4,16,1
35,2011-04-29,0,811824.06,B,103681,61.71,3.962,,,,,,138.3303119,8.512,841778.34,1096930.65,803227.2224999999,2011,4,17,1
35,2011-05-06,0,835181.18,B,103681,56.48,4.046,,,,,,138.4131202,8.512,811824.06,1182099.88,815528.0025,2011,5,18,1
35,2011-05-13,0,826155.95,B,103681,60.07,4.066,,,,,,138.4959286,8.512,835181.18,1104277.57,820985.195,2011,5,19,1
35,2011-05-20,0,776838.56,B,103681,60.22,4.062,,,,,,138.587106,8.512,826155.95,1078182.18,828734.8825000001,2011,5,20,1
35,2011-05-27,0,850708.6,B,103681,66.43,3.985,,,,,,138.6782834,8.512,776838.56,1223777.48,812499.9375000001,2011,5,21,1
35,2011-06-03,0,955466.84,B,103681,74.17,3.922,,,,,,138.7694608,8.512,850708.6,1282378.71,822221.0725,2011,6,22,1
35,2011-06-10,0,855130.21,B,103681,73.26,3.881,,,,,,138.8606382,8.512,955466.84,1160412.71,852292.4875,2011,6,23,1
35,2011-06-17,0,828594.86,B,103681,67.03,3.842,,,,,,139.0028333,8.512,855130.21,1198025.76,859536.0525,2011,6,24,1
35,2011-06-24,0,849397.5700000001,B,103681,72.02,3.804,,,,,,139.1832917,8.512,828594.86,1230245.74,872475.1275,2011,6,25,1
35,2011-07-01,0,874453.88,B,103681,73.76,3.748,,,,,,139.36375,8.684,849397.5700000001,1245827.08,872147.3700000001,2011,7,26,1
35,2011-07-08,0,827717.85,B,103681,76.87,3.711,,,,,,139.5442083,8.684,874453.88,1268766.76,851894.13,2011,7,27,1
35,2011-07-15,0,813845.5,B,103681,77.83,3.76,,,,,,139.7006325,8.684,827717.85,1124414.8699999999,845041.04,2011,7,28,1
35,2011-07-22,0,820188.42,B,103681,82.28,3.811,,,,,,139.7969712,8.684,813845.5,1121756.43,841353.7,2011,7,29,1
35,2011-07-29,0,770820.27,B,103681,79.41,3.829,,,,,,139.8933099,8.684,820188.42,1139131.78,834051.4125,2011,7,30,1
35,2011-08-05,0,826820.71,B,103681,78.14,3.842,,,,,,139.9896486,8.684,770820.27,1180183.39,808143.01,2011,8,31,1
35,2011-08-12,0,819911.89,B,103681,76.67,3.812,,,,,,140.0859873,8.684,826820.71,1090587.5,807918.7250000001,2011,8,32,1
35,2011-08-19,0,820288.35,B,103681,72.97,3.747,,,,,,140.1289205,8.684,819911.89,1033719.5,809435.3225,2011,8,33,1
35,2011-08-26,0,897037.25,B,103681,72.88,3.704,,,,,,140.1629528,8.684,820288.35,917693.06,809460.3049999999,2011,8,34,1
35,2011-09-02,0,813486.55,B,103681,71.44,3.703,,,,,,140.196985,8.684,897037.25,948660.79,841014.5499999999,2011,9,35,1
35,2011-09-09,1,922440.64,B,103681,70.93,3.738,,,,,,140.2310173,8.684,813486.55,961685.98,837681.01,2011,9,36,1
35,2011-09-16,0,738792.11,B,103681,69.65,3.742,,,,,,140.2735,8.684,922440.64,831443.61,863313.1975,2011,9,37,1
35,2011-09-23,0,705802.45,B,103681,63.61,3.711,,,,,,140.32725,8.684,738792.11,758069.78,842939.1375000001,2011,9,38,1
35,2011-09-30,0,749676.95,B,103681,70.92,3.645,,,,,,140.381,8.684,705802.45,771065.21,795130.4375,2011,9,39,1
35,2011-10-07,0,791637.53,B,103681,56.91,3.583,,,,,,140.43475,8.745,749676.95,874615.32,779178.0375,2011,10,40,1
35,2011-10-14,0,772859.25,B,103681,64.78,3.541,,,,,,140.4784194,8.745,791637.53,798376.99,746477.2599999999,2011,10,41,1
35,2011-10-21,0,811328.4,B,103681,59.62,3.57,,,,,,140.4616048,8.745,772859.25,827705.82,754994.0449999999,2011,10,42,1
35,2011-10-28,0,808821.5,B,103681,51.81,3.569,,,,,,140.4447903,8.745,811328.4,857797.33,781375.5325,2011,10,43,1
35,2011-11-04,0,653468.75,B,103681,44.46,3.551,,,,,,140.4279758,8.745,808821.5,843755.12,796161.6699999999,2011,11,44,1
35,2011-11-11,0,880576.33,B,103681,49.69,3.53,22242.79,13392.67,1134.49,2951.74,5421.27,140.4111613,8.745,653468.75,870914.69,761619.4750000001,2011,11,45,1
35,2011-11-18,0,820964.1,B,103681,51.42,3.53,23654.62,110.12,103.34,951.51,1618.6,140.4127857,8.745,880576.33,846850.35,788548.745,2011,11,46,1
35,2011-11-25,1,1733822.4000000001,B,103681,47.88,3.492,1333.24,,58563.24,20.97,6386.86,140.4217857,8.745,820964.1,1781866.98,790957.67,2011,11,47,1
35,2011-12-02,0,903606.03,B,103681,50.55,3.452,5051.87,,3150.68,3945.27,26649.46,140.4307857,8.745,1733822.4000000001,982598.88,1022207.895,2011,12,48,1
35,2011-12-09,0,948964.99,B,103681,46.28,3.415,1386.01,,529.1,955.48,9427.75,140.4397857,8.745,903606.03,1108580.19,1084742.2149999999,2011,12,49,1
35,2011-12-16,0,1115255.65,B,103681,40.68,3.413,5115.93,0.27,10748.31,601.89,14608.23,140.4700795,8.745,948964.99,1314987.4,1101839.3800000001,2011,12,50,1
35,2011-12-23,0,1550214.02,B,103681,41.59,3.389,318.61,22.4,1429.48,20.98,4140.36,140.528765,8.745,1115255.65,1779236.54,1175412.2675,2011,12,51,1
35,2011-12-30,1,904650.55,B,103681,37.85,3.389,6742.63,34766.99,163.27,961.0,2074.13,140.5874505,8.745,1550214.02,576332.05,1129510.1724999999,2011,12,52,1
35,2012-01-06,0,671708.09,B,103681,35.8,3.422,5956.88,13987.28,24.73,1685.24,6269.59,140.6461359,8.744,904650.55,649289.75,1129771.3025,2012,1,1,1
35,2012-01-13,0,625135.11,B,103681,41.3,3.513,2428.51,7532.95,2.28,413.26,3750.02,140.7048214,8.744,671708.09,687670.78,1060457.0775,2012,1,2,1
35,2012-01-20,0,669850.04,B,103681,30.35,3.533,2498.37,4413.52,5.46,618.55,2393.77,140.8086118,8.744,625135.11,659902.07,937926.9425000001,2012,1,3,1
35,2012-01-27,0,588722.99,B,103681,36.96,3.567,2798.44,2928.52,1.46,446.0,9008.25,140.9124021,8.744,669850.04,633289.78,717835.9475,2012,1,4,1
35,2012-02-03,0,746901.03,B,103681,42.52,3.617,62567.6,3718.52,41.68,40201.38,4130.12,141.0161924,8.744,588722.99,747577.0499999999,638854.0575,2012,2,5,1
35,2012-02-10,1,849779.14,B,103681,37.86,3.64,11865.12,4373.03,23.69,11941.36,8357.61,141.1199827,8.744,746901.03,859258.17,657652.2925,2012,2,6,1
35,2012-02-17,0,824568.39,B,103681,37.24,3.695,20207.59,7982.96,2.64,9522.98,10733.96,141.2140357,8.744,849779.14,865305.88,713813.3,2012,2,7,1
35,2012-02-24,0,805028.74,B,103681,41.74,3.739,10463.9,6749.11,,5146.87,4553.22,141.3007857,8.744,824568.39,841129.26,752492.8875,2012,2,8,1
35,2012-03-02,0,766571.1,B,103681,40.07,3.816,31880.88,1775.2,84.02,26264.78,1609.25,141.3875357,8.744,805028.74,850448.54,806569.325,2012,3,9,1
35,2012-03-09,0,796351.35,B,103681,44.32,3.848,16514.65,344.55,68.3,2596.73,2245.26,141.4742857,8.744,766571.1,830601.39,811486.8425,2012,3,10,1
35,2012-03-16,0,793045.82,B,103681,49.6,3.862,6972.24,222.12,1.2,1587.92,2214.43,141.55478,8.744,796351.35,800662.82,798129.895,2012,3,11,1
35,2012-03-23,0,760671.1,B,103681,57.3,3.9,25204.95,107.69,0.25,8359.06,5252.73,141.6269332,8.744,793045.82,762184.1,790249.2525000001,2012,3,12,1
35,2012-03-30,0,744525.69,B,103681,49.4,3.953,19560.85,77.41,7.4,4081.77,3629.96,141.6990864,8.744,760671.1,762620.9400000001,779159.8425,2012,3,13,1
35,2012-04-06,0,860293.46,B,103681,48.73,3.996,9093.04,,10.27,2383.68,4858.77,141.7712396,8.876,744525.69,813352.41,773648.49,2012,4,14,1
35,2012-04-13,0,788633.42,B,103681,52.22,4.044,4697.48,4222.33,10.5,1903.35,1156.1,141.8433929,8.876,860293.46,795157.2,789634.0175000001,2012,4,15,1
35,2012-04-20,0,794660.24,B,103681,62.62,4.027,2095.31,4447.75,6.05,149.91,2504.7,141.9015262,8.876,788633.42,841778.34,788530.9175,2012,4,16,1
35,2012-04-27,0,721212.45,B,103681,52.33,4.004,6477.02,1050.49,7.43,1123.9,1681.46,141.9596595,8.876,794660.24,811824.06,797028.2025,2012,4,17,1
36,2011-02-04,0,417521.7,A,39910,46.68,2.98,,,,,,211.3333753,8.395,372174.12,467546.74,391630.6875,2011,2,5,0
36,2011-02-11,1,401501.2,A,39910,41.16,3.009,,,,,,211.6985093,8.395,417521.7,469563.7,399846.15,2011,2,6,0
36,2011-02-18,0,427175.03,A,39910,57.48,3.017,,,,,,212.0063522,8.395,401501.2,470281.03,397597.0175,2011,2,7,0
36,2011-02-25,0,380279.44,A,39910,67.73,3.053,,,,,,212.2912786,8.395,427175.03,447519.44,404593.0125,2011,2,8,0
36,2011-03-04,0,402579.84,A,39910,64.55,3.282,,,,,,212.576205,8.395,380279.44,480203.43,406619.3425,2011,3,9,0
36,2011-03-11,0,407506.77999999997,A,39910,59.15,3.448,,,,,,212.8611313,8.395,402579.84,441434.2,402883.8775,2011,3,10,0
36,2011-03-18,0,431412.22000000003,A,39910,64.9,3.487,,,,,,213.1096787,8.395,407506.77999999997,428851.99,404385.2725,2011,3,11,0
36,2011-03-25,0,390732.02,A,39910,71.07,3.488,,,,,,213.3436744,8.395,431412.22000000003,404438.51,405444.57,2011,3,12,0
36,2011-04-01,0,385672.11,A,39910,67.31,3.529,,,,,,213.5776701,8.3,390732.02,435972.82,408057.715,2011,4,13,0
36,2011-04-08,0,428727.61,A,39910,69.39,3.645,,,,,,213.8116658,8.3,385672.11,453016.91,403830.7825,2011,4,14,0
36,2011-04-15,0,414986.54,A,39910,73.25,3.763,,,,,,214.026217,8.3,428727.61,483699.56,409135.99,2011,4,15,0
36,2011-04-22,0,374574.72000000003,A,39910,74.57,3.805,,,,,,214.1921572,8.3,414986.54,434116.8,405029.57,2011,4,16,0
36,2011-04-29,0,340708.78,A,39910,76.1,3.837,,,,,,214.3580974,8.3,374574.72000000003,457899.64,400990.245,2011,4,17,0
36,2011-05-06,0,393401.4,A,39910,69.56,3.917,,,,,,214.5240376,8.3,340708.78,489372.02,389749.41250000003,2011,5,18,0
36,2011-05-13,0,395316.65,A,39910,76.73,3.92,,,,,,214.6899778,8.3,393401.4,476733.74,380917.86,2011,5,19,0
36,2011-05-20,0,376183.44,A,39910,73.02,3.925,,,,,,214.465412,8.3,395316.65,474917.98,376000.3875,2011,5,20,0
36,2011-05-27,0,348655.2,A,39910,81.28,3.786,,,,,,214.2408462,8.3,376183.44,447050.42,376402.5675,2011,5,21,0
36,2011-06-03,0,373703.95,A,39910,82.96,3.69,,,,,,214.0162805,8.3,348655.2,471088.88,378389.1725,2011,6,22,0
36,2011-06-10,0,374182.04,A,39910,82.41,3.633,,,,,,213.7917147,8.3,373703.95,467711.18,373464.81000000006,2011,6,23,0
36,2011-06-17,0,394645.25,A,39910,84.43,3.599,,,,,,213.7481256,8.3,374182.04,485694.72000000003,368181.1575,2011,6,24,0
36,2011-06-24,0,360009.94,A,39910,83.95,3.569,,,,,,213.8402689,8.3,394645.25,434879.87,372796.61,2011,6,25,0
36,2011-07-01,0,354270.77,A,39910,85.33,3.502,,,,,,213.9324122,8.177,360009.94,434252.14999999997,375635.295,2011,7,26,0
36,2011-07-08,0,377464.62,A,39910,84.71,3.44,,,,,,214.0245556,8.177,354270.77,471713.59,370777.0,2011,7,27,0
36,2011-07-15,0,385631.48,A,39910,85.63,3.55,,,,,,214.1083654,8.177,377464.62,466962.04,371597.64499999996,2011,7,28,0
36,2011-07-22,0,361311.41000000003,A,39910,83.31,3.637,,,,,,214.1713416,8.177,385631.48,452021.2,369344.2025,2011,7,29,0
36,2011-07-29,0,354361.08,A,39910,84.99,3.66,,,,,,214.2343177,8.177,361311.41000000003,432451.91,369669.57,2011,7,30,0
36,2011-08-05,0,381017.75,A,39910,86.71,3.652,,,,,,214.2972939,8.177,354361.08,467442.94,369692.14749999996,2011,8,31,0
36,2011-08-12,0,380188.69,A,39910,87.64,3.608,,,,,,214.3602701,8.177,381017.75,470436.8,370580.43000000005,2011,8,32,0
36,2011-08-19,0,373267.57999999996,A,39910,87.24,3.534,,,,,,214.4239935,8.177,380188.69,437949.9,369219.73250000004,2011,8,33,0
36,2011-08-26,0,344964.2,A,39910,86.02,3.501,,,,,,214.4878416,8.177,373267.57999999996,412050.73000000004,372208.77499999997,2011,8,34,0
36,2011-09-02,0,350276.29,A,39910,87.5,3.481,,,,,,214.5516896,8.177,344964.2,431294.45,369859.55500000005,2011,9,35,0
36,2011-09-09,1,352960.64,A,39910,77.94,3.499,,,,,,214.6155376,8.177,350276.29,434471.38,362174.19,2011,9,36,0
36,2011-09-16,0,343108.12,A,39910,82.06,3.473,,,,,,214.7934111,8.177,352960.64,454694.21,355367.1775,2011,9,37,0
36,2011-09-23,0,322405.13,A,39910,78.35,3.441,,,,,,215.1233185,8.177,343108.12,419348.58999999997,347827.3125,2011,9,38,0
36,2011-09-30,0,314910.37,A,39910,81.52,3.328,,,,,,215.4532259,8.177,322405.13,422169.47,342187.545,2011,9,39,0
36,2011-10-07,0,346137.87,A,39910,71.2,3.262,,,,,,215.7831333,7.716,314910.37,444351.61,333346.065,2011,10,40,0
36,2011-10-14,0,342076.99,A,39910,74.16,3.234,,,,,,216.0885258,7.716,346137.87,453308.15,331640.3725,2011,10,41,0
36,2011-10-21,0,328633.33999999997,A,39910,67.89,3.308,,,,,,216.2468287,7.716,342076.99,424956.3,331382.58999999997,2011,10,42,0
36,2011-10-28,0,306193.81,A,39910,71.31,3.306,,,,,,216.4051315,7.716,328633.33999999997,392654.26,332939.6425,2011,10,43,0
36,2011-11-04,0,313387.11,A,39910,58.97,3.287,,,,,,216.5634344,7.716,306193.81,405860.37,330760.50249999994,2011,11,44,0
36,2011-11-11,0,328498.92,A,39910,63.5,3.254,65.32,519.25,,,1334.56,216.7217373,7.716,313387.11,425804.8,322572.8125,2011,11,45,0
36,2011-11-18,0,332901.94,A,39910,66.28,3.26,5.64,19.82,,,578.02,216.9395861,7.716,328498.92,411615.71,319178.295,2011,11,46,0
36,2011-11-25,1,332811.55,A,39910,66.41,3.181,7.09,,,,780.75,217.1812533,7.716,332901.94,408891.49,320245.44499999995,2011,11,47,0
36,2011-12-02,0,293350.51,A,39910,53.57,3.164,,,10.0,,624.31,217.4229206,7.716,332811.55,360266.09,326899.88,2011,12,48,0
36,2011-12-09,0,312298.37,A,39910,50.64,3.147,,,-0.87,,1129.02,217.6645878,7.716,293350.51,404545.03,321890.73,2011,12,49,0
36,2011-12-16,0,341503.92000000004,A,39910,58.31,3.133,11.64,,1.14,,3752.18,217.8781339,7.716,312298.37,410214.7,317840.5925,2011,12,50,0
36,2011-12-23,0,325262.45999999996,A,39910,55.41,3.098,17.01,,0.76,,2264.75,218.0541851,7.716,341503.92000000004,422093.59,319991.0875,2011,12,51,0
36,2011-12-30,1,287425.22,A,39910,48.26,3.132,548.91,1288.61,,50.4,412.21,218.2302364,7.716,325262.45999999996,359310.65,318103.815,2011,12,52,0
36,2012-01-06,0,329467.82,A,39910,57.18,3.129,5.92,2257.39,2.86,,1024.9,218.4062876,7.244,287425.22,384659.85,316622.4925,2012,1,1,0
36,2012-01-13,0,325976.34,A,39910,56.28,3.254,15.85,1402.86,7.04,,858.31,218.5823389,7.244,329467.82,410497.73,320914.855,2012,1,2,0
36,2012-01-20,0,330927.21,A,39910,58.9,3.275,318.15,294.59,1.98,,589.99,218.6755292,7.244,325976.34,399191.05,317032.95999999996,2012,1,3,0
36,2012-01-27,0,301444.94,A,39910,62.73,3.313,35.96,17.03,0.44,,381.04,218.7687195,7.244,330927.21,372174.12,318449.14749999996,2012,1,4,0
36,2012-02-03,0,310982.87,A,39910,61.33,3.421,1786.27,1.5,2.62,2.5,1373.38,218.8619099,7.244,301444.94,417521.7,321954.0775,2012,2,5,0
36,2012-02-10,1,335741.9,A,39910,54.49,3.462,810.75,5.5,3.82,,699.9,218.9551002,7.244,310982.87,401501.2,317332.84,2012,2,6,0
36,2012-02-17,0,326316.73,A,39910,54.38,3.503,377.29,417.07,0.44,,537.36,219.1148297,7.244,335741.9,427175.03,319774.23,2012,2,7,0
36,2012-02-24,0,313270.45,A,39910,62.21,3.55,90.73,171.14,,,872.76,219.3244636,7.244,326316.73,380279.44,318621.61,2012,2,8,0
36,2012-03-02,0,315396.72000000003,A,39910,64.54,3.619,512.15,0.02,,,2359.78,219.5340975,7.244,313270.45,402579.84,321577.98750000005,2012,3,9,0
36,2012-03-09,0,318674.93,A,39910,63.19,3.647,258.89,1.5,0.99,,1835.63,219.7437314,7.244,315396.72000000003,407506.77999999997,322681.45,2012,3,10,0
36,2012-03-16,0,335345.82,A,39910,67.48,3.779,93.51,1.5,0.34,,612.83,219.8956335,7.244,318674.93,431412.22000000003,318414.7075,2012,3,11,0
36,2012-03-23,0,317872.51,A,39910,69.18,3.845,98.84,,1.7,,1382.01,219.9705599,7.244,335345.82,390732.02,320671.98000000004,2012,3,12,0
36,2012-03-30,0,304144.9,A,39910,70.48,3.891,40.28,0.5,,,440.54,220.0454862,7.244,317872.51,385672.11,321822.495,2012,3,13,0
36,2012-04-06,0,331026.11,A,39910,73.95,3.934,375.2,,,12.41,1398.67,220.1204125,6.989,304144.9,428727.61,319009.54000000004,2012,4,14,0
36,2012-04-13,0,339407.94,A,39910,72.54,3.919,85.47,651.77,,,487.07,220.1953389,6.989,331026.11,414986.54,322097.335,2012,4,15,0
36,2012-04-20,0,323915.32,A,39910,70.87,3.918,177.77,317.91,,231.31,1473.96,220.2483937,6.989,339407.94,374574.72000000003,323112.865,2012,4,16,0
36,2012-04-27,0,308389.82,A,39910,70.06,3.888,252.98,36.03,,,6621.24,220.3014485,6.989,323915.32,340708.78,324623.5675,2012,4,17,0
37,2011-02-04,0,583835.1799999999,C,39910,46.68,2.989,,,,,,211.3333753,8.395,513672.36,536006.73,527060.025,2011,2,5,2
37,2011-02-11,1,522514.32,C,39910,41.16,3.022,,,,,,211.6985093,8.395,583835.1799999999,529852.7,537402.815,2011,2,6,2
37,2011-02-18,0,536840.6900000001,C,39910,57.48,3.045,,,,,,212.0063522,8.395,522514.32,510382.5,536627.17,2011,2,7,2
37,2011-02-25,0,514758.19,C,39910,67.73,3.065,,,,,,212.2912786,8.395,536840.6900000001,513615.82,539215.6375,2011,2,8,2
37,2011-03-04,0,527572.25,C,39910,64.55,3.288,,,,,,212.576205,8.395,514758.19,519255.68,539487.0950000001,2011,3,9,2
37,2011-03-11,0,505610.39999999997,C,39910,59.15,3.459,,,,,,212.8611313,8.395,527572.25,513015.35,525421.3625,2011,3,10,2
37,2011-03-18,0,478503.06,C,39910,64.9,3.488,,,,,,213.1096787,8.395,505610.39999999997,460020.74,521195.3825,2011,3,11,2
37,2011-03-25,0,522105.93,C,39910,71.07,3.473,,,,,,213.3436744,8.395,478503.06,515777.97,506610.975,2011,3,12,2
37,2011-04-01,0,534578.78,C,39910,67.31,3.524,,,,,,213.5776701,8.3,522105.93,540189.7,508447.91,2011,4,13,2
37,2011-04-08,0,543703.16,C,39910,69.39,3.622,,,,,,213.8116658,8.3,534578.78,513327.55,510199.5425,2011,4,14,2
37,2011-04-15,0,543775.87,C,39910,73.25,3.743,,,,,,214.026217,8.3,543703.16,524544.83,519722.73250000004,2011,4,15,2
37,2011-04-22,0,526434.37,C,39910,74.57,3.807,,,,,,214.1921572,8.3,543775.87,527019.78,536040.935,2011,4,16,2
37,2011-04-29,0,502918.18,C,39910,76.1,3.81,,,,,,214.3580974,8.3,526434.37,517850.82999999996,537123.045,2011,4,17,2
37,2011-05-06,0,547513.3,C,39910,69.56,3.906,,,,,,214.5240376,8.3,502918.18,543234.77,529207.895,2011,5,18,2
37,2011-05-13,0,511871.63,C,39910,76.73,3.899,,,,,,214.6899778,8.3,547513.3,505196.08,530160.4299999999,2011,5,19,2
37,2011-05-20,0,533564.42,C,39910,73.02,3.907,,,,,,214.465412,8.3,511871.63,510494.7,522184.37,2011,5,20,2
37,2011-05-27,0,507086.75,C,39910,81.28,3.786,,,,,,214.2408462,8.3,533564.42,532241.22,523966.8825,2011,5,21,2
37,2011-06-03,0,500381.23,C,39910,82.96,3.699,,,,,,214.0162805,8.3,507086.75,479195.02,525009.025,2011,6,22,2
37,2011-06-10,0,509647.25,C,39910,82.41,3.648,,,,,,213.7917147,8.3,500381.23,481915.11,513226.0075,2011,6,23,2
37,2011-06-17,0,525132.36,C,39910,84.43,3.637,,,,,,213.7481256,8.3,509647.25,505761.62,512669.9125,2011,6,24,2
37,2011-06-24,0,509276.22,C,39910,83.95,3.594,,,,,,213.8402689,8.3,525132.36,485419.39,510561.89749999996,2011,6,25,2
37,2011-07-01,0,517021.3,C,39910,85.33,3.524,,,,,,213.9324122,8.177,509276.22,498292.52999999997,511109.265,2011,7,26,2
37,2011-07-08,0,489059.93,C,39910,84.71,3.48,,,,,,214.0245556,8.177,517021.3,502456.04,515269.2825,2011,7,27,2
37,2011-07-15,0,498749.62,C,39910,85.63,3.575,,,,,,214.1083654,8.177,489059.93,485150.01,510122.4525,2011,7,28,2
37,2011-07-22,0,505543.53,C,39910,83.31,3.651,,,,,,214.1713416,8.177,498749.62,491998.12,503526.7675,2011,7,29,2
37,2011-07-29,0,504974.95,C,39910,84.99,3.682,,,,,,214.2343177,8.177,505543.53,487912.95,502593.59500000003,2011,7,30,2
37,2011-08-05,0,510787.46,C,39910,86.71,3.684,,,,,,214.2972939,8.177,504974.95,508576.62,499582.0075,2011,8,31,2
37,2011-08-12,0,502504.39,C,39910,87.64,3.638,,,,,,214.3602701,8.177,510787.46,491815.83,505013.89,2011,8,32,2
37,2011-08-19,0,506897.98,C,39910,87.24,3.554,,,,,,214.4239935,8.177,502504.39,486930.72,505952.5825,2011,8,33,2
37,2011-08-26,0,527947.21,C,39910,86.02,3.523,,,,,,214.4878416,8.177,506897.98,512157.25,506291.195,2011,8,34,2
37,2011-09-02,0,530367.8300000001,C,39910,87.5,3.533,,,,,,214.5516896,8.177,527947.21,510427.53,512034.26,2011,9,35,2
37,2011-09-09,1,506273.74,C,39910,77.94,3.546,,,,,,214.6155376,8.177,530367.8300000001,510296.07,516929.35250000004,2011,9,36,2
37,2011-09-16,0,513341.94,C,39910,82.06,3.526,,,,,,214.7934111,8.177,506273.74,501251.39999999997,517871.69,2011,9,37,2
37,2011-09-23,0,516556.94,C,39910,78.35,3.467,,,,,,215.1233185,8.177,513341.94,494265.48,519482.68,2011,9,38,2
37,2011-09-30,0,516402.10000000003,C,39910,81.52,3.355,,,,,,215.4532259,8.177,516556.94,529877.9299999999,516635.11250000005,2011,9,39,2
37,2011-10-07,0,522816.85,C,39910,71.2,3.285,,,,,,215.7831333,7.716,516402.10000000003,524483.65,513143.68,2011,10,40,2
37,2011-10-14,0,513636.01,C,39910,74.16,3.274,,,,,,216.0885258,7.716,522816.85,498925.86,517279.4575,2011,10,41,2
37,2011-10-21,0,522784.33,C,39910,67.89,3.353,,,,,,216.2468287,7.716,513636.01,510425.4,517352.97500000003,2011,10,42,2
37,2011-10-28,0,517355.44,C,39910,71.31,3.372,,,,,,216.4051315,7.716,522784.33,514485.9,518909.8225,2011,10,43,2
37,2011-11-04,0,555925.6,C,39910,58.97,3.332,,,,,,216.5634344,7.716,517355.44,539683.42,519148.15750000003,2011,11,44,2
37,2011-11-11,0,501268.78,C,39910,63.5,3.297,8.62,56.53,117.92,,796.28,216.7217373,7.716,555925.6,517546.69,527425.345,2011,11,45,2
37,2011-11-18,0,527495.09,C,39910,66.28,3.308,32.17,5.51,,,1502.49,216.9395861,7.716,501268.78,518124.16,524333.5375,2011,11,46,2
37,2011-11-25,1,522554.04,C,39910,66.41,3.236,2.8,,,,308.82,217.1812533,7.716,527495.09,518220.72,525511.2274999999,2011,11,47,2
37,2011-12-02,0,527117.81,C,39910,53.57,3.172,1.5,,6.03,,1180.32,217.4229206,7.716,522554.04,508213.14,526810.8775,2011,12,48,2
37,2011-12-09,0,537224.52,C,39910,50.64,3.158,,,16.62,,1319.82,217.6645878,7.716,527117.81,511207.51999999996,519608.93,2011,12,49,2
37,2011-12-16,0,533905.67,C,39910,58.31,3.159,13.38,,9.18,,868.78,217.8781339,7.716,537224.52,534285.21,528597.865,2011,12,50,2
37,2011-12-23,0,605791.46,C,39910,55.41,3.112,158.11,,7.5,,1316.88,218.0541851,7.716,533905.67,576809.92,530200.51,2011,12,51,2
37,2011-12-30,1,451327.61,C,39910,48.26,3.129,373.92,1057.77,1.5,10.08,741.34,218.2302364,7.716,605791.46,460331.7,551009.865,2011,12,52,2
37,2012-01-06,0,558343.57,C,39910,57.18,3.157,250.83,1348.24,48.05,,1151.33,218.4062876,7.244,451327.61,542464.02,532062.315,2012,1,1,2
37,2012-01-13,0,546221.4,C,39910,56.28,3.261,1534.85,581.46,31.07,,820.26,218.5823389,7.244,558343.57,525616.9,537342.0775,2012,1,2,2
37,2012-01-20,0,543894.07,C,39910,58.9,3.268,366.42,313.91,27.94,,344.84,218.6755292,7.244,546221.4,526486.82,540421.01,2012,1,3,2
37,2012-01-27,0,514116.58,C,39910,62.73,3.29,186.28,27.75,33.0,,323.83,218.7687195,7.244,543894.07,513672.36,524946.6625,2012,1,4,2
37,2012-02-03,0,555424.24,C,39910,61.33,3.36,1416.62,11.62,93.34,132.22,1757.37,218.8619099,7.244,514116.58,583835.1799999999,540643.905,2012,2,5,2
37,2012-02-10,1,527041.46,C,39910,54.49,3.409,264.34,3.0,40.01,,2147.95,218.9551002,7.244,555424.24,522514.32,539914.0725,2012,2,6,2
37,2012-02-17,0,541071.29,C,39910,54.38,3.51,1173.99,593.1,2.86,,1372.2,219.1148297,7.244,527041.46,536840.6900000001,535119.0874999999,2012,2,7,2
37,2012-02-24,0,518696.89,C,39910,62.21,3.555,141.18,282.22,,,739.65,219.3244636,7.244,541071.29,514758.19,534413.3925000001,2012,2,8,2
37,2012-03-02,0,525559.17,C,39910,64.54,3.63,892.47,18.92,2.9,,3369.86,219.5340975,7.244,518696.89,527572.25,535558.47,2012,3,9,2
37,2012-03-09,0,535937.25,C,39910,63.19,3.669,1024.83,2.0,10.7,,2304.93,219.7437314,7.244,525559.17,505610.39999999997,528092.2025,2012,3,10,2
37,2012-03-16,0,484588.34,C,39910,67.48,3.734,109.13,4.5,2.38,,563.61,219.8956335,7.244,535937.25,478503.06,530316.15,2012,3,11,2
37,2012-03-23,0,520887.23,C,39910,69.18,3.787,460.73,,0.68,,1560.28,219.9705599,7.244,484588.34,522105.93,516195.41250000003,2012,3,12,2
37,2012-03-30,0,533734.9400000001,C,39910,70.48,3.845,41.95,0.5,,,619.87,220.0454862,7.244,520887.23,534578.78,516742.99750000006,2012,3,13,2
37,2012-04-06,0,564848.78,C,39910,73.95,3.891,16.33,,24.05,,2119.5,220.1204125,6.989,533734.9400000001,543703.16,518786.94,2012,4,14,2
37,2012-04-13,0,506973.17,C,39910,72.54,3.891,303.63,621.72,1.9,,2429.1,220.1953389,6.989,564848.78,543775.87,526014.8225,2012,4,15,2
37,2012-04-20,0,523483.19,C,39910,70.87,3.877,125.0,32.57,6.3,,3201.88,220.2483937,6.989,506973.17,526434.37,531611.03,2012,4,16,2
37,2012-04-27,0,528807.45,C,39910,70.06,3.814,259.23,,7.58,,861.14,220.3014485,6.989,523483.19,502918.18,532260.02,2012,4,17,2
38,2011-02-04,0,402341.76,C,39690,45.14,3.348,,,,,,127.7195806,14.021,357557.16,358496.14,360284.6425,2011,2,5,2
38,2011-02-11,1,377672.46,C,39690,51.3,3.381,,,,,,127.859129,14.021,402341.76,342214.9,364283.9475,2011,2,6,2
38,2011-02-18,0,364606.7,C,39690,53.35,3.43,,,,,,127.99525,14.021,377672.46,327237.92,369667.365,2011,2,7,2
38,2011-02-25,0,354232.34,C,39690,48.45,3.53,,,,,,128.13,14.021,364606.7,334222.73,375544.52,2011,2,8,2
38,2011-03-04,0,405429.43,C,39690,51.72,3.674,,,,,,128.26475,14.021,354232.34,372239.89,374713.315,2011,3,9,2
38,2011-03-11,0,357897.18,C,39690,57.75,3.818,,,,,,128.3995,14.021,405429.43,342023.92,375485.23250000004,2011,3,10,2
38,2011-03-18,0,349459.95,C,39690,64.21,3.692,,,,,,128.5121935,14.021,357897.18,333025.47,370541.41250000003,2011,3,11,2
38,2011-03-25,0,351541.62,C,39690,54.4,3.909,,,,,,128.6160645,14.021,349459.95,335858.11,366754.72500000003,2011,3,12,2
38,2011-04-01,0,382098.13,C,39690,63.63,3.772,,,,,,128.7199355,13.736,351541.62,368929.55,366082.04500000004,2011,4,13,2
38,2011-04-08,0,392152.3,C,39690,64.47,4.003,,,,,,128.8238065,13.736,382098.13,341630.46,360249.22,2011,4,14,2
38,2011-04-15,0,362758.94,C,39690,57.63,3.868,,,,,,128.9107333,13.736,392152.3,337723.49,368813.0,2011,4,15,2
38,2011-04-22,0,362952.34,C,39690,72.12,4.134,,,,,,128.9553,13.736,362758.94,335121.82,372137.7475,2011,4,16,2
38,2011-04-29,0,344225.99,C,39690,68.27,4.151,,,,,,128.9998667,13.736,362952.34,337979.65,374990.42750000005,2011,4,17,2
38,2011-05-06,0,422186.65,C,39690,68.4,4.193,,,,,,129.0444333,13.736,344225.99,383657.44,365522.3925,2011,5,18,2
38,2011-05-13,0,366977.79,C,39690,70.93,4.202,,,,,,129.089,13.736,422186.65,346174.3,373030.98,2011,5,19,2
38,2011-05-20,0,365730.76,C,39690,66.59,4.169,,,,,,129.0756774,13.736,366977.79,340497.08,374085.6925,2011,5,20,2
38,2011-05-27,0,356886.1,C,39690,76.67,4.087,,,,,,129.0623548,13.736,365730.76,326469.43,374780.2975,2011,5,21,2
38,2011-06-03,0,396826.06,C,39690,71.81,4.031,,,,,,129.0490323,13.736,356886.1,376184.88,377945.32499999995,2011,6,22,2
38,2011-06-10,0,381763.02,C,39690,78.72,3.981,,,,,,129.0357097,13.736,396826.06,354828.65,371605.1775,2011,6,23,2
38,2011-06-17,0,356797.0,C,39690,86.84,3.935,,,,,,129.0432,13.736,381763.02,335691.85000000003,375301.485,2011,6,24,2
38,2011-06-24,0,354078.95,C,39690,88.95,3.898,,,,,,129.0663,13.736,356797.0,322046.76,373068.045,2011,6,25,2
38,2011-07-01,0,387334.04,C,39690,89.85,3.842,,,,,,129.0894,13.503,354078.95,361181.48,372366.25750000007,2011,7,26,2
38,2011-07-08,0,399699.17,C,39690,89.9,3.705,,,,,,129.1125,13.503,387334.04,343850.34,369993.2525,2011,7,27,2
38,2011-07-15,0,367181.71,C,39690,88.1,3.692,,,,,,129.1338387,13.503,399699.17,338277.71,374477.29000000004,2011,7,28,2
38,2011-07-22,0,365562.67,C,39690,91.17,3.794,,,,,,129.1507742,13.503,367181.71,328336.85,377073.4675,2011,7,29,2
38,2011-07-29,0,355131.33,C,39690,93.29,3.805,,,,,,129.1677097,13.503,365562.67,336378.38,379944.39749999996,2011,7,30,2
38,2011-08-05,0,437631.44,C,39690,90.61,3.803,,,,,,129.1846452,13.503,355131.33,378574.44,371893.72000000003,2011,8,31,2
38,2011-08-12,0,387844.05,C,39690,91.04,3.701,,,,,,129.2015806,13.503,437631.44,341400.72000000003,381376.7875,2011,8,32,2
38,2011-08-19,0,362224.7,C,39690,91.74,3.743,,,,,,129.2405806,13.503,387844.05,329139.73,386542.3725,2011,8,33,2
38,2011-08-26,0,365672.55,C,39690,94.61,3.74,,,,,,129.2832581,13.503,362224.7,322868.56,385707.88,2011,8,34,2
38,2011-09-02,0,416953.51,C,39690,93.66,3.798,,,,,,129.3259355,13.503,365672.55,377096.55,388343.185,2011,9,35,2
38,2011-09-09,1,397771.68,C,39690,88.0,3.913,,,,,,129.3686129,13.503,416953.51,336227.69,383173.7025,2011,9,36,2
38,2011-09-16,0,408188.88,C,39690,76.36,3.918,,,,,,129.4306,13.503,397771.68,336253.19,385655.61,2011,9,37,2
38,2011-09-23,0,394665.28,C,39690,82.95,3.789,,,,,,129.5183333,13.503,408188.88,330604.89999999997,397146.655,2011,9,38,2
38,2011-09-30,0,366819.83999999997,C,39690,83.26,3.877,,,,,,129.6060667,13.503,394665.28,360256.58,404394.8375,2011,9,39,2
38,2011-10-07,0,449516.29,C,39690,70.44,3.827,,,,,,129.6938,12.89,366819.83999999997,351271.36,391861.42,2011,10,40,2
38,2011-10-14,0,400430.78,C,39690,67.31,3.805,,,,,,129.7706452,12.89,449516.29,337743.26,404797.5725,2011,10,41,2
38,2011-10-21,0,402709.17000000004,C,39690,73.05,3.842,,,,,,129.7821613,12.89,400430.78,339042.18,402858.04750000004,2011,10,42,2
38,2011-10-28,0,378539.17,C,39690,67.41,3.727,,,,,,129.7936774,12.89,402709.17000000004,341219.63,404869.02,2011,10,43,2
38,2011-11-04,0,436970.1,C,39690,59.77,3.828,,,,,,129.8051935,12.89,378539.17,380870.09,407798.85250000004,2011,11,44,2
38,2011-11-11,0,411116.95,C,39690,48.76,3.824,149.19,691.41,6.05,,1571.53,129.8167097,12.89,436970.1,340147.2,404662.305,2011,11,45,2
38,2011-11-18,0,392003.13,C,39690,54.2,3.813,27.61,8.22,1.32,,2034.39,129.8268333,12.89,411116.95,348593.99,407333.8475,2011,11,46,2
38,2011-11-25,1,393715.71,C,39690,53.25,3.622,17.17,,5.26,,615.68,129.8364,12.89,392003.13,360857.98,404657.3375,2011,11,47,2
38,2011-12-02,0,411252.02,C,39690,52.5,3.701,22.15,,2.35,,1889.95,129.8459667,12.89,393715.71,351925.36,408451.47250000003,2011,12,48,2
38,2011-12-09,0,435401.64,C,39690,42.17,3.644,61.05,,2.44,,1589.34,129.8555333,12.89,411252.02,355965.23,402021.9525,2011,12,49,2
38,2011-12-16,0,404283.83999999997,C,39690,43.29,3.6,152.89,,,2.28,766.96,129.8980645,12.89,435401.64,334441.15,408093.125,2011,12,50,2
38,2011-12-23,0,419717.41,C,39690,45.4,3.541,59.23,,0.6,,1588.1,129.9845484,12.89,404283.83999999997,369106.72,411163.3025,2011,12,51,2
38,2011-12-30,1,342667.35,C,39690,44.64,3.428,353.07,1926.94,,25.2,770.38,130.0710323,12.89,419717.41,303908.81,417663.7275,2011,12,52,2
38,2012-01-06,0,478483.2,C,39690,50.43,3.599,9.61,2765.45,56.96,,560.58,130.1575161,12.187,342667.35,386344.54,400517.56,2012,1,1,2
38,2012-01-13,0,423260.82,C,39690,48.07,3.657,1129.45,125.33,31.85,,1101.74,130.244,12.187,478483.2,356138.79,411287.95,2012,1,2,2
38,2012-01-20,0,405215.91,C,39690,46.2,3.66,465.73,17.03,28.02,,1397.31,130.2792258,12.187,423260.82,341098.08,416032.195,2012,1,3,2
38,2012-01-27,0,412882.31,C,39690,50.43,3.675,24.1,4.47,29.12,,2271.88,130.3144516,12.187,405215.91,357557.16,412406.82,2012,1,4,2
38,2012-02-03,0,457711.68,C,39690,50.58,3.702,2428.47,6.57,52.66,161.71,2606.06,130.3496774,12.187,412882.31,402341.76,429960.56,2012,2,5,2
38,2012-02-10,1,469787.38,C,39690,52.27,3.722,518.25,11.21,37.01,3.97,1200.97,130.3849032,12.187,457711.68,377672.46,424767.68,2012,2,6,2
38,2012-02-17,0,415513.97000000003,C,39690,51.8,3.781,647.57,580.69,5.72,2.0,2761.19,130.4546207,12.187,469787.38,364606.7,436399.31999999995,2012,2,7,2
38,2012-02-24,0,409411.61,C,39690,53.13,3.95,102.49,328.86,,2.86,2435.31,130.5502069,12.187,415513.97000000003,354232.34,438973.835,2012,2,8,2
38,2012-03-02,0,471115.38,C,39690,52.27,4.178,1895.3,5.9,3.93,68.88,3186.15,130.6457931,12.187,409411.61,405429.43,438106.16,2012,3,9,2
38,2012-03-09,0,452792.52999999997,C,39690,54.54,4.25,425.97,1.8,,25.6,1751.92,130.7413793,12.187,471115.38,357897.18,441457.085,2012,3,10,2
38,2012-03-16,0,428465.11,C,39690,64.44,4.273,480.19,0.5,1.02,,1158.07,130.8261935,12.187,452792.52999999997,349459.95,437208.37249999994,2012,3,11,2
38,2012-03-23,0,412456.48,C,39690,56.26,4.038,301.53,,2.04,,1599.86,130.8966452,12.187,428465.11,351541.62,440446.1575,2012,3,12,2
38,2012-03-30,0,408679.36,C,39690,64.36,4.294,212.26,0.5,,28.77,1121.52,130.9670968,12.187,412456.48,382098.13,441207.375,2012,3,13,2
38,2012-04-06,0,499267.66000000003,C,39690,64.05,4.121,24.75,,10.47,,1495.97,131.0375484,11.627,408679.36,392152.3,425598.37,2012,4,14,2
38,2012-04-13,0,435790.74,C,39690,64.28,4.254,59.68,696.42,12.37,17.82,1410.31,131.108,11.627,499267.66000000003,362758.94,437217.1525,2012,4,15,2
38,2012-04-20,0,401615.8,C,39690,66.73,4.222,1307.69,5.67,5.6,140.87,1255.59,131.1173333,11.627,435790.74,362952.34,439048.56,2012,4,16,2
38,2012-04-27,0,419964.77,C,39690,77.99,4.193,439.84,,2.83,,1244.18,131.1266667,11.627,401615.8,344225.99,436338.39,2012,4,17,2
39,2011-02-04,0,1343773.94,A,184109,45.96,2.989,,,,,,211.3333753,8.395,1158698.44,1230596.8,1204935.9224999999,2011,2,5,0
39,2011-02-11,1,1227893.8900000001,A,184109,40.34,3.022,,,,,,211.6985093,8.395,1343773.94,1266229.07,1234760.6275,2011,2,6,0
39,2011-02-18,0,1335233.74,A,184109,58.2,3.045,,,,,,212.0063522,8.395,1227893.8900000001,1230591.97,1243434.2525,2011,2,7,0
39,2011-02-25,0,1240921.19,A,184109,67.77,3.065,,,,,,212.2912786,8.395,1335233.74,1168582.02,1266400.0025,2011,2,8,0
39,2011-03-04,0,1316385.43,A,184109,63.56,3.288,,,,,,212.576205,8.395,1240921.19,1266254.21,1286955.69,2011,3,9,0
39,2011-03-11,0,1283716.81,A,184109,58.35,3.459,,,,,,212.8611313,8.395,1316385.43,1244391.83,1280108.5625,2011,3,10,0
39,2011-03-18,0,1348410.05,A,184109,65.28,3.488,,,,,,213.1096787,8.395,1283716.81,1301590.1300000001,1294064.2925,2011,3,11,0
39,2011-03-25,0,1284334.79,A,184109,71.17,3.473,,,,,,213.3436744,8.395,1348410.05,1235094.66,1297358.3699999999,2011,3,12,0
39,2011-04-01,0,1316849.36,A,184109,66.57,3.524,,,,,,213.5776701,8.3,1284334.79,1463942.62,1308211.77,2011,4,13,0
39,2011-04-08,0,1350646.16,A,184109,69.45,3.622,,,,,,213.8116658,8.3,1316849.36,1327035.27,1308327.7525,2011,4,14,0
39,2011-04-15,0,1348031.55,A,184109,73.19,3.743,,,,,,214.026217,8.3,1350646.16,1242874.98,1325060.09,2011,4,15,0
39,2011-04-22,0,1563140.85,A,184109,74.98,3.807,,,,,,214.1921572,8.3,1348031.55,1280231.85,1324965.465,2011,4,16,0
39,2011-04-29,0,1379651.8699999999,A,184109,76.47,3.81,,,,,,214.3580974,8.3,1563140.85,1263836.59,1394666.98,2011,4,17,0
39,2011-05-06,0,1370920.8699999999,A,184109,68.75,3.906,,,,,,214.5240376,8.3,1379651.8699999999,1355704.21,1410367.6075,2011,5,18,0
39,2011-05-13,0,1325022.77,A,184109,77.39,3.899,,,,,,214.6899778,8.3,1370920.8699999999,1226997.7,1415436.285,2011,5,19,0
39,2011-05-20,0,1373907.21,A,184109,73.31,3.907,,,,,,214.465412,8.3,1325022.77,1350673.98,1409684.0899999999,2011,5,20,0
39,2011-05-27,0,1406124.14,A,184109,82.1,3.786,,,,,,214.2408462,8.3,1373907.21,1365541.59,1362375.68,2011,5,21,0
39,2011-06-03,0,1541745.59,A,184109,83.59,3.699,,,,,,214.0162805,8.3,1406124.14,1512207.95,1368993.7474999998,2011,6,22,0
39,2011-06-10,0,1442092.08,A,184109,82.75,3.648,,,,,,213.7917147,8.3,1541745.59,1371405.33,1411699.9275,2011,6,23,0
39,2011-06-17,0,1451392.67,A,184109,85.21,3.637,,,,,,213.7481256,8.3,1442092.08,1368312.45,1440967.255,2011,6,24,0
39,2011-06-24,0,1363167.95,A,184109,84.06,3.594,,,,,,213.8402689,8.3,1451392.67,1280414.8,1460338.62,2011,6,25,0
39,2011-07-01,0,1429829.36,A,184109,84.93,3.524,,,,,,213.9324122,8.177,1363167.95,1352547.7,1449599.5725,2011,7,26,0
39,2011-07-08,0,1414564.53,A,184109,84.33,3.48,,,,,,214.0245556,8.177,1429829.36,1330473.47,1421620.5150000001,2011,7,27,0
39,2011-07-15,0,1380257.12,A,184109,85.96,3.575,,,,,,214.1083654,8.177,1414564.53,1339811.68,1414738.6275,2011,7,28,0
39,2011-07-22,0,1416005.59,A,184109,84.6,3.651,,,,,,214.1713416,8.177,1380257.12,1314651.83,1396954.74,2011,7,29,0
39,2011-07-29,0,1426418.53,A,184109,86.24,3.682,,,,,,214.2343177,8.177,1416005.59,1308222.24,1410164.15,2011,7,30,0
39,2011-08-05,0,1518790.89,A,184109,87.73,3.684,,,,,,214.2972939,8.177,1426418.53,1409989.67,1409311.4425000001,2011,8,31,0
39,2011-08-12,0,1514055.97,A,184109,88.27,3.638,,,,,,214.3602701,8.177,1518790.89,1371465.66,1435368.0325000002,2011,8,32,0
39,2011-08-19,0,1629066.9,A,184109,87.93,3.554,,,,,,214.4239935,8.177,1514055.97,1471816.52,1468817.745,2011,8,33,0
39,2011-08-26,0,1573898.63,A,184109,86.49,3.523,,,,,,214.4878416,8.177,1629066.9,1417515.93,1522083.0725,2011,8,34,0
39,2011-09-02,0,1465089.85,A,184109,88.65,3.533,,,,,,214.5516896,8.177,1573898.63,1345167.61,1558953.0975,2011,9,35,0
39,2011-09-09,1,1429345.86,A,184109,79.15,3.546,,,,,,214.6155376,8.177,1465089.85,1279666.47,1545527.8375000001,2011,9,36,0
39,2011-09-16,0,1372500.6300000001,A,184109,83.11,3.526,,,,,,214.7934111,8.177,1429345.86,1252915.43,1524350.31,2011,9,37,0
39,2011-09-23,0,1338657.95,A,184109,78.75,3.467,,,,,,215.1233185,8.177,1372500.6300000001,1199449.54,1460208.7425000002,2011,9,38,0
39,2011-09-30,0,1311775.83,A,184109,81.51,3.355,,,,,,215.4532259,8.177,1338657.95,1219583.91,1401398.5725000002,2011,9,39,0
39,2011-10-07,0,1443884.39,A,184109,71.68,3.285,,,,,,215.7831333,7.716,1311775.83,1286598.59,1363070.0675,2011,10,40,0
39,2011-10-14,0,1384721.84,A,184109,73.79,3.274,,,,,,216.0885258,7.716,1443884.39,1238742.0,1366704.7,2011,10,41,0
39,2011-10-21,0,1465283.29,A,184109,67.65,3.353,,,,,,216.2468287,7.716,1384721.84,1261109.01,1369760.0025,2011,10,42,0
39,2011-10-28,0,1472663.1,A,184109,71.05,3.372,,,,,,216.4051315,7.716,1465283.29,1294769.08,1401416.3375,2011,10,43,0
39,2011-11-04,0,1553629.59,A,184109,58.04,3.332,,,,,,216.5634344,7.716,1472663.1,1293707.19,1441638.155,2011,11,44,0
39,2011-11-11,0,1456957.38,A,184109,63.11,3.297,8894.84,10678.05,342.83,2414.95,10590.23,216.7217373,7.716,1553629.59,1291398.71,1469074.455,2011,11,45,0
39,2011-11-18,0,1510397.27,A,184109,66.09,3.308,3378.96,215.22,162.51,486.32,6941.94,216.9395861,7.716,1456957.38,1370659.54,1487133.34,2011,11,46,0
39,2011-11-25,1,2338832.4,A,184109,66.36,3.236,224.08,292.94,77126.16,77.74,4875.43,217.1812533,7.716,1510397.27,2149355.2,1498411.8350000002,2011,11,47,0
39,2011-12-02,0,1632894.58,A,184109,53.14,3.172,2966.71,59.47,2100.01,3614.81,18646.29,217.4229206,7.716,2338832.4,1431910.98,1714954.16,2011,12,48,0
39,2011-12-09,0,1781528.77,A,184109,49.36,3.158,4462.95,,292.36,1354.79,22649.7,217.6645878,7.716,1632894.58,1630564.48,1734770.4075,2011,12,49,0
39,2011-12-16,0,1991824.05,A,184109,58.58,3.159,873.38,15.15,505.72,650.86,6904.19,217.8781339,7.716,1781528.77,1842172.46,1815913.255,2011,12,50,0
39,2011-12-23,0,2554482.84,A,184109,54.62,3.112,3099.34,16.14,1339.1,213.49,4911.65,218.0541851,7.716,1991824.05,2495489.25,1936269.95,2011,12,51,0
39,2011-12-30,1,1537139.56,A,184109,47.6,3.129,5363.52,53918.62,193.95,383.85,8337.7,218.2302364,7.716,2554482.84,1230012.16,1990182.56,2011,12,52,0
39,2012-01-06,0,1478537.93,A,184109,55.83,3.157,4525.51,23319.85,120.18,117.6,9638.2,218.4062876,7.244,1537139.56,1224475.12,1966243.8050000002,2012,1,1,0
39,2012-01-13,0,1369125.37,A,184109,54.66,3.261,7924.93,13698.33,83.04,477.43,10488.23,218.5823389,7.244,1478537.93,1193199.3900000001,1890496.0950000002,2012,1,2,0
39,2012-01-20,0,1394841.03,A,184109,58.04,3.268,919.82,4005.7,90.56,525.75,1798.51,218.6755292,7.244,1369125.37,1243370.74,1734821.425,2012,1,3,0
39,2012-01-27,0,1320301.61,A,184109,60.65,3.29,1119.34,2578.64,82.5,4.0,1647.3,218.7687195,7.244,1394841.03,1158698.44,1444910.9725000001,2012,1,4,0
39,2012-02-03,0,1396150.15,A,184109,60.69,3.36,44153.98,1873.54,228.69,31484.58,24354.2,218.8619099,7.244,1320301.61,1343773.94,1390701.4849999999,2012,2,5,0
39,2012-02-10,1,1442988.44,A,184109,52.89,3.409,6997.37,1891.53,115.26,7093.82,9198.59,218.9551002,7.244,1396150.15,1227893.8900000001,1370104.54,2012,2,6,0
39,2012-02-17,0,1511041.69,A,184109,52.75,3.51,15632.4,6962.91,24.9,6631.5,23647.05,219.1148297,7.244,1442988.44,1335233.74,1388570.3074999999,2012,2,7,0
39,2012-02-24,0,1412065.04,A,184109,61.1,3.555,7826.68,6839.78,2.0,983.61,10296.01,219.3244636,7.244,1511041.69,1240921.19,1417620.4725,2012,2,8,0
39,2012-03-02,0,1453047.02,A,184109,64.05,3.63,22838.35,998.95,7.2,5781.24,12907.82,219.5340975,7.244,1412065.04,1316385.43,1440561.3299999998,2012,3,9,0
39,2012-03-09,0,1470764.35,A,184109,61.64,3.669,5772.82,286.18,3.57,735.05,28766.27,219.7437314,7.244,1453047.02,1283716.81,1454785.5475,2012,3,10,0
39,2012-03-16,0,1522421.07,A,184109,65.81,3.734,4150.56,184.15,6.24,1947.25,13451.44,219.8956335,7.244,1470764.35,1348410.05,1461729.525,2012,3,11,0
39,2012-03-23,0,1469593.3699999999,A,184109,67.91,3.787,4355.72,91.37,4.08,305.89,3682.22,219.9705599,7.244,1522421.07,1284334.79,1464574.37,2012,3,12,0
39,2012-03-30,0,1499727.02,A,184109,69.11,3.845,8547.51,93.82,,998.98,15532.43,220.0454862,7.244,1469593.3699999999,1316849.36,1478956.4525000001,2012,3,13,0
39,2012-04-06,0,1764847.94,A,184109,73.49,3.891,9057.89,,46.4,3572.95,15694.32,220.1204125,6.989,1499727.02,1350646.16,1490626.4525,2012,4,14,0
39,2012-04-13,0,1580732.73,A,184109,71.59,3.891,5032.34,3521.71,15.9,1241.57,10538.44,220.1953389,6.989,1764847.94,1348031.55,1564147.35,2012,4,15,0
39,2012-04-20,0,1433391.04,A,184109,70.04,3.877,5206.6,207.27,0.2,318.73,5241.86,220.2483937,6.989,1580732.73,1563140.85,1578725.265,2012,4,16,0
39,2012-04-27,0,1456997.2,A,184109,69.11,3.814,5821.79,,-0.2,164.58,8663.37,220.3014485,6.989,1433391.04,1379651.8699999999,1569674.6824999999,2012,4,17,0
40,2011-02-04,0,904261.65,A,155083,13.29,3.24,,,,,,133.1834194,5.114,775910.43,1001943.8,801380.2475,2011,2,5,0
40,2011-02-11,1,931939.52,A,155083,16.87,3.255,,,,,,133.260871,5.114,904261.65,955338.29,803875.6125,2011,2,6,0
40,2011-02-18,0,968694.45,A,155083,21.82,3.263,,,,,,133.3701429,5.114,931939.52,916289.2000000001,844031.5875,2011,2,7,0
40,2011-02-25,0,888869.27,A,155083,16.5,3.281,,,,,,133.4921429,5.114,968694.45,863917.41,895201.5125,2011,2,8,0
40,2011-03-04,0,977070.62,A,155083,18.49,3.437,,,,,,133.6141429,5.114,888869.27,990152.28,923441.2225,2011,3,9,0
40,2011-03-11,0,860255.58,A,155083,30.53,3.6,,,,,,133.7361429,5.114,977070.62,899352.4,941643.465,2011,3,10,0
40,2011-03-18,0,871024.26,A,155083,35.76,3.634,,,,,,133.8492258,5.114,860255.58,894865.3,923722.48,2011,3,11,0
40,2011-03-25,0,834621.39,A,155083,28.89,3.624,,,,,,133.9587419,5.114,871024.26,873354.58,899304.9325,2011,3,12,0
40,2011-04-01,0,841889.08,A,155083,28.6,3.638,,,,,,134.0682581,4.781,834621.39,1041202.13,885742.9625,2011,4,13,0
40,2011-04-08,0,947753.32,A,155083,34.77,3.72,,,,,,134.1777742,4.781,841889.08,919839.19,851947.5775,2011,4,14,0
40,2011-04-15,0,874446.32,A,155083,43.69,3.823,,,,,,134.2784667,4.781,947753.32,882636.96,873822.0125,2011,4,15,0
40,2011-04-22,0,965056.4,A,155083,39.32,3.919,,,,,,134.3571,4.781,874446.32,844958.49,874677.5275,2011,4,16,0
40,2011-04-29,0,847246.5,A,155083,52.68,3.988,,,,,,134.4357333,4.781,965056.4,816838.31,907286.28,2011,4,17,0
40,2011-05-06,0,1016752.55,A,155083,50.81,4.078,,,,,,134.5143667,4.781,847246.5,1009797.06,908625.635,2011,5,18,0
40,2011-05-13,0,903864.02,A,155083,54.09,4.095,,,,,,134.593,4.781,1016752.55,907262.47,925875.4425,2011,5,19,0
40,2011-05-20,0,907110.8300000001,A,155083,56.38,4.101,,,,,,134.6803871,4.781,903864.02,885613.91,933229.8675,2011,5,20,0
40,2011-05-27,0,972373.81,A,155083,63.11,4.034,,,,,,134.7677742,4.781,907110.8300000001,1008483.0700000001,918743.4750000001,2011,5,21,0
40,2011-06-03,0,1075687.74,A,155083,66.16,3.973,,,,,,134.8551613,4.781,972373.81,1052429.03,950025.3025000001,2011,6,22,0
40,2011-06-10,0,984336.04,A,155083,64.19,3.924,,,,,,134.9425484,4.781,1075687.74,1007574.67,964759.1000000001,2011,6,23,0
40,2011-06-17,0,971422.67,A,155083,59.16,3.873,,,,,,135.0837333,4.781,984336.04,973105.2999999999,984877.105,2011,6,24,0
40,2011-06-24,0,977103.64,A,155083,62.59,3.851,,,,,,135.2652667,4.781,971422.67,940405.03,1000955.0650000001,2011,6,25,0
40,2011-07-01,0,1048866.3,A,155083,65.25,3.815,,,,,,135.4468,4.584,977103.64,1087578.78,1002137.5225,2011,7,26,0
40,2011-07-08,0,1107366.06,A,155083,67.86,3.784,,,,,,135.6283333,4.584,1048866.3,1058250.91,995432.1625,2011,7,27,0
40,2011-07-15,0,953252.14,A,155083,68.9,3.827,,,,,,135.7837419,4.584,1107366.06,959229.09,1026189.6675000001,2011,7,28,0
40,2011-07-22,0,980642.1,A,155083,73.34,3.882,,,,,,135.8738387,4.584,953252.14,922341.82,1021647.035,2011,7,29,0
40,2011-07-29,0,929096.9,A,155083,67.45,3.898,,,,,,135.9639355,4.584,980642.1,953393.02,1022531.6499999999,2011,7,30,0
40,2011-08-05,0,1063818.2,A,155083,68.1,3.903,,,,,,136.0540323,4.584,929096.9,1057295.87,992589.3,2011,8,31,0
40,2011-08-12,0,955506.95,A,155083,68.3,3.88,,,,,,136.144129,4.584,1063818.2,924011.76,981702.335,2011,8,32,0
40,2011-08-19,0,943237.12,A,155083,64.05,3.82,,,,,,136.183129,4.584,955506.95,932397.0,982266.0374999999,2011,8,33,0
40,2011-08-26,0,969611.2999999999,A,155083,65.01,3.796,,,,,,136.2136129,4.584,943237.12,922328.02,972914.7925,2011,8,34,0
40,2011-09-02,0,957298.26,A,155083,63.79,3.784,,,,,,136.2440968,4.584,969611.2999999999,976453.34,983043.3924999998,2011,9,35,0
40,2011-09-09,1,1021391.99,A,155083,64.83,3.809,,,,,,136.2745806,4.584,957298.26,967310.8200000001,956413.4075,2011,9,36,0
40,2011-09-16,0,890661.79,A,155083,58.28,3.809,,,,,,136.3145,4.584,1021391.99,855046.95,972884.6675,2011,9,37,0
40,2011-09-23,0,876583.98,A,155083,54.09,3.758,,,,,,136.367,4.584,890661.79,844373.3099999999,959740.835,2011,9,38,0
40,2011-09-30,0,912857.1,A,155083,63.45,3.684,,,,,,136.4195,4.584,876583.98,891152.33,936484.0050000001,2011,9,39,0
40,2011-10-07,0,1070389.98,A,155083,50.21,3.633,,,,,,136.472,4.42,912857.1,972405.38,925373.715,2011,10,40,0
40,2011-10-14,0,936751.68,A,155083,53.9,3.583,,,,,,136.5150968,4.42,1070389.98,917883.17,937623.2125,2011,10,41,0
40,2011-10-21,0,942319.65,A,155083,51.61,3.618,,,,,,136.5017742,4.42,936751.68,882180.91,949145.6849999999,2011,10,42,0
40,2011-10-28,0,941675.95,A,155083,42.09,3.604,,,,,,136.4884516,4.42,942319.65,875038.84,965579.6024999999,2011,10,43,0
40,2011-11-04,0,1011321.1799999999,A,155083,35.4,3.586,,,,,,136.475129,4.42,941675.95,968270.66,972784.315,2011,11,44,0
40,2011-11-11,0,1037687.07,A,155083,40.75,3.57,10215.77,4613.06,191.71,3200.57,4230.85,136.4618065,4.42,1011321.1799999999,935481.32,958017.115,2011,11,45,0
40,2011-11-18,0,905399.99,A,155083,41.85,3.571,1100.08,973.56,31.81,523.23,4424.36,136.4666667,4.42,1037687.07,852452.93,983250.9624999999,2011,11,46,0
40,2011-11-25,1,1230011.95,A,155083,32.76,3.536,247.58,387.88,40362.07,47.0,1788.31,136.4788,4.42,905399.99,1166142.85,974021.0475,2011,11,47,0
40,2011-12-02,0,1059676.62,A,155083,38.51,3.501,3966.04,23.47,2363.99,1455.15,15828.62,136.4909333,4.42,1230011.95,1000582.06,1046105.0475,2011,12,48,0
40,2011-12-09,0,1158708.98,A,155083,34.48,3.47,7081.76,48.0,94.05,1757.4,6850.25,136.5030667,4.42,1059676.62,1111215.72,1058193.9075,2011,12,49,0
40,2011-12-16,0,1198670.19,A,155083,29.53,3.445,3067.81,,383.98,409.64,2938.11,136.5335161,4.42,1158708.98,1179036.3,1088449.385,2011,12,50,0
40,2011-12-23,0,1601585.7,A,155083,24.46,3.413,709.32,0.03,1065.7,67.72,1336.25,136.5883871,4.42,1198670.19,1648829.18,1161766.935,2011,12,51,0
40,2011-12-30,1,908853.15,A,155083,18.75,3.402,3392.38,25557.03,205.29,421.72,2439.13,136.6432581,4.42,1601585.7,811318.3,1254660.3725,2011,12,52,0
40,2012-01-06,0,954576.86,A,155083,23.29,3.439,3737.24,20629.4,169.85,954.18,4508.45,136.698129,4.261,908853.15,894280.19,1216954.505,2012,1,1,0
40,2012-01-13,0,780607.52,A,155083,25.9,3.523,1128.25,8721.23,129.34,393.68,3221.84,136.753,4.261,954576.86,771315.62,1165921.475,2012,1,2,0
40,2012-01-20,0,811365.42,A,155083,14.02,3.542,1658.12,4319.36,101.86,79.54,1831.29,136.8564194,4.261,780607.52,764014.75,1061405.8075,2012,1,3,0
40,2012-01-27,0,770157.29,A,155083,22.91,3.568,388.59,1327.78,126.72,38.29,1619.57,136.9598387,4.261,811365.42,775910.43,863850.7374999999,2012,1,4,0
40,2012-02-03,0,979552.34,A,155083,27.86,3.633,37980.28,2731.05,108.41,23597.14,5940.88,137.0632581,4.261,770157.29,904261.65,829176.7725,2012,2,5,0
40,2012-02-10,1,999785.48,A,155083,23.92,3.655,10333.24,3700.62,66.01,11804.09,7697.87,137.1666774,4.261,979552.34,931939.52,835420.6425000001,2012,2,6,0
40,2012-02-17,0,975500.87,A,155083,25.56,3.703,7763.37,7366.75,33.48,3995.44,2642.17,137.2583103,4.261,999785.48,968694.45,890215.1325000001,2012,2,7,0
40,2012-02-24,0,919301.81,A,155083,29.88,3.751,15946.5,4605.02,2.0,4775.14,9418.31,137.3411034,4.261,975500.87,888869.27,931248.995,2012,2,8,0
40,2012-03-02,0,927732.02,A,155083,23.79,3.827,15284.47,1338.94,,14210.79,2121.92,137.4238966,4.261,919301.81,977070.62,968535.125,2012,3,9,0
40,2012-03-09,0,954233.87,A,155083,30.58,3.876,12923.38,404.23,0.4,7062.19,3420.25,137.5066897,4.261,927732.02,860255.58,955580.045,2012,3,10,0
40,2012-03-16,0,891154.18,A,155083,37.13,3.867,4935.36,176.82,3.85,1392.83,2458.54,137.5843871,4.261,954233.87,871024.26,944192.1425000001,2012,3,11,0
40,2012-03-23,0,844490.86,A,155083,52.27,3.889,5767.41,126.67,2.77,179.94,3260.71,137.6552903,4.261,891154.18,834621.39,923105.4700000001,2012,3,12,0
40,2012-03-30,0,871945.64,A,155083,36.25,3.921,7182.51,120.76,9.34,2017.53,2449.78,137.7261935,4.261,844490.86,841889.08,904402.7325,2012,3,13,0
40,2012-04-06,0,1132064.23,A,155083,36.54,3.957,9295.46,,43.35,1876.1,6042.42,137.7970968,4.125,871945.64,947753.32,890456.1375000001,2012,4,14,0
40,2012-04-13,0,857811.17,A,155083,40.65,4.025,3668.82,4728.85,34.1,1320.78,1820.75,137.868,4.125,1132064.23,874446.32,934913.7275,2012,4,15,0
40,2012-04-20,0,896979.93,A,155083,55.3,4.046,3255.99,1157.63,25.59,340.56,3376.98,137.9230667,4.125,857811.17,965056.4,926577.975,2012,4,16,0
40,2012-04-27,0,875372.91,A,155083,47.51,4.023,2283.4,0.33,24.94,235.22,3113.29,137.9781333,4.125,896979.93,847246.5,939700.2425,2012,4,17,0
41,2011-02-04,0,1179420.5,A,196321,14.56,3.011,,,,,,191.7625895,7.241,1026439.93,1086533.18,1080167.855,2011,2,5,0
41,2011-02-11,1,1150003.36,A,196321,16.81,3.037,,,,,,191.8572881,7.241,1179420.5,1075656.34,1086623.8475000001,2011,2,6,0
41,2011-02-18,0,1203399.64,A,196321,39.39,3.051,,,,,,191.9178331,7.241,1150003.36,1052034.74,1110972.3975,2011,2,7,0
41,2011-02-25,0,1099714.93,A,196321,26.1,3.101,,,,,,191.9647167,7.241,1203399.64,991941.73,1139815.8575,2011,2,8,0
41,2011-03-04,0,1229257.7,A,196321,34.99,3.232,,,,,,192.0116004,7.241,1099714.93,1063557.49,1158134.6075,2011,3,9,0
41,2011-03-11,0,1159089.6,A,196321,31.6,3.372,,,,,,192.058484,7.241,1229257.7,1023997.71,1170593.9075,2011,3,10,0
41,2011-03-18,0,1115504.26,A,196321,40.19,3.406,,,,,,192.1237981,7.241,1159089.6,1006597.6900000001,1172865.4674999998,2011,3,11,0
41,2011-03-25,0,1140578.16,A,196321,41.11,3.414,,,,,,192.1964844,7.241,1115504.26,1015196.46,1150891.6225,2011,3,12,0
41,2011-04-01,0,1179125.48,A,196321,38.16,3.461,,,,,,192.2691707,6.934,1140578.16,1168826.39,1161107.4300000002,2011,4,13,0
41,2011-04-08,0,1206252.12,A,196321,42.87,3.532,,,,,,192.3418571,6.934,1179125.48,1082158.21,1148574.375,2011,4,14,0
41,2011-04-15,0,1192982.07,A,196321,39.94,3.611,,,,,,192.4225954,6.934,1206252.12,1043388.79,1160365.005,2011,4,15,0
41,2011-04-22,0,1304481.75,A,196321,42.86,3.636,,,,,,192.5234638,6.934,1192982.07,1067340.74,1179734.4575,2011,4,16,0
41,2011-04-29,0,1178841.05,A,196321,39.81,3.663,,,,,,192.6243322,6.934,1304481.75,1063960.1099999999,1220710.355,2011,4,17,0
41,2011-05-06,0,1244956.91,A,196321,41.2,3.735,,,,,,192.7252006,6.934,1178841.05,1175738.22,1220639.2475,2011,5,18,0
41,2011-05-13,0,1270025.74,A,196321,50.29,3.767,,,,,,192.826069,6.934,1244956.91,1116439.02,1230315.445,2011,5,19,0
41,2011-05-20,0,1244542.33,A,196321,41.11,3.828,,,,,,192.831317,6.934,1270025.74,1163234.33,1249576.3624999998,2011,5,20,0
41,2011-05-27,0,1278304.33,A,196321,50.56,3.795,,,,,,192.8365651,6.934,1244542.33,1246654.24,1234591.5074999998,2011,5,21,0
41,2011-06-03,0,1297584.95,A,196321,54.81,3.763,,,,,,192.8418131,6.934,1278304.33,1305068.1,1259457.3275000001,2011,6,22,0
41,2011-06-10,0,1311690.11,A,196321,61.1,3.735,,,,,,192.8470612,6.934,1297584.95,1217199.39,1272614.3375,2011,6,23,0
41,2011-06-17,0,1289151.84,A,196321,62.3,3.697,,,,,,192.9034759,6.934,1311690.11,1202963.06,1283030.4300000002,2011,6,24,0
41,2011-06-24,0,1244381.98,A,196321,59.54,3.661,,,,,,192.9982655,6.934,1289151.84,1174209.52,1294182.8075,2011,6,25,0
41,2011-07-01,0,1333347.78,A,196321,67.01,3.597,,,,,,193.0930552,6.901,1244381.98,1273279.79,1285702.22,2011,7,26,0
41,2011-07-08,0,1338862.58,A,196321,68.49,3.54,,,,,,193.1878448,6.901,1333347.78,1176079.59,1294642.9275,2011,7,27,0
41,2011-07-15,0,1245772.7,A,196321,68.18,3.532,,,,,,193.3125484,6.901,1338862.58,1179788.3800000001,1301436.045,2011,7,28,0
41,2011-07-22,0,1292830.93,A,196321,74.11,3.545,,,,,,193.5120367,6.901,1245772.7,1192213.8699999999,1290591.26,2011,7,29,0
41,2011-07-29,0,1248330.1,A,196321,71.3,3.547,,,,,,193.711525,6.901,1292830.93,1211136.6300000001,1302703.4975,2011,7,30,0
41,2011-08-05,0,1402233.69,A,196321,72.19,3.554,,,,,,193.9110133,6.901,1248330.1,1338132.72,1281449.0775000001,2011,8,31,0
41,2011-08-12,0,1356689.88,A,196321,67.65,3.542,,,,,,194.1105017,6.901,1402233.69,1285976.53,1297291.855,2011,8,32,0
41,2011-08-19,0,1412959.97,A,196321,70.55,3.499,,,,,,194.2500634,6.901,1356689.88,1353838.39,1325021.15,2011,8,33,0
41,2011-08-26,0,1328740.71,A,196321,71.61,3.485,,,,,,194.3796374,6.901,1412959.97,1173131.63,1355053.41,2011,8,34,0
41,2011-09-02,0,1283849.38,A,196321,70.37,3.511,,,,,,194.5092113,6.901,1328740.71,1223355.5,1375156.0625,2011,9,35,0
41,2011-09-09,1,1280958.97,A,196321,58.31,3.566,,,,,,194.6387853,6.901,1283849.38,1172672.27,1345559.9849999999,2011,9,36,0
41,2011-09-16,0,1197019.39,A,196321,54.82,3.596,,,,,,194.7419707,6.901,1280958.97,1111170.91,1326627.2574999998,2011,9,37,0
41,2011-09-23,0,1173059.79,A,196321,55.06,3.581,,,,,,194.8099713,6.901,1197019.39,1110941.78,1272642.1125,2011,9,38,0
41,2011-09-30,0,1160619.61,A,196321,61.77,3.538,,,,,,194.8779718,6.901,1173059.79,1109216.35,1233721.8825,2011,9,39,0
41,2011-10-07,0,1277882.77,A,196321,58.74,3.498,,,,,,194.9459724,6.759,1160619.61,1162042.24,1202914.44,2011,10,40,0
41,2011-10-14,0,1247130.22,A,196321,47.43,3.491,,,,,,195.0261012,6.759,1277882.77,1133913.33,1202145.3900000001,2011,10,41,0
41,2011-10-21,0,1214944.29,A,196321,45.62,3.548,,,,,,195.1789994,6.759,1247130.22,1156003.7,1214673.0975000001,2011,10,42,0
41,2011-10-28,0,1274463.02,A,196321,37.02,3.55,,,,,,195.3318977,6.759,1214944.29,1144854.56,1225144.2225000001,2011,10,43,0
41,2011-11-04,0,1315684.8599999999,A,196321,35.04,3.527,,,,,,195.4847959,6.759,1274463.02,1163878.49,1253605.075,2011,11,44,0
41,2011-11-11,0,1302499.23,A,196321,32.87,3.505,17118.58,14927.3,309.49,8187.22,4925.08,195.6376941,6.759,1315684.8599999999,1175326.23,1263055.5975,2011,11,45,0
41,2011-11-18,0,1230118.02,A,196321,36.64,3.479,2513.13,581.97,69.52,194.54,6131.09,195.7184713,6.759,1302499.23,1172155.28,1276897.85,2011,11,46,0
41,2011-11-25,1,1906713.35,A,196321,36.37,3.424,256.95,1053.98,79621.2,40.76,2616.56,195.7704,6.759,1230118.02,1866681.57,1280691.2825,2011,11,47,0
41,2011-12-02,0,1292436.23,A,196321,34.53,3.378,4594.56,305.47,1781.24,3168.1,21739.26,195.8223287,6.759,1906713.35,1220115.75,1438753.865,2011,12,48,0
41,2011-12-09,0,1548661.45,A,196321,17.05,3.331,2782.39,120.0,141.21,1946.76,9503.64,195.8742575,6.759,1292436.23,1434908.13,1432941.7075,2011,12,49,0
41,2011-12-16,0,1682368.32,A,196321,25.01,3.266,7400.39,89.0,283.08,1269.68,4809.26,195.9841685,6.759,1548661.45,1627904.68,1494482.2625,2011,12,50,0
41,2011-12-23,0,2263722.68,A,196321,25.59,3.173,1284.19,30.33,1059.9,35.76,3430.56,196.1713893,6.759,1682368.32,2225016.73,1607544.8375000001,2011,12,51,0
41,2011-12-30,1,1264014.16,A,196321,34.12,3.119,5251.98,56106.2,134.7,1059.49,2366.54,196.3586101,6.759,2263722.68,1001790.16,1696797.17,2011,12,52,0
41,2012-01-06,0,1208191.61,A,196321,37.21,3.095,6453.63,22866.83,126.87,2582.41,4266.94,196.5458309,6.589,1264014.16,1153596.53,1689691.6525,2012,1,1,0
41,2012-01-13,0,1134767.28,A,196321,27.49,3.077,1934.8,14627.46,112.2,542.89,4044.44,196.7330517,6.589,1208191.61,1052609.16,1604574.1925,2012,1,2,0
41,2012-01-20,0,1116295.24,A,196321,31.56,3.055,2827.98,3671.37,119.55,530.03,1924.99,196.7796652,6.589,1134767.28,1088025.8,1467673.9324999999,2012,1,3,0
41,2012-01-27,0,1079398.81,A,196321,33.15,3.038,2464.6,2126.51,112.01,129.54,817.31,196.8262786,6.589,1116295.24,1026439.93,1180817.0725,2012,1,4,0
41,2012-02-03,0,1208825.6,A,196321,31.65,3.031,42353.77,4696.86,231.92,46238.28,6379.49,196.8728921,6.589,1079398.81,1179420.5,1134663.2349999999,2012,2,5,0
41,2012-02-10,1,1238844.56,A,196321,22.0,3.103,8123.92,7618.89,127.05,13453.73,8066.43,196.9195056,6.589,1208825.6,1150003.36,1134821.7325,2012,2,6,0
41,2012-02-17,0,1330451.46,A,196321,22.52,3.113,15838.59,10710.9,14.96,10097.26,7390.48,196.9432711,6.589,1238844.56,1203399.64,1160841.0525,2012,2,7,0
41,2012-02-24,0,1224915.66,A,196321,27.89,3.129,9156.06,9181.74,3.2,3808.5,6148.47,196.9499007,6.589,1330451.46,1099714.93,1214380.1075,2012,2,8,0
41,2012-03-02,0,1239813.26,A,196321,27.39,3.191,11028.34,3211.73,21.0,15693.13,1736.73,196.9565303,6.589,1224915.66,1229257.7,1250759.32,2012,3,9,0
41,2012-03-09,0,1243814.77,A,196321,35.3,3.286,15255.04,285.89,7.74,3203.61,3889.43,196.9631599,6.589,1239813.26,1159089.6,1258506.2349999999,2012,3,10,0
41,2012-03-16,0,1201511.6199999999,A,196321,47.76,3.486,6504.93,48.97,4.59,3026.39,2020.55,197.0457208,6.589,1243814.77,1115504.26,1259748.7875,2012,3,11,0
41,2012-03-23,0,1215354.3800000001,A,196321,44.04,3.664,4605.49,49.08,2.6,1134.03,3631.27,197.2295234,6.589,1201511.6199999999,1140578.16,1227513.8275,2012,3,12,0
41,2012-03-30,0,1239423.19,A,196321,51.56,3.75,5694.25,9.66,7.09,1677.31,2419.34,197.4133259,6.589,1215354.3800000001,1179125.48,1225123.5074999998,2012,3,13,0
41,2012-04-06,0,1460234.31,A,196321,48.48,3.854,6660.45,,49.15,2126.59,6791.05,197.5971285,6.547,1239423.19,1206252.12,1225025.99,2012,4,14,0
41,2012-04-13,0,1323004.73,A,196321,46.84,3.901,8316.49,3192.24,24.23,2770.63,3631.39,197.780931,6.547,1460234.31,1192982.07,1279130.875,2012,4,15,0
41,2012-04-20,0,1220815.33,A,196321,43.57,3.936,3677.88,1165.88,37.89,297.31,2227.25,197.7227385,6.547,1323004.73,1304481.75,1309504.1524999999,2012,4,16,0
41,2012-04-27,0,1248950.65,A,196321,57.66,3.927,2984.54,7.76,203.99,39.75,3068.81,197.664546,6.547,1220815.33,1178841.05,1310869.3900000001,2012,4,17,0
42,2011-02-04,0,586886.16,C,39690,44.88,3.348,,,,,,127.7195806,8.744,499081.79,543384.01,559835.8275,2011,2,5,2
42,2011-02-11,1,628063.88,C,39690,51.51,3.381,,,,,,127.859129,8.744,586886.16,575709.96,558320.4299999999,2011,2,6,2
42,2011-02-18,0,556485.1,C,39690,61.77,3.43,,,,,,127.99525,8.744,628063.88,508794.87,561861.6125,2011,2,7,2
42,2011-02-25,0,526904.08,C,39690,53.59,3.398,,,,,,128.13,8.744,556485.1,491510.58,567629.2324999999,2011,2,8,2
42,2011-03-04,0,570879.04,C,39690,56.96,3.674,,,,,,128.26475,8.744,526904.08,554972.42,574584.8049999999,2011,3,9,2
42,2011-03-11,0,607294.56,C,39690,64.22,3.63,,,,,,128.3995,8.744,570879.04,588363.62,570583.025,2011,3,10,2
42,2011-03-18,0,558239.32,C,39690,70.12,3.892,,,,,,128.5121935,8.744,607294.56,519914.1,565390.6950000001,2011,3,11,2
42,2011-03-25,0,522673.62,C,39690,62.53,3.716,,,,,,128.6160645,8.744,558239.32,478021.68,565829.25,2011,3,12,2
42,2011-04-01,0,508432.17,C,39690,67.64,3.772,,,,,,128.7199355,8.494,522673.62,505907.41000000003,564771.635,2011,4,13,2
42,2011-04-08,0,620087.35,C,39690,73.03,3.818,,,,,,128.8238065,8.494,508432.17,582552.26,549159.9175,2011,4,14,2
42,2011-04-15,0,597644.02,C,39690,61.05,4.089,,,,,,128.9107333,8.494,620087.35,549528.16,552358.115,2011,4,15,2
42,2011-04-22,0,534597.69,C,39690,75.93,3.917,,,,,,128.9553,8.494,597644.02,492364.76999999996,562209.29,2011,4,16,2
42,2011-04-29,0,496010.17,C,39690,73.38,4.151,,,,,,128.9998667,8.494,534597.69,477615.87,565190.3074999999,2011,4,17,2
42,2011-05-06,0,612337.35,C,39690,73.56,4.193,,,,,,129.0444333,8.494,496010.17,582846.22,562084.8075,2011,5,18,2
42,2011-05-13,0,603024.75,C,39690,74.04,4.202,,,,,,129.089,8.494,612337.35,564345.55,560147.3075,2011,5,19,2
42,2011-05-20,0,524559.95,C,39690,72.62,3.99,,,,,,129.0756774,8.494,603024.75,504403.16,561492.49,2011,5,20,2
42,2011-05-27,0,503295.29,C,39690,78.62,3.933,,,,,,129.0623548,8.494,524559.95,484097.03,558983.0549999999,2011,5,21,2
42,2011-06-03,0,545109.3,C,39690,81.87,3.893,,,,,,129.0490323,8.494,503295.29,556046.12,560804.335,2011,6,22,2
42,2011-06-10,0,616701.99,C,39690,84.57,3.981,,,,,,129.0357097,8.494,545109.3,607218.6,543997.3225,2011,6,23,2
42,2011-06-17,0,546675.65,C,39690,87.96,3.935,,,,,,129.0432,8.494,616701.99,529418.64,547416.6325000001,2011,6,24,2
42,2011-06-24,0,501780.66000000003,C,39690,90.69,3.807,,,,,,129.0663,8.494,546675.65,484327.56,552945.5575,2011,6,25,2
42,2011-07-01,0,506343.83,C,39690,95.36,3.842,,,,,,129.0894,8.257,501780.66000000003,507168.8,552566.9,2011,7,26,2
42,2011-07-08,0,593234.27,C,39690,88.57,3.793,,,,,,129.1125,8.257,506343.83,570069.48,542875.5325,2011,7,27,2
42,2011-07-15,0,591703.8200000001,C,39690,86.01,3.779,,,,,,129.1338387,8.257,593234.27,558837.27,537008.6025,2011,7,28,2
42,2011-07-22,0,511316.29,C,39690,88.59,3.697,,,,,,129.1507742,8.257,591703.8200000001,491115.86,548265.645,2011,7,29,2
42,2011-07-29,0,479256.8,C,39690,86.75,3.694,,,,,,129.1677097,8.257,511316.29,469598.57,550649.5525,2011,7,30,2
42,2011-08-05,0,572603.33,C,39690,89.8,3.803,,,,,,129.1846452,8.257,479256.8,579544.2100000001,543877.795,2011,8,31,2
42,2011-08-12,0,603147.26,C,39690,85.61,3.794,,,,,,129.2015806,8.257,572603.33,583079.97,538720.06,2011,8,32,2
42,2011-08-19,0,526641.23,C,39690,87.4,3.743,,,,,,129.2405806,8.257,603147.26,500945.63,541580.9199999999,2011,8,33,2
42,2011-08-26,0,503720.98,C,39690,91.59,3.663,,,,,,129.2832581,8.257,526641.23,465993.51,545412.155,2011,8,34,2
42,2011-09-02,0,537124.76,C,39690,91.61,3.798,,,,,,129.3259355,8.257,503720.98,524658.0599999999,551528.2,2011,9,35,2
42,2011-09-09,1,608390.9400000001,C,39690,89.06,3.771,,,,,,129.3686129,8.257,537124.76,589091.04,542658.5575,2011,9,36,2
42,2011-09-16,0,576837.09,C,39690,77.49,3.784,,,,,,129.4306,8.257,608390.9400000001,536871.58,543969.4775,2011,9,37,2
42,2011-09-23,0,528486.45,C,39690,82.51,3.789,,,,,,129.5183333,8.257,576837.09,492262.95999999996,556518.4425,2011,9,38,2
42,2011-09-30,0,510243.79,C,39690,82.27,3.877,,,,,,129.6060667,8.257,528486.45,481523.93,562709.81,2011,9,39,2
42,2011-10-07,0,649111.23,C,39690,75.01,3.827,,,,,,129.6938,7.874,510243.79,599759.45,555989.5675,2011,10,40,2
42,2011-10-14,0,613531.11,C,39690,70.27,3.698,,,,,,129.7706452,7.874,649111.23,559285.35,566169.64,2011,10,41,2
42,2011-10-21,0,537276.41,C,39690,77.91,3.842,,,,,,129.7821613,7.874,613531.11,522467.51,575343.145,2011,10,42,2
42,2011-10-28,0,515599.69999999995,C,39690,72.79,3.843,,,,,,129.7936774,7.874,537276.41,476967.65,577540.635,2011,10,43,2
42,2011-11-04,0,597667.21,C,39690,68.57,3.828,,,,,,129.8051935,7.874,515599.69999999995,565390.4,578879.6125,2011,11,44,2
42,2011-11-11,0,643125.29,C,39690,55.28,3.677,25.73,274.85,14.74,,2885.55,129.8167097,7.874,597667.21,588592.61,566018.6074999999,2011,11,45,2
42,2011-11-18,0,567673.87,C,39690,58.97,3.669,2544.26,12.31,2.02,,3385.15,129.8268333,7.874,643125.29,524316.21,573417.1525000001,2011,11,46,2
42,2011-11-25,1,577698.37,C,39690,60.68,3.76,25.8,,4.7,,1932.72,129.8364,7.874,567673.87,522296.71,581016.5175,2011,11,47,2
42,2011-12-02,0,511883.36,C,39690,57.29,3.701,24.09,,4.7,,1016.84,129.8459667,7.874,577698.37,500250.8,596541.185,2011,12,48,2
42,2011-12-09,0,619133.48,C,39690,42.58,3.644,31.2,,21.31,,1872.37,129.8555333,7.874,511883.36,585175.24,575095.2225,2011,12,49,2
42,2011-12-16,0,598437.98,C,39690,50.53,3.489,2.42,,31.33,,675.78,129.8980645,7.874,619133.48,537455.65,569097.27,2011,12,50,2
42,2011-12-23,0,575676.13,C,39690,48.36,3.541,103.5,,19.63,,939.49,129.9845484,7.874,598437.98,555075.27,576788.2975,2011,12,51,2
42,2011-12-30,1,454412.28,C,39690,48.92,3.428,242.41,1447.26,3.64,183.96,459.06,130.0710323,7.874,575676.13,428953.60000000003,576282.7375,2011,12,52,2
42,2012-01-06,0,636372.37,C,39690,59.85,3.443,2.91,2655.21,77.86,,649.61,130.1575161,7.545,454412.28,592947.75,561914.9675,2012,1,1,2
42,2012-01-13,0,664348.2,C,39690,51.0,3.477,1251.87,2536.15,21.1,,515.26,130.244,7.545,636372.37,613899.15,566224.6900000001,2012,1,2,2
42,2012-01-20,0,579499.9299999999,C,39690,54.51,3.66,604.05,1982.9,,,343.93,130.2792258,7.545,664348.2,533414.62,582702.245,2012,1,3,2
42,2012-01-27,0,538978.67,C,39690,53.59,3.675,2.4,539.32,,,816.91,130.3144516,7.545,579499.9299999999,499081.79,583658.195,2012,1,4,2
42,2012-02-03,0,588448.21,C,39690,56.85,3.543,1351.16,17.81,15.97,263.92,1415.88,130.3496774,7.545,538978.67,586886.16,604799.7925,2012,2,5,2
42,2012-02-10,1,674919.45,C,39690,55.73,3.722,992.73,13.93,25.7,,1700.95,130.3849032,7.545,588448.21,628063.88,592818.7525,2012,2,6,2
42,2012-02-17,0,606671.5,C,39690,54.12,3.781,66.87,736.8,3.94,,996.28,130.4546207,7.545,674919.45,556485.1,595461.565,2012,2,7,2
42,2012-02-24,0,564304.15,C,39690,56.02,3.95,353.39,232.44,,,1644.66,130.5502069,7.545,606671.5,526904.08,602254.4575,2012,2,8,2
42,2012-03-02,0,585895.34,C,39690,57.62,3.882,441.4,10.78,1.96,,1511.43,130.6457931,7.545,564304.15,570879.04,608585.8275,2012,3,9,2
42,2012-03-09,0,659816.15,C,39690,57.65,3.963,392.63,1.0,3.43,2.8,798.38,130.7413793,7.545,585895.34,607294.56,607947.61,2012,3,10,2
42,2012-03-16,0,618767.26,C,39690,62.11,4.273,438.48,1.5,2.35,,2251.09,130.8261935,7.545,659816.15,558239.32,604171.785,2012,3,11,2
42,2012-03-23,0,561226.38,C,39690,56.54,4.288,2.43,,0.68,,796.25,130.8966452,7.545,618767.26,522673.62,607195.725,2012,3,12,2
42,2012-03-30,0,544408.14,C,39690,67.92,4.294,341.0,1.5,,21.94,1431.13,130.9670968,7.545,561226.38,508432.17,606426.2825,2012,3,13,2
42,2012-04-06,0,652312.11,C,39690,65.99,4.282,2.12,,34.23,,250.62,131.0375484,7.382,544408.14,620087.35,596054.4825,2012,4,14,2
42,2012-04-13,0,639123.45,C,39690,70.28,4.254,146.91,848.67,14.51,,1191.9,131.108,7.382,652312.11,597644.02,594178.4725,2012,4,15,2
42,2012-04-20,0,552529.23,C,39690,67.75,4.111,82.23,169.55,16.1,,642.71,131.1173333,7.382,639123.45,534597.69,599267.52,2012,4,16,2
42,2012-04-27,0,526625.49,C,39690,80.11,4.088,685.44,,12.09,,512.76,131.1266667,7.382,552529.23,496010.17,597093.2324999999,2012,4,17,2
43,2011-02-04,0,651521.77,C,41062,33.21,2.989,,,,,,204.5264194,10.398,562558.27,647029.28,597574.9349999999,2011,2,5,2
43,2011-02-11,1,635650.98,C,41062,40.65,3.022,,,,,,204.873871,10.398,651521.77,682918.99,607506.225,2011,2,6,2
43,2011-02-18,0,626627.77,C,41062,59.15,3.045,,,,,,205.1683214,10.398,635650.98,658997.55,612683.9525,2011,2,7,2
43,2011-02-25,0,592340.01,C,41062,58.37,3.065,,,,,,205.4415714,10.398,626627.77,618702.79,619089.6975,2011,2,8,2
43,2011-03-04,0,616345.25,C,41062,60.26,3.288,,,,,,205.7148214,10.398,592340.01,658600.05,626535.1325000001,2011,3,9,2
43,2011-03-11,0,629026.75,C,41062,60.24,3.459,,,,,,205.9880714,10.398,616345.25,645386.9400000001,617741.0025000001,2011,3,10,2
43,2011-03-18,0,635171.05,C,41062,68.98,3.488,,,,,,206.225924,10.398,629026.75,668098.49,616084.9450000001,2011,3,11,2
43,2011-03-25,0,585989.1,C,41062,65.53,3.473,,,,,,206.4496175,10.398,635171.05,623097.9299999999,618220.765,2011,3,12,2
43,2011-04-01,0,611585.54,C,41062,67.79,3.524,,,,,,206.6733111,10.581,585989.1,650102.8,616633.0375,2011,4,13,2
43,2011-04-08,0,650418.75,C,41062,70.35,3.622,,,,,,206.8970046,10.581,611585.54,693058.34,615443.11,2011,4,14,2
43,2011-04-15,0,635758.03,C,41062,65.01,3.743,,,,,,207.1015429,10.581,650418.75,675282.2,620791.11,2011,4,15,2
43,2011-04-22,0,638280.67,C,41062,74.49,3.807,,,,,,207.2581929,10.581,635758.03,638957.35,620937.855,2011,4,16,2
43,2011-04-29,0,611464.21,C,41062,71.34,3.81,,,,,,207.4148429,10.581,638280.67,630740.11,634010.7475,2011,4,17,2
43,2011-05-06,0,649148.74,C,41062,66.77,3.906,,,,,,207.5714929,10.581,611464.21,691498.6,633980.415,2011,5,18,2
43,2011-05-13,0,684655.91,C,41062,76.03,3.899,,,,,,207.7281429,10.581,649148.74,690851.59,633662.9125,2011,5,19,2
43,2011-05-20,0,648330.18,C,41062,74.21,3.907,,,,,,207.5200622,10.581,684655.91,672062.08,645887.3825000001,2011,5,20,2
43,2011-05-27,0,578209.63,C,41062,80.89,3.786,,,,,,207.3119816,10.581,648330.18,630315.76,648399.76,2011,5,21,2
43,2011-06-03,0,630972.15,C,41062,83.49,3.699,,,,,,207.1039009,10.581,578209.63,682012.53,640086.115,2011,6,22,2
43,2011-06-10,0,643041.71,C,41062,85.81,3.648,,,,,,206.8958203,10.581,630972.15,684023.95,635541.9675,2011,6,23,2
43,2011-06-17,0,665781.74,C,41062,88.49,3.637,,,,,,206.8560238,10.581,643041.71,700009.77,625138.4175,2011,6,24,2
43,2011-06-24,0,604925.08,C,41062,88.3,3.594,,,,,,206.9424405,10.581,665781.74,625196.14,629501.3075,2011,6,25,2
43,2011-07-01,0,586781.78,C,41062,91.36,3.524,,,,,,207.0288571,10.641,604925.08,667353.79,636180.1699999999,2011,7,26,2
43,2011-07-08,0,651147.83,C,41062,87.02,3.48,,,,,,207.1152738,10.641,586781.78,718748.33,625132.5775,2011,7,27,2
43,2011-07-15,0,631827.38,C,41062,84.67,3.575,,,,,,207.1940691,10.641,651147.83,696844.36,627159.1075,2011,7,28,2
43,2011-07-22,0,597354.39,C,41062,88.58,3.651,,,,,,207.2538111,10.641,631827.38,649035.55,618670.5175,2011,7,29,2
43,2011-07-29,0,533917.52,C,41062,83.43,3.682,,,,,,207.313553,10.641,597354.39,622112.23,616777.845,2011,7,30,2
43,2011-08-05,0,605956.59,C,41062,87.47,3.684,,,,,,207.3732949,10.641,533917.52,698536.0599999999,603561.78,2011,8,31,2
43,2011-08-12,0,595626.56,C,41062,86.64,3.638,,,,,,207.4330369,10.641,605956.59,713479.91,592263.97,2011,8,32,2
43,2011-08-19,0,663396.3200000001,C,41062,82.08,3.554,,,,,,207.4953088,10.641,595626.56,712869.09,583213.765,2011,8,33,2
43,2011-08-26,0,561573.08,C,41062,87.43,3.523,,,,,,207.5580023,10.641,663396.3200000001,655284.6900000001,599724.2475,2011,8,34,2
43,2011-09-02,0,594224.9,C,41062,87.84,3.533,,,,,,207.6206959,10.641,561573.08,689326.91,606638.1375,2011,9,35,2
43,2011-09-09,1,649128.23,C,41062,79.29,3.546,,,,,,207.6833894,10.641,594224.9,722120.04,603705.2150000001,2011,9,36,2
43,2011-09-16,0,618877.13,C,41062,77.17,3.526,,,,,,207.8527143,10.641,649128.23,725043.04,617080.6325000001,2011,9,37,2
43,2011-09-23,0,586108.13,C,41062,78.98,3.467,,,,,,208.1642143,10.641,618877.13,650263.95,605950.835,2011,9,38,2
43,2011-09-30,0,555183.72,C,41062,78.97,3.355,,,,,,208.4757143,10.641,586108.13,657108.77,612084.5974999999,2011,9,39,2
43,2011-10-07,0,642828.62,C,41062,74.17,3.285,,,,,,208.7872143,10.148,555183.72,713332.54,602324.3025,2011,10,40,2
43,2011-10-14,0,590984.56,C,41062,68.09,3.274,,,,,,209.0752166,10.148,642828.62,699852.68,600749.4,2011,10,41,2
43,2011-10-21,0,594625.96,C,41062,70.3,3.353,,,,,,209.2222327,10.148,590984.56,680943.03,593776.2575000001,2011,10,42,2
43,2011-10-28,0,572516.57,C,41062,66.82,3.372,,,,,,209.3692488,10.148,594625.96,610076.32,595905.715,2011,10,43,2
43,2011-11-04,0,641905.37,C,41062,59.08,3.332,,,,,,209.516265,10.148,572516.57,605960.2,600238.9275,2011,11,44,2
43,2011-11-11,0,615975.5,C,41062,51.26,3.297,179.25,944.52,3.06,,2836.25,209.6632811,10.148,641905.37,595421.23,600008.115,2011,11,45,2
43,2011-11-18,0,628115.61,C,41062,57.75,3.308,32.13,3.37,2.56,,1004.04,209.8651071,10.148,615975.5,589467.35,606255.85,2011,11,46,2
43,2011-11-25,1,669965.22,C,41062,55.7,3.236,3.37,,5.76,,212.75,210.0888571,10.148,628115.61,633520.34,614628.2625,2011,11,47,2
43,2011-12-02,0,585028.26,C,41062,47.49,3.172,14.82,,6.11,,1707.13,210.3126071,10.148,669965.22,557543.62,638990.425,2011,12,48,2
43,2011-12-09,0,617898.07,C,41062,34.23,3.158,38.34,,7.41,,1707.87,210.5363571,10.148,585028.26,598679.02,624771.1475,2011,12,49,2
43,2011-12-16,0,665007.08,C,41062,43.78,3.159,4.86,,2.5,,1070.83,210.7365392,10.148,617898.07,615761.77,625251.7899999999,2011,12,50,2
43,2011-12-23,0,676290.46,C,41062,42.63,3.112,75.54,,3.75,,1276.15,210.9052972,10.148,665007.08,656637.63,634474.6575,2011,12,51,2
43,2011-12-30,1,505405.85,C,41062,41.83,3.129,415.59,1926.05,,50.66,837.74,211.0740553,10.148,676290.46,534740.3,636055.9675,2011,12,52,2
43,2012-01-06,0,670993.01,C,41062,47.59,3.157,32.95,1699.03,70.35,,1168.66,211.2428134,9.653,505405.85,611796.61,616150.365,2012,1,1,2
43,2012-01-13,0,663529.64,C,41062,43.68,3.261,894.04,209.71,32.36,,1191.88,211.4115714,9.653,670993.01,614940.07,629424.1,2012,1,2,2
43,2012-01-20,0,619225.65,C,41062,52.72,3.268,320.8,24.36,31.72,,153.04,211.4997811,9.653,663529.64,601004.79,629054.74,2012,1,3,2
43,2012-01-27,0,587685.38,C,41062,52.1,3.29,122.11,8.64,26.26,,532.33,211.5879908,9.653,619225.65,562558.27,614788.5375,2012,1,4,2
43,2012-02-03,0,629176.71,C,41062,51.92,3.36,1702.1,33.56,51.66,152.82,2211.81,211.6762005,9.653,587685.38,651521.77,635358.4199999999,2012,2,5,2
43,2012-02-10,1,662198.65,C,41062,46.54,3.409,565.9,,27.07,,1984.35,211.7644101,9.653,629176.71,635650.98,624904.345,2012,2,6,2
43,2012-02-17,0,660632.0499999999,C,41062,49.38,3.51,109.95,1389.84,0.52,,2824.89,211.916835,9.653,662198.65,626627.77,624571.5975,2012,2,7,2
43,2012-02-24,0,613042.97,C,41062,53.53,3.555,439.68,361.74,,,1450.19,212.1174212,9.653,660632.0499999999,592340.01,634923.1975,2012,2,8,2
43,2012-03-02,0,693249.98,C,41062,56.43,3.63,346.74,2.56,15.84,,1429.73,212.3180074,9.653,613042.97,616345.25,641262.595,2012,3,9,2
43,2012-03-09,0,636677.67,C,41062,54.52,3.669,392.09,0.5,,,1293.41,212.5185936,9.653,693249.98,629026.75,657280.9125,2012,3,10,2
43,2012-03-16,0,661707.02,C,41062,57.88,3.734,257.14,,2.04,,631.56,212.6651567,9.653,636677.67,635171.05,650900.6675,2012,3,11,2
43,2012-03-23,0,610940.9400000001,C,41062,56.28,3.787,197.77,,1.36,,1485.55,212.7396889,9.653,661707.02,585989.1,651169.41,2012,3,12,2
43,2012-03-30,0,623258.4,C,41062,69.88,3.845,144.85,,,,470.29,212.8142212,9.653,610940.9400000001,611585.54,650643.9025000001,2012,3,13,2
43,2012-04-06,0,658468.27,C,41062,64.7,3.891,177.39,,12.17,,1479.85,212.8887535,9.575,623258.4,650418.75,633146.0075000001,2012,4,14,2
43,2012-04-13,0,665687.92,C,41062,70.18,3.891,150.15,1125.71,4.49,,407.12,212.9632857,9.575,658468.27,635758.03,638593.6575000001,2012,4,15,2
43,2012-04-20,0,638144.98,C,41062,67.28,3.877,239.84,1777.55,5.6,86.89,870.6,213.0130524,9.575,665687.92,638280.67,639588.8825000001,2012,4,16,2
43,2012-04-27,0,593138.59,C,41062,78.27,3.814,251.26,,1.98,,719.56,213.062819,9.575,638144.98,611464.21,646389.8925000001,2012,4,17,2
44,2011-02-04,0,293953.08,C,39910,23.35,2.974,,,,,,127.7195806,7.224,276011.4,281090.95,283337.235,2011,2,5,2
44,2011-02-11,1,307486.73,C,39910,30.83,3.034,,,,,,127.859129,7.224,293953.08,286857.13,284745.41000000003,2011,2,6,2
44,2011-02-18,0,280785.76,C,39910,40.85,3.062,,,,,,127.99525,7.224,307486.73,267956.3,288402.2525,2011,2,7,2
44,2011-02-25,0,279427.93,C,39910,33.17,3.12,,,,,,128.13,7.224,280785.76,273079.07,289559.2425,2011,2,8,2
44,2011-03-04,0,293984.54,C,39910,34.23,3.23,,,,,,128.26475,7.224,279427.93,284617.27,290413.375,2011,3,9,2
44,2011-03-11,0,284496.14,C,39910,41.28,3.346,,,,,,128.3995,7.224,293984.54,272190.83,290421.24,2011,3,10,2
44,2011-03-18,0,281699.68,C,39910,44.69,3.407,,,,,,128.5121935,7.224,284496.14,269624.2,284673.5925,2011,3,11,2
44,2011-03-25,0,285031.81,C,39910,42.38,3.435,,,,,,128.6160645,7.224,281699.68,276279.49,284902.0725,2011,3,12,2
44,2011-04-01,0,281514.26,C,39910,42.49,3.487,,,,,,128.7199355,6.906,285031.81,286197.5,286303.0425,2011,4,13,2
44,2011-04-08,0,292498.61,C,39910,42.75,3.547,,,,,,128.8238065,6.906,281514.26,257361.3,283185.47250000003,2011,4,14,2
44,2011-04-15,0,289667.55,C,39910,41.72,3.616,,,,,,128.9107333,6.906,292498.61,280048.74,285186.08999999997,2011,4,15,2
44,2011-04-22,0,280357.3,C,39910,47.55,3.655,,,,,,128.9553,6.906,289667.55,278287.04,287178.0575,2011,4,16,2
44,2011-04-29,0,281247.97000000003,C,39910,43.85,3.683,,,,,,128.9998667,6.906,280357.3,272997.65,286009.43,2011,4,17,2
44,2011-05-06,0,299354.67,C,39910,47.75,3.744,,,,,,129.0444333,6.906,281247.97000000003,285379.86,285942.8575,2011,5,18,2
44,2011-05-13,0,307095.31,C,39910,52.4,3.77,,,,,,129.089,6.906,299354.67,286515.92,287656.8725,2011,5,19,2
44,2011-05-20,0,303559.23,C,39910,52.12,3.802,,,,,,129.0756774,6.906,307095.31,267065.35,292013.8125,2011,5,20,2
44,2011-05-27,0,308442.49,C,39910,54.62,3.778,,,,,,129.0623548,6.906,303559.23,291891.01,297814.295,2011,5,21,2
44,2011-06-03,0,308950.04,C,39910,52.76,3.752,,,,,,129.0490323,6.906,308442.49,282351.82,304612.925,2011,6,22,2
44,2011-06-10,0,308770.42,C,39910,61.39,3.732,,,,,,129.0357097,6.906,308950.04,296818.2,307011.76749999996,2011,6,23,2
44,2011-06-17,0,300255.87,C,39910,63.35,3.704,,,,,,129.0432,6.906,308770.42,293481.36,307430.545,2011,6,24,2
44,2011-06-24,0,296765.59,C,39910,66.38,3.668,,,,,,129.0663,6.906,300255.87,288247.24,306604.70499999996,2011,6,25,2
44,2011-07-01,0,315273.08,C,39910,74.29,3.613,,,,,,129.0894,6.56,296765.59,300628.19,303685.48,2011,7,26,2
44,2011-07-08,0,295339.01,C,39910,77.3,3.563,,,,,,129.1125,6.56,315273.08,280472.78,305266.24,2011,7,27,2
44,2011-07-15,0,289201.21,C,39910,75.59,3.553,,,,,,129.1338387,6.56,295339.01,297099.95,301908.3875,2011,7,28,2
44,2011-07-22,0,303108.81,C,39910,78.5,3.563,,,,,,129.1507742,6.56,289201.21,292680.16,299144.72250000003,2011,7,29,2
44,2011-07-29,0,279677.0,C,39910,77.62,3.574,,,,,,129.1677097,6.56,303108.81,275020.96,300730.5275,2011,7,30,2
44,2011-08-05,0,298080.45,C,39910,75.56,3.595,,,,,,129.1846452,6.56,279677.0,296804.49,291831.5075,2011,8,31,2
44,2011-08-12,0,290399.66,C,39910,75.95,3.606,,,,,,129.2015806,6.56,298080.45,291028.08999999997,292516.8675,2011,8,32,2
44,2011-08-19,0,290909.69,C,39910,76.68,3.578,,,,,,129.2405806,6.56,290399.66,284740.5,292816.48,2011,8,33,2
44,2011-08-26,0,324174.79,C,39910,81.53,3.57,,,,,,129.2832581,6.56,290909.69,293155.08,289766.69999999995,2011,8,34,2
44,2011-09-02,0,309543.52,C,39910,77.0,3.58,,,,,,129.3259355,6.56,324174.79,295880.12,300891.14749999996,2011,9,35,2
44,2011-09-09,1,295811.25,C,39910,70.19,3.619,,,,,,129.3686129,6.56,309543.52,283455.13,303756.915,2011,9,36,2
44,2011-09-16,0,303974.28,C,39910,67.54,3.641,,,,,,129.4306,6.56,295811.25,279364.13,305109.8125,2011,9,37,2
44,2011-09-23,0,307409.13,C,39910,63.6,3.648,,,,,,129.5183333,6.56,303974.28,281313.77999999997,308375.96,2011,9,38,2
44,2011-09-30,0,299757.75,C,39910,68.28,3.623,,,,,,129.6060667,6.56,307409.13,300152.45,304184.545,2011,9,39,2
44,2011-10-07,0,312577.36,C,39910,60.62,3.592,,,,,,129.6938,6.078,299757.75,279524.44,301738.1025,2011,10,40,2
44,2011-10-14,0,293031.78,C,39910,51.74,3.567,,,,,,129.7706452,6.078,312577.36,268708.43,305929.63,2011,10,41,2
44,2011-10-21,0,305969.81,C,39910,54.66,3.579,,,,,,129.7821613,6.078,293031.78,270110.3,303194.005,2011,10,42,2
44,2011-10-28,0,306336.07,C,39910,47.41,3.567,,,,,,129.7936774,6.078,305969.81,286497.49,302834.17500000005,2011,10,43,2
44,2011-11-04,0,307126.34,C,39910,43.51,3.538,,,,,,129.8051935,6.078,306336.07,270516.84,304478.755,2011,11,44,2
44,2011-11-11,0,312233.56,C,39910,33.8,3.513,48.84,224.31,4.29,,778.47,129.8167097,6.078,307126.34,281909.79,303116.0,2011,11,45,2
44,2011-11-18,0,310531.04,C,39910,40.65,3.489,861.43,,,,940.29,129.8268333,6.078,312233.56,284322.52,307916.445,2011,11,46,2
44,2011-11-25,1,309129.01,C,39910,38.89,3.445,,,,,256.45,129.8364,6.078,310531.04,307646.5,309056.7525,2011,11,47,2
44,2011-12-02,0,284309.34,C,39910,33.94,3.389,60.0,,4.23,,1185.19,129.8459667,6.078,309129.01,264214.12,309754.9875,2011,12,48,2
44,2011-12-09,0,304300.91,C,39910,24.82,3.341,,,0.47,,441.57,129.8555333,6.078,284309.34,278253.28,304050.7375,2011,12,49,2
44,2011-12-16,0,311144.16,C,39910,27.85,3.282,29.4,,6.75,,1041.62,129.8980645,6.078,304300.91,278646.35,302067.57499999995,2011,12,50,2
44,2011-12-23,0,376233.89,C,39910,24.76,3.186,38.0,,,,746.84,129.9845484,6.078,311144.16,365098.24,302220.855,2011,12,51,2
44,2011-12-30,1,263917.85,C,39910,31.53,3.119,409.92,1566.42,,17.64,153.9,130.0710323,6.078,376233.89,241937.11000000002,318997.075,2011,12,52,2
44,2012-01-06,0,325327.93,C,39910,33.8,3.08,1.94,51.41,54.05,,809.1,130.1575161,5.774,263917.85,288320.38,313899.20249999996,2012,1,1,2
44,2012-01-13,0,312361.88,C,39910,25.61,3.056,1074.17,27.6,48.39,,545.15,130.244,5.774,325327.93,292859.36,319155.9575,2012,1,2,2
44,2012-01-20,0,316948.39,C,39910,32.71,3.047,378.2,22.42,66.0,,481.09,130.2792258,5.774,312361.88,276157.8,319460.3875,2012,1,3,2
44,2012-01-27,0,308295.38,C,39910,34.32,3.058,17.76,12.28,63.36,,224.86,130.3144516,5.774,316948.39,276011.4,304639.01249999995,2012,1,4,2
44,2012-02-03,0,325986.05,C,39910,31.39,3.077,1518.53,4.0,77.54,,1177.48,130.3496774,5.774,308295.38,293953.08,315733.395,2012,2,5,2
44,2012-02-10,1,325377.97000000003,C,39910,33.73,3.116,2463.16,11.5,76.33,,1635.49,130.3849032,5.774,325986.05,307486.73,315897.925,2012,2,6,2
44,2012-02-17,0,320691.21,C,39910,36.57,3.119,98.16,1080.01,17.6,,2583.41,130.4546207,5.774,325377.97000000003,280785.76,319151.9475,2012,2,7,2
44,2012-02-24,0,315641.8,C,39910,35.38,3.145,270.59,18.53,,,1148.17,130.5502069,5.774,320691.21,279427.93,320087.6525,2012,2,8,2
44,2012-03-02,0,316687.22000000003,C,39910,32.36,3.242,611.06,,3.39,59.19,925.79,130.6457931,5.774,315641.8,293984.54,321924.2575,2012,3,9,2
44,2012-03-09,0,303438.24,C,39910,38.24,3.38,2456.13,1.5,0.49,28.06,691.4,130.7413793,5.774,316687.22000000003,284496.14,319599.55,2012,3,10,2
44,2012-03-16,0,331965.95,C,39910,52.5,3.529,260.7,,0.99,,469.46,130.8261935,5.774,303438.24,281699.68,314114.6175,2012,3,11,2
44,2012-03-23,0,296947.06,C,39910,47.83,3.671,347.09,3.0,0.34,,303.08,130.8966452,5.774,331965.95,285031.81,316933.3025,2012,3,12,2
44,2012-03-30,0,310027.29,C,39910,53.2,3.734,87.86,,,2.36,1215.48,130.9670968,5.774,296947.06,281514.26,312259.6175,2012,3,13,2
44,2012-04-06,0,320021.1,C,39910,48.85,3.793,253.38,,11.76,,512.25,131.0375484,5.621,310027.29,292498.61,310594.635,2012,4,14,2
44,2012-04-13,0,311390.22,C,39910,51.7,3.833,16.49,1118.27,18.08,,1460.89,131.108,5.621,320021.1,289667.55,314740.35,2012,4,15,2
44,2012-04-20,0,323233.8,C,39910,50.24,3.845,58.34,0.73,7.7,,402.9,131.1173333,5.621,311390.22,280357.3,309596.4175,2012,4,16,2
44,2012-04-27,0,330338.36,C,39910,64.8,3.842,2489.9,,3.98,16.6,821.26,131.1266667,5.621,323233.8,281247.97000000003,316168.1025,2012,4,17,2
45,2011-02-04,0,759442.33,B,118221,28.73,3.231,,,,,,183.4408542,8.549,617207.58,890689.51,648941.5525,2011,2,5,1
45,2011-02-11,1,766456.0,B,118221,30.3,3.239,,,,,,183.7016129,8.549,759442.33,656988.64,668738.5475,2011,2,6,1
45,2011-02-18,0,802253.41,B,118221,40.7,3.245,,,,,,183.9371353,8.549,766456.0,841264.04,696847.8099999999,2011,2,7,1
45,2011-02-25,0,733716.78,B,118221,35.78,3.274,,,,,,184.1625632,8.549,802253.41,741891.65,736339.83,2011,2,8,1
45,2011-03-04,0,761880.36,B,118221,38.65,3.433,,,,,,184.3879911,8.549,733716.78,777951.22,765467.1300000001,2011,3,9,1
45,2011-03-11,0,714014.73,B,118221,45.01,3.582,,,,,,184.613419,8.549,761880.36,765687.4199999999,766076.6375000001,2011,3,10,1
45,2011-03-18,0,733564.77,B,118221,46.66,3.631,,,,,,184.809719,8.549,714014.73,773819.49,752966.3200000001,2011,3,11,1
45,2011-03-25,0,719737.25,B,118221,41.76,3.625,,,,,,184.9943679,8.549,733564.77,782563.38,735794.16,2011,3,12,1
45,2011-04-01,0,712425.76,B,118221,37.27,3.638,,,,,,185.1790167,8.521,719737.25,877235.96,732299.2775000001,2011,4,13,1
45,2011-04-08,0,750182.71,B,118221,48.71,3.72,,,,,,185.3636656,8.521,712425.76,833782.7000000001,719935.6275,2011,4,14,1
45,2011-04-15,0,765270.02,B,118221,53.69,3.821,,,,,,185.5339821,8.521,750182.71,782221.96,728977.6224999999,2011,4,15,1
45,2011-04-22,0,813630.44,B,118221,53.04,3.892,,,,,,185.6684673,8.521,765270.02,749779.1,736903.9349999999,2011,4,16,1
45,2011-04-29,0,786561.61,B,118221,66.18,3.962,,,,,,185.8029526,8.521,813630.44,737265.57,760377.2324999999,2011,4,17,1
45,2011-05-06,0,810150.64,B,118221,58.21,4.046,,,,,,185.9374378,8.521,786561.61,812190.76,778911.1950000001,2011,5,18,1
45,2011-05-13,0,793889.1,B,118221,60.38,4.066,,,,,,186.0719231,8.521,810150.64,758182.2,793903.1775,2011,5,19,1
45,2011-05-20,0,727163.67,B,118221,62.28,4.062,,,,,,185.9661154,8.521,793889.1,747888.25,801057.9475,2011,5,20,1
45,2011-05-27,0,817653.25,B,118221,69.7,3.985,,,,,,185.8603077,8.521,727163.67,801098.43,779441.255,2011,5,21,1
45,2011-06-03,0,877423.45,B,118221,76.38,3.922,,,,,,185.7545,8.521,817653.25,837548.62,787214.165,2011,6,22,1
45,2011-06-10,0,814395.17,B,118221,73.88,3.881,,,,,,185.6486923,8.521,877423.45,794698.77,804032.3675,2011,6,23,1
45,2011-06-17,0,811153.67,B,118221,69.32,3.842,,,,,,185.6719333,8.521,814395.17,815130.5,809158.885,2011,6,24,1
45,2011-06-24,0,762861.78,B,118221,74.85,3.804,,,,,,185.7919609,8.521,811153.67,792299.15,830156.385,2011,6,25,1
45,2011-07-01,0,791495.25,B,118221,74.04,3.748,,,,,,185.9119885,8.625,762861.78,800147.84,816458.5175000001,2011,7,26,1
45,2011-07-08,0,768718.11,B,118221,77.49,3.711,,,,,,186.032016,8.625,791495.25,787062.0,794976.4675,2011,7,27,1
45,2011-07-15,0,748435.2,B,118221,78.47,3.76,,,,,,186.1399808,8.625,768718.11,723708.99,783557.2025,2011,7,28,1
45,2011-07-22,0,741625.25,B,118221,82.33,3.811,,,,,,186.2177885,8.625,748435.2,714601.11,767877.585,2011,7,29,1
45,2011-07-29,0,704680.97,B,118221,81.31,3.829,,,,,,186.2955962,8.625,741625.25,716859.27,762568.4524999999,2011,7,30,1
45,2011-08-05,0,765996.92,B,118221,78.22,3.842,,,,,,186.3734038,8.625,704680.97,746517.3200000001,740864.8825,2011,8,31,1
45,2011-08-12,0,724180.89,B,118221,77.0,3.812,,,,,,186.4512115,8.625,765996.92,722262.21,740184.585,2011,8,32,1
45,2011-08-19,0,712362.72,B,118221,72.98,3.747,,,,,,186.5093071,8.625,724180.89,708568.29,734121.0075,2011,8,33,1
45,2011-08-26,0,833979.01,B,118221,72.55,3.704,,,,,,186.5641172,8.625,712362.72,721744.33,726805.375,2011,8,34,1
45,2011-09-02,0,726482.39,B,118221,70.63,3.703,,,,,,186.6189274,8.625,833979.01,790144.7,759129.885,2011,9,35,1
45,2011-09-09,1,746129.56,B,118221,71.48,3.738,,,,,,186.6737376,8.625,726482.39,721460.22,749251.2525000001,2011,9,36,1
45,2011-09-16,0,711367.56,B,118221,69.17,3.742,,,,,,186.8024,8.625,746129.56,716987.5800000001,754738.42,2011,9,37,1
45,2011-09-23,0,714106.42,B,118221,63.75,3.711,,,,,,187.0295321,8.625,711367.56,678228.58,754489.63,2011,9,38,1
45,2011-09-30,0,698986.34,B,118221,70.66,3.645,,,,,,187.2566641,8.625,714106.42,690007.76,724521.4825,2011,9,39,1
45,2011-10-07,0,753447.05,B,118221,55.82,3.583,,,,,,187.4837962,8.523,698986.34,745782.1,717647.47,2011,10,40,1
45,2011-10-14,0,720946.99,B,118221,63.82,3.541,,,,,,187.6917481,8.523,753447.05,715263.3,719476.8425,2011,10,41,1
45,2011-10-21,0,771686.4,B,118221,59.6,3.57,,,,,,187.7846197,8.523,720946.99,730899.37,721871.7,2011,10,42,1
45,2011-10-28,0,781694.57,B,118221,51.78,3.569,,,,,,187.8774913,8.523,771686.4,732859.76,736266.6950000001,2011,10,43,1
45,2011-11-04,0,833429.22,B,118221,43.92,3.551,,,,,,187.9703629,8.523,781694.57,764014.0599999999,756943.7525000001,2011,11,44,1
45,2011-11-11,0,808624.8200000001,B,118221,47.65,3.53,23052.25,5449.62,189.24,3355.69,3864.6,188.0632345,8.523,833429.22,765648.93,776939.2949999999,2011,11,45,1
45,2011-11-18,0,773603.77,B,118221,51.34,3.53,4240.34,132.96,111.71,270.14,7073.0,188.1983654,8.523,808624.8200000001,723987.85,798858.7525000001,2011,11,46,1
45,2011-11-25,1,1170672.94,B,118221,48.71,3.492,140.87,384.82,26961.99,28.59,1110.12,188.3504,8.523,773603.77,1182500.16,799338.0950000001,2011,11,47,1
45,2011-12-02,0,875699.81,B,118221,50.19,3.452,6835.61,120.76,802.79,2490.15,17861.5,188.5024346,8.523,1170672.94,879244.9,896582.6875,2011,12,48,1
45,2011-12-09,0,957155.3099999999,B,118221,46.57,3.415,6176.69,2.87,379.57,1593.44,10170.5,188.6544692,8.523,875699.81,1002364.34,907150.3350000001,2011,12,49,1
45,2011-12-16,0,1078905.68,B,118221,39.93,3.413,4631.26,8.92,801.34,848.33,2757.82,188.7979349,8.523,957155.3099999999,1123282.85,944282.9575,2011,12,50,1
45,2011-12-23,0,1521957.99,B,118221,42.27,3.389,797.1,89.14,1962.19,17.0,2985.51,188.9299752,8.523,1078905.68,1682862.03,1020608.4349999999,2011,12,51,1
45,2011-12-30,1,869403.63,B,118221,37.79,3.389,3604.35,43941.56,287.45,357.43,750.01,189.0620155,8.523,1521957.99,679156.2,1108429.6975,2011,12,52,1
45,2012-01-06,0,714081.0499999999,B,118221,35.88,3.422,7328.14,33378.79,34.6,1198.48,6819.1,189.1940558,8.424,869403.63,680254.35,1106855.6524999999,2012,1,1,1
45,2012-01-13,0,676615.53,B,118221,41.18,3.513,3489.73,11219.72,0.92,489.07,9596.29,189.3260962,8.424,714081.0499999999,654018.9500000001,1046087.0874999999,2012,1,2,1
45,2012-01-20,0,700392.21,B,118221,31.85,3.533,3205.9,4038.51,2.19,488.63,2344.09,189.4214733,8.424,676615.53,644285.33,945514.55,2012,1,3,1
45,2012-01-27,0,624081.64,B,118221,37.93,3.567,1890.49,2618.49,,139.07,5692.74,189.5168505,8.424,700392.21,617207.58,740123.105,2012,1,4,1
45,2012-02-03,0,757330.95,B,118221,42.96,3.617,35348.47,4373.64,21.05,38157.91,5908.5,189.6122277,8.424,624081.64,759442.33,678792.6074999999,2012,2,5,1
45,2012-02-10,1,803657.12,B,118221,37.0,3.64,15760.3,6113.95,5.43,5656.35,4685.58,189.7076048,8.424,757330.95,766456.0,689605.0825,2012,2,6,1
45,2012-02-17,0,858853.75,B,118221,36.85,3.695,8683.43,7421.99,1.76,9084.92,1995.22,189.8424834,8.424,803657.12,802253.41,721365.48,2012,2,7,1
45,2012-02-24,0,753060.78,B,118221,42.86,3.739,9006.21,5786.94,2.0,4291.22,7626.46,190.0069881,8.424,858853.75,733716.78,760980.865,2012,2,8,1
45,2012-03-02,0,782796.01,B,118221,41.55,3.816,22832.38,2515.25,4.0,13317.88,2560.48,190.1714927,8.424,753060.78,761880.36,793225.6499999999,2012,3,9,1
45,2012-03-09,0,776968.87,B,118221,45.52,3.848,11139.34,678.08,1.99,3267.21,4971.47,190.3359973,8.424,782796.01,714014.73,799591.915,2012,3,10,1
45,2012-03-16,0,788340.23,B,118221,50.56,3.862,5811.44,375.7,3.69,3444.05,2706.47,190.4618964,8.424,776968.87,733564.77,792919.8525,2012,3,11,1
45,2012-03-23,0,791835.37,B,118221,59.45,3.9,6296.25,334.42,4.56,873.47,1201.57,190.5363213,8.424,788340.23,719737.25,775291.4725,2012,3,12,1
45,2012-03-30,0,777254.06,B,118221,50.04,3.953,9866.15,206.18,3.25,1815.37,1561.56,190.6107463,8.424,791835.37,712425.76,784985.1200000001,2012,3,13,1
45,2012-04-06,0,899479.43,B,118221,49.73,3.996,13450.45,,26.59,3363.54,3962.01,190.6851712,8.567,777254.06,750182.71,783599.6325000001,2012,4,14,1
45,2012-04-13,0,781970.6,B,118221,51.83,4.044,4736.94,6047.12,16.68,1355.11,2246.12,190.7595962,8.567,899479.43,765270.02,814227.2725,2012,4,15,1
45,2012-04-20,0,776661.74,B,118221,63.13,4.027,9210.9,2667.05,6.25,970.33,2568.22,190.8138013,8.567,781970.6,813630.44,812634.865,2012,4,16,1
45,2012-04-27,0,711571.88,B,118221,53.2,4.004,2872.86,0.03,37.12,74.97,2495.29,190.8680064,8.567,776661.74,786561.61,808841.4575,2012,4,17,1
